lender,month_start,product_type,isautoleadcreated,major_index,original_major_stage,sub_stage,Leads,Stuck%
FULLERTON,1.MTD,Renewal,,7.11,KYC completed,SERVICEABILITY_REJECTED,187,
PIRAMAL,1.MTD,Renewal,,0,Total leads,LOM_OFFER_RANKING_REJECTED,22,
PIRAMAL,1.MTD,Fresh,,15.12,Lead closed,LENDING_CIF_SUBMIT_SUCCESS,2043,
FULLERTON,1.MTD,AD,,11.11,Mandate done,SETTLEMENT_BANK_VALIDATION_REQUIRED_V2,86,
FULLERTON,1.MTD,Fresh,,13.11,Submit to LMS,LMS_CALLBACK_REJECTED,57,
FULLERTON_BUREAU,1.MTD,Renewal,,12.25,Application submitted by user,SETTLEMENT_BANK_QC_DOC_RE_UPLOAD_REQUIRED,4,
MFL,1.MTD,Renewal,,10.1,Review submit,OFFER_SELECTED,190,
PIRAMAL,1.MTD,Fresh,,0,Total leads,INITIATE_BUREAU,1,
MFL,1.MTD,TOP UP,,11.21,Mandate done,PAN_QC_DOC_UPLOAD_REQUIRED,8,
PIRAMAL,1.MTD,TOP UP,,6.1,Selfie uploaded,KYC_SELFIE_REUPLOAD_REQUIRED,16,
MFL,1.MTD,Fresh,,14.12,Disbursed,BUSINESS_PROOF_QC_REQUIRED,41,
NACL,1.MTD,TOP UP,,6.08,Selfie uploaded,KYC_INITIATED,2084,
MFL,1.MTD,TOP UP,,11.27,Mandate done,KYB_FETCH_MPA_REQ,619,
SHRIRAM,1.MTD,Renewal,,1.1,Total leads,LEAD_RESET_IN_PROCESS,1153,
FULLERTON_BUREAU,1.MTD,Fresh,,1.16,Total leads,LOM_OFFER_RANKING_REQUEST_FAILURE,43,
PIRAMAL,1.MTD,Renewal,,6.13,Selfie uploaded,KYC_INITIATED,1206,
FULLERTON,1.MTD,Renewal,,11.21,Mandate done,GST_VERIFICATION_REQUEST_FAILURE_V2,7,
MFL,1.MTD,Renewal,,12.27,Application submitted by user,LOAN_APPLICATION_REJECTED,23,
MFL,1.MTD,Renewal,,0,Total leads,BANK_QC_DOC_RE_UPLOADED,2,
FULLERTON,1.MTD,TOP UP,,11.19,Mandate done,SETTLEMENT_BANK_QC_DOC_REQUIRED,24,
FULLERTON,1.MTD,TOP UP,,4.1,BRE1 completed,BRE1_SUCCESS,22193,
SHRIRAM,1.MTD,Renewal,,1.13,Total leads,INITIATE_LOM_LRE_MIGRATION,395,
PIRAMAL,1.MTD,Renewal,,4.12,BRE1 completed,OFFER_RANKING_INITIATED,920,
NACL,1.MTD,Fresh,,9.04,Disbursal acc verified,BUSINESS_PROOF_DOCUMENT_UPLOAD_SKIPPED,1326,
PIRAMAL,1.MTD,BT,,6.11,Selfie uploaded,LIS_CREATE_APPLICATION_REQUEST_FAILURE,2,
SHRIRAM,1.MTD,Renewal,,11.18,Mandate done,SETTLEMENT_BANK_QC_DOC_REQUIRED,75,
PIRAMAL,1.MTD,Fresh,,6.1,Selfie uploaded,KYC_SELFIE_REUPLOAD_REQUIRED,88,
PIRAMAL,1.MTD,Fresh,,13.1,Submit to LMS,LMS_SUBMIT_APPLICATION_SUCCESS,1866,
MFL,1.MTD,Fresh,,12.3,Application submitted by user,LENDER_DOCUMENT_UPLOAD_INITIATED,415,
NACL,1.MTD,Renewal,,11.09,Mandate done,BUSINESS_PROOF_VERIFICATION_SUCCESS,106,
FULLERTON,1.MTD,Renewal,,1.13,Total leads,LOM_LRE_MIGRATION_INITIATED,1884,
NACL,1.MTD,Fresh,,12.07,Application submitted by user,QC_ACTION_PENDING,177,
NACL,1.MTD,Fresh,,12.09,Application submitted by user,RE_SUBMIT_SETTLEMENT_BANK,10,
PIRAMAL,1.MTD,Fresh,,12.1,Application submitted by user,PREDISBURSAL_INITIATED,1893,
FULLERTON,1.MTD,AD,,3.1,Bureau pull success,BUREAU_SUCCESS,293,
PIRAMAL,1.MTD,TOP UP,,12.11,Application submitted by user,PREDISBURSAL_SUCCESS,764,
FULLERTON,1.MTD,TOP UP,,0,Total leads,SERVICEABILITY_REQUEST_FAILURE,2,
PIRAMAL,1.MTD,BT,,15.1,Lead closed,LEAD_SUCCESSFULLY_CLOSED,425,
FULLERTON,2.LMTD,Renewal,,7.11,KYC completed,SERVICEABILITY_REJECTED,183,
PIRAMAL,2.LMTD,Renewal,,0,Total leads,LOM_OFFER_RANKING_REJECTED,14,
PIRAMAL,2.LMTD,Fresh,,15.12,Lead closed,LENDING_CIF_SUBMIT_SUCCESS,1903,
FULLERTON,2.LMTD,AD,,11.11,Mandate done,SETTLEMENT_BANK_VALIDATION_REQUIRED_V2,218,
FULLERTON,2.LMTD,Fresh,,13.11,Submit to LMS,LMS_CALLBACK_REJECTED,80,
FULLERTON_BUREAU,2.LMTD,Renewal,,12.25,Application submitted by user,SETTLEMENT_BANK_QC_DOC_RE_UPLOAD_REQUIRED,4,
MFL,2.LMTD,Renewal,,10.1,Review submit,OFFER_SELECTED,222,
MFL,2.LMTD,TOP UP,,11.21,Mandate done,PAN_QC_DOC_UPLOAD_REQUIRED,7,
PIRAMAL,2.LMTD,TOP UP,,6.1,Selfie uploaded,KYC_SELFIE_REUPLOAD_REQUIRED,30,
MFL,2.LMTD,Fresh,,14.12,Disbursed,BUSINESS_PROOF_QC_REQUIRED,23,
NACL,2.LMTD,TOP UP,,6.08,Selfie uploaded,KYC_INITIATED,1868,
MFL,2.LMTD,TOP UP,,11.27,Mandate done,KYB_FETCH_MPA_REQ,505,
SHRIRAM,2.LMTD,Renewal,,1.1,Total leads,LEAD_RESET_IN_PROCESS,272,
PIRAMAL,2.LMTD,Renewal,,6.13,Selfie uploaded,KYC_INITIATED,1192,
MFL,2.LMTD,Renewal,,12.27,Application submitted by user,LOAN_APPLICATION_REJECTED,5,
NACL,2.LMTD,TOP UP,,12.3,Application submitted by user,LOAN_APPLICATION_ON_HOLD,1,
MFL,2.LMTD,Renewal,,0,Total leads,BANK_QC_DOC_RE_UPLOADED,14,
FULLERTON,2.LMTD,TOP UP,,11.19,Mandate done,SETTLEMENT_BANK_QC_DOC_REQUIRED,26,
FULLERTON,2.LMTD,TOP UP,,4.1,BRE1 completed,BRE1_SUCCESS,25567,
SHRIRAM,2.LMTD,Renewal,,1.13,Total leads,INITIATE_LOM_LRE_MIGRATION,269,
PIRAMAL,2.LMTD,Renewal,,4.12,BRE1 completed,OFFER_RANKING_INITIATED,747,
NACL,2.LMTD,Fresh,,9.04,Disbursal acc verified,BUSINESS_PROOF_DOCUMENT_UPLOAD_SKIPPED,1459,
SHRIRAM,2.LMTD,Renewal,,11.18,Mandate done,SETTLEMENT_BANK_QC_DOC_REQUIRED,61,
PIRAMAL,2.LMTD,Fresh,,6.1,Selfie uploaded,KYC_SELFIE_REUPLOAD_REQUIRED,114,
PIRAMAL,2.LMTD,Fresh,,13.1,Submit to LMS,LMS_SUBMIT_APPLICATION_SUCCESS,2005,
MFL,2.LMTD,Fresh,,12.3,Application submitted by user,LENDER_DOCUMENT_UPLOAD_INITIATED,413,
NACL,2.LMTD,Renewal,,11.09,Mandate done,BUSINESS_PROOF_VERIFICATION_SUCCESS,62,
FULLERTON,2.LMTD,Renewal,,1.13,Total leads,LOM_LRE_MIGRATION_INITIATED,1227,
NACL,2.LMTD,Fresh,,12.07,Application submitted by user,QC_ACTION_PENDING,161,
NACL,2.LMTD,Fresh,,12.09,Application submitted by user,RE_SUBMIT_SETTLEMENT_BANK,7,
PIRAMAL,2.LMTD,Fresh,,12.1,Application submitted by user,PREDISBURSAL_INITIATED,2215,
FULLERTON,2.LMTD,AD,,3.1,Bureau pull success,BUREAU_SUCCESS,768,
NACL,2.LMTD,TOP UP,,7.03,KYC completed,SERVICEABILITY_REJECTED,1,
PIRAMAL,2.LMTD,TOP UP,,12.11,Application submitted by user,PREDISBURSAL_SUCCESS,1053,
PIRAMAL,2.LMTD,BT,,15.1,Lead closed,LEAD_SUCCESSFULLY_CLOSED,265,
PIRAMAL,1.MTD,TOP UP,,0,Total leads,SETTLEMENT_BANK_QC_DOC_UPLOADED,2,
MFL,1.MTD,TOP UP,,11.15,Mandate done,LENDER_ACCEPT_OFFER_INITIATED,1352,
FULLERTON,1.MTD,Fresh,,12.52,Application submitted by user,LENDER_LIMIT_ENHANCEMENT_SUCCESS,49,
FULLERTON_BUREAU,1.MTD,Renewal,,12.38,Application submitted by user,BUSINESS_APPROVAL_AWAITED,7,
MFL,1.MTD,Fresh,,14.16,Disbursed,UDYAM_VALIDATION_PENDING,182,
FULLERTON,1.MTD,TOP UP,,12.22,Application submitted by user,PAN_QC_DOC_RE_UPLOADED,6,
PIRAMAL,1.MTD,Fresh,,12.26,Application submitted by user,LOAN_APPLICATION_ON_HOLD,40,
MFL,1.MTD,TOP UP,,11.22,Mandate done,PAN_QC_DOC_UPLOADED,8,
NACL,1.MTD,Renewal,,12.29,Application submitted by user,BUSINESS_APPROVAL_AWAITED,30,
FULLERTON,1.MTD,AD,,2.22,Workable leads,BUREAU_INITIATED,197,
PIRAMAL,1.MTD,Renewal,,12.14,Application submitted by user,QC_ACTION_PENDING,53,
NACL,1.MTD,Renewal,,15.01,Lead closed,LEAD_SUCCESSFULLY_CLOSED,681,
PIRAMAL,1.MTD,Fresh,,8.15,BRE2 completed,BANK_VERIFICATION_FAILURE,23,
MFL,1.MTD,Renewal,,6.14,Selfie uploaded,LENDER_CREATE_APPLICATION_SUCCESS,308,
SHRIRAM,1.MTD,Renewal,,12.2,Application submitted by user,BANK_QC_DOC_RE_UPLOAD_REQUIRED,6,
FULLERTON,1.MTD,Fresh,,10.11,Review submit,LUP_CREATION_SUCCESS,8483,
NACL,1.MTD,Renewal,,6.03,Selfie uploaded,LENDER_CREATE_APPLICATION_INITIATED,1841,
MFL,1.MTD,Fresh,,0,Total leads,PAN_QC_DOC_RE_UPLOAD_REQUIRED,3,
MFL,1.MTD,TOP UP,,9.1,Disbursal acc verified,BANKING_ACTION_DONE,1821,
FULLERTON,1.MTD,TOP UP,,12.17,Application submitted by user,QC_ACTION_PENDING,524,
FULLERTON_BUREAU,1.MTD,Fresh,,8.16,BRE2 completed,BANK_VALIDATION_FAILURE2,1,
MFL,1.MTD,TOP UP,,14.2,Disbursed,LENDING_CIF_UPDATE_SUCCESS,551,
NACL,1.MTD,TOP UP,,12.49,Application submitted by user,LENDER_MVR_SHARING_SUCCESS,683,
PIRAMAL,1.MTD,TOP UP,,10.12,Review submit,LUP_CREATION_FAILURE,2,
NACL,1.MTD,Renewal,,6.06,Selfie uploaded,INITIATE_KYC,1810,
NACL,1.MTD,Fresh,,11.16,Mandate done,BANK_QC_DOC_UPLOADED,54,
NACL,1.MTD,TOP UP,,12.45,Application submitted by user,LENDER_MVR_SHARING_INIT_FAILURE,200,
PIRAMAL,1.MTD,BT,,0,Total leads,SETTLEMENT_BANK_QC_DOC_RE_UPLOADED,13,
MFL,1.MTD,Renewal,,12.32,Application submitted by user,LENDER_DOCUMENT_UPLOAD_SUCCESS,176,
PIRAMAL,1.MTD,TOP UP,,0,Total leads,BANK_VALIDATION_FAILURE2,4,
FULLERTON,1.MTD,TOP UP,,0,Total leads,LUP_CREATION_FAILURE,10,
FULLERTON,1.MTD,Fresh,,12.14,Application submitted by user,UDYAM_VALIDATION_FAILURE,163,
PIRAMAL,1.MTD,Fresh,,10.1,Review submit,LOAN_AGREEMENT_SUCCESS,2079,
FULLERTON,1.MTD,TOP UP,,11.13,Mandate done,SETTLEMENT_BANK_VALIDATION_SUCCESS_V2,11362,
MFL,1.MTD,TOP UP,,10.11,Review submit,BUSINESS_PROOF_VERIFICATION_REQUIRED,1515,
MFL,1.MTD,TOP UP,,11.25,Mandate done,SETTLEMENT_BANK_QC_DOC_REQUIRED,3,
NACL,1.MTD,Fresh,,6.08,Selfie uploaded,KYC_INITIATED,3192,
PIRAMAL,1.MTD,BT,,8.18,BRE2 completed,BANK_VERIFICATION_FAILURE,10,
PIRAMAL,1.MTD,TOP UP,,12.12,Application submitted by user,PREDISBURSAL_FAILED,4,
SHRIRAM,1.MTD,Fresh,,7.1,KYC completed,KYC_COMPLETED,5414,
FULLERTON_BUREAU,1.MTD,Renewal,,0,Total leads,LUP_CREATION_FAILURE,2,
PIRAMAL,1.MTD,Fresh,,0,Total leads,BANK_VALIDATION_FAILURE2,5,
FULLERTON,1.MTD,Fresh,,3.18,Bureau pull success,LENDER_UPDATE_INITIATED,22,
FULLERTON,1.MTD,Renewal,,2.21,Workable leads,INITIATE_BUREAU,18,
FULLERTON_BUREAU,1.MTD,Fresh,,11.16,Mandate done,BANK_QC_DOC_UPLOAD_REQUIRED,75,
FULLERTON,1.MTD,AD,,6.12,Selfie uploaded,KYC_INITIATED,182,
MFL,1.MTD,TOP UP,,10.12,Review submit,UDYAM_VALIDATION_FAILURE,1099,
FULLERTON,1.MTD,Fresh,,12.11,Application submitted by user,BUSINESS_PROOF_DOCUMENT_UPLOAD_SKIPPED,7182,
FULLERTON_BUREAU,1.MTD,Fresh,,13.11,Submit to LMS,LMS_CALLBACK_REJECTED,31,
MFL,1.MTD,TOP UP,,6.12,Selfie uploaded,LENDER_CREATE_APPLICATION_INITIATED,2184,
FULLERTON,1.MTD,TOP UP,,14.19,Disbursed,LENDING_CIF_UPDATE_SUCCESS,6161,
PIRAMAL,1.MTD,Fresh,,14.1,Disbursed,LMS_CALLBACK_SUCCESS,2043,
FULLERTON,1.MTD,Fresh,,12.22,Application submitted by user,PAN_QC_DOC_RE_UPLOADED,20,
PIRAMAL,1.MTD,BT,,4.1,BRE1 completed,BRE1_SUCCESS,4729,
MFL,1.MTD,Renewal,,12.33,Application submitted by user,LUP_CREATION_SUCCESS,174,
MFL,1.MTD,Fresh,,12.12,Application submitted by user,LENDER_UPDATE_APPLICATION_INITIATED,355,
FULLERTON_BUREAU,1.MTD,Renewal,,1.12,Total leads,INITIATE_LOM_LRE_MIGRATION,1766,
FULLERTON,2.LMTD,AD,,12.23,Application submitted by user,BANK_QC_DOC_RE_UPLOAD_REQUIRED,1,
MFL,2.LMTD,TOP UP,,11.15,Mandate done,LENDER_ACCEPT_OFFER_INITIATED,864,
FULLERTON,2.LMTD,Fresh,,12.52,Application submitted by user,LENDER_LIMIT_ENHANCEMENT_SUCCESS,620,
FULLERTON,2.LMTD,Fresh,,2.2800000000000002,Workable leads,BUREAU_ERROR,2,
FULLERTON_BUREAU,2.LMTD,Renewal,,12.38,Application submitted by user,BUSINESS_APPROVAL_AWAITED,10,
MFL,2.LMTD,Fresh,,14.16,Disbursed,UDYAM_VALIDATION_PENDING,93,
FULLERTON,2.LMTD,TOP UP,,12.22,Application submitted by user,PAN_QC_DOC_RE_UPLOADED,13,
PIRAMAL,2.LMTD,Fresh,,12.26,Application submitted by user,LOAN_APPLICATION_ON_HOLD,77,
PIRAMAL,2.LMTD,Fresh,,2.11,Workable leads,PAN_DEDUPE_FAILED,1,
MFL,2.LMTD,TOP UP,,11.22,Mandate done,PAN_QC_DOC_UPLOADED,7,
NACL,2.LMTD,Renewal,,12.29,Application submitted by user,BUSINESS_APPROVAL_AWAITED,30,
FULLERTON,2.LMTD,AD,,2.22,Workable leads,BUREAU_INITIATED,476,
PIRAMAL,2.LMTD,Renewal,,12.14,Application submitted by user,QC_ACTION_PENDING,70,
NACL,2.LMTD,Renewal,,15.01,Lead closed,LEAD_SUCCESSFULLY_CLOSED,313,
PIRAMAL,2.LMTD,Fresh,,8.15,BRE2 completed,BANK_VERIFICATION_FAILURE,75,
MFL,2.LMTD,Renewal,,6.14,Selfie uploaded,LENDER_CREATE_APPLICATION_SUCCESS,386,
SHRIRAM,2.LMTD,Renewal,,12.2,Application submitted by user,BANK_QC_DOC_RE_UPLOAD_REQUIRED,9,
FULLERTON,2.LMTD,Fresh,,10.11,Review submit,LUP_CREATION_SUCCESS,8539,
NACL,2.LMTD,Renewal,,6.03,Selfie uploaded,LENDER_CREATE_APPLICATION_INITIATED,1605,
MFL,2.LMTD,Fresh,,0,Total leads,PAN_QC_DOC_RE_UPLOAD_REQUIRED,4,
MFL,2.LMTD,TOP UP,,9.1,Disbursal acc verified,BANKING_ACTION_DONE,1159,
FULLERTON,2.LMTD,TOP UP,,12.17,Application submitted by user,QC_ACTION_PENDING,528,
FULLERTON_BUREAU,2.LMTD,Fresh,,8.16,BRE2 completed,BANK_VALIDATION_FAILURE2,2,
MFL,2.LMTD,TOP UP,,14.2,Disbursed,LENDING_CIF_UPDATE_SUCCESS,207,
NACL,2.LMTD,TOP UP,,12.49,Application submitted by user,LENDER_MVR_SHARING_SUCCESS,797,
NACL,2.LMTD,Renewal,,6.06,Selfie uploaded,INITIATE_KYC,1563,
NACL,2.LMTD,Fresh,,11.16,Mandate done,BANK_QC_DOC_UPLOADED,40,
NACL,2.LMTD,TOP UP,,12.45,Application submitted by user,LENDER_MVR_SHARING_INIT_FAILURE,132,
MFL,2.LMTD,Renewal,,12.32,Application submitted by user,LENDER_DOCUMENT_UPLOAD_SUCCESS,149,
PIRAMAL,2.LMTD,TOP UP,,0,Total leads,BANK_VALIDATION_FAILURE2,3,
FULLERTON,2.LMTD,Fresh,,12.14,Application submitted by user,UDYAM_VALIDATION_FAILURE,154,
PIRAMAL,2.LMTD,Fresh,,10.1,Review submit,LOAN_AGREEMENT_SUCCESS,2594,
FULLERTON,2.LMTD,TOP UP,,11.13,Mandate done,SETTLEMENT_BANK_VALIDATION_SUCCESS_V2,11947,
MFL,2.LMTD,TOP UP,,10.11,Review submit,BUSINESS_PROOF_VERIFICATION_REQUIRED,947,
MFL,2.LMTD,TOP UP,,11.25,Mandate done,SETTLEMENT_BANK_QC_DOC_REQUIRED,1,
NACL,2.LMTD,Fresh,,6.08,Selfie uploaded,KYC_INITIATED,3073,
PIRAMAL,2.LMTD,BT,,8.18,BRE2 completed,BANK_VERIFICATION_FAILURE,2,
PIRAMAL,2.LMTD,TOP UP,,12.12,Application submitted by user,PREDISBURSAL_FAILED,42,
SHRIRAM,2.LMTD,Fresh,,7.1,KYC completed,KYC_COMPLETED,4374,
PIRAMAL,2.LMTD,Fresh,,0,Total leads,BANK_VALIDATION_FAILURE2,7,
FULLERTON,2.LMTD,Fresh,,3.18,Bureau pull success,LENDER_UPDATE_INITIATED,18,
FULLERTON,2.LMTD,Renewal,,2.21,Workable leads,INITIATE_BUREAU,15,
FULLERTON_BUREAU,2.LMTD,Fresh,,11.16,Mandate done,BANK_QC_DOC_UPLOAD_REQUIRED,52,
FULLERTON,2.LMTD,AD,,6.12,Selfie uploaded,KYC_INITIATED,399,
MFL,2.LMTD,TOP UP,,10.12,Review submit,UDYAM_VALIDATION_FAILURE,698,
FULLERTON,2.LMTD,Fresh,,12.11,Application submitted by user,BUSINESS_PROOF_DOCUMENT_UPLOAD_SKIPPED,7729,
FULLERTON_BUREAU,2.LMTD,Fresh,,13.11,Submit to LMS,LMS_CALLBACK_REJECTED,36,
MFL,2.LMTD,TOP UP,,6.12,Selfie uploaded,LENDER_CREATE_APPLICATION_INITIATED,1448,
NACL,2.LMTD,TOP UP,,12.38,Application submitted by user,LENDER_DOCUMENT_UPLOAD_FAILURE,1,
FULLERTON,2.LMTD,TOP UP,,14.19,Disbursed,LENDING_CIF_UPDATE_SUCCESS,5058,
PIRAMAL,2.LMTD,Fresh,,14.1,Disbursed,LMS_CALLBACK_SUCCESS,1903,
FULLERTON,2.LMTD,Fresh,,12.22,Application submitted by user,PAN_QC_DOC_RE_UPLOADED,50,
PIRAMAL,2.LMTD,BT,,4.1,BRE1 completed,BRE1_SUCCESS,1637,
MFL,2.LMTD,Renewal,,0,Total leads,MOB_TO_UDYAM_REQUEST_FAILURE,28,
MFL,2.LMTD,Renewal,,12.33,Application submitted by user,LUP_CREATION_SUCCESS,147,
MFL,2.LMTD,Fresh,,12.12,Application submitted by user,LENDER_UPDATE_APPLICATION_INITIATED,486,
PIRAMAL,2.LMTD,Renewal,,0,Total leads,LIS_CREATE_APPLICATION_REQUEST_FAILURE,1,
FULLERTON_BUREAU,2.LMTD,Renewal,,1.12,Total leads,INITIATE_LOM_LRE_MIGRATION,1552,
FULLERTON,1.MTD,Renewal,,1.12,Total leads,INITIATE_LOM_LRE_MIGRATION,1884,
PIRAMAL,1.MTD,BT,,1.12,Total leads,LOM_LRE_MIGRATION_INITIATED,18,
FULLERTON,1.MTD,Renewal,,11.1,Mandate done,EMANDATE_SUCCESS,2880,
FULLERTON,1.MTD,Fresh,,0,Total leads,LUP_CREATION_FAILURE,25,
FULLERTON,1.MTD,AD,,2.11,Workable leads,EMAIL_VERIFICATION_REQUIRED,1,
FULLERTON_BUREAU,1.MTD,Renewal,,12.53,Application submitted by user,LENDER_BANK_UPDATE_REQUEST_FAILURE,1,
PIRAMAL,1.MTD,Renewal,,11.17,Mandate done,BANK_QC_DOC_UPLOAD_REQUIRED,16,
FULLERTON,1.MTD,Fresh,,12.23,Application submitted by user,BANK_QC_DOC_RE_UPLOAD_REQUIRED,53,
MFL,1.MTD,TOP UP,,12.3,Application submitted by user,LENDER_DOCUMENT_UPLOAD_INITIATED,1282,
PIRAMAL,1.MTD,Fresh,,2.1,Workable leads,LEAD_CREATED,7231,
FULLERTON,1.MTD,Fresh,,7.12,KYC completed,SERVICEABILITY_ACCEPTED,14293,
NACL,1.MTD,Fresh,,12.1,Application submitted by user,SETTLEMENT_BANK_UPDATE_SUCCESS,8,
MFL,1.MTD,Renewal,,7.11,KYC completed,BRE2_REQUESTED,283,
PIRAMAL,1.MTD,BT,,12.51,Application submitted by user,PREDISBURSAL_SUCCESS,408,
PIRAMAL,1.MTD,BT,,5.12,Loan offer accepted,LEAD_CLOSURE_INITIATED,18,
NACL,1.MTD,Fresh,,0,Total leads,LENDER_CREATE_APPLICATION_INIT_FAILURE,1,
MFL,1.MTD,TOP UP,,11.26,Mandate done,SETTLEMENT_BANK_QC_DOC_UPLOADED,3,
NACL,1.MTD,Fresh,,12.21,Application submitted by user,PREDISBURSAL_INITIATED,1208,
PIRAMAL,1.MTD,Renewal,,12.18,Application submitted by user,LAS_DATA_VERIFICATION_REQUESTED,362,
NACL,1.MTD,Renewal,,12.37,Application submitted by user,LENDER_DOCUMENT_UPLOAD_INITIATED,848,
MFL,1.MTD,Fresh,,12.25,Application submitted by user,BUSINESS_APPROVAL_AWAITED,25,
FULLERTON,1.MTD,Renewal,,11.11,Mandate done,SETTLEMENT_BANK_VALIDATION_REQUIRED_V2,2880,
MFL,1.MTD,Fresh,,12.29,Application submitted by user,BUSINESS_APPROVAL_NOT_REQUIRED,342,
MFL,1.MTD,TOP UP,,11.19,Mandate done,MAQUETTE_FRAUD_CHECK_FAILURE,13,
PIRAMAL,1.MTD,Fresh,,4.11,BRE1 completed,LRE_FLOW_COMPLETED,7230,
PIRAMAL,1.MTD,Fresh,,10.13,Review submit,LUP_CREATION_SUCCESS,1867,
NACL,1.MTD,Renewal,,1.03,Total leads,LEAD_FAILURE,1104,
SHRIRAM,1.MTD,Renewal,,12.38,Application submitted by user,DIY_FI_DOC_UPLOADED,173,
MFL,1.MTD,Renewal,,9.1,Disbursal acc verified,BANKING_ACTION_DONE,195,
PIRAMAL,1.MTD,TOP UP,,5.13,Loan offer accepted,KYC_SELFIE_REQUIRED,2525,
FULLERTON,1.MTD,TOP UP,,7.15,KYC completed,BRE2_LOAN_OFFER_UPGRADED,1,
FULLERTON,1.MTD,Renewal,,7.12,KYC completed,SERVICEABILITY_ACCEPTED,4560,
PIRAMAL,1.MTD,TOP UP,,2.14,Workable leads,BUREAU_ALTERNATE_MOBILE_NUMBER_REQUIRED,4,
FULLERTON,1.MTD,AD,,12.47,Application submitted by user,LIS_SUBMIT_SUCCESS,83,
PIRAMAL,1.MTD,BT,,12.26,Application submitted by user,BANK_QC_DOC_RE_UPLOADED,2,
FULLERTON,1.MTD,Renewal,,12.42,Application submitted by user,LIS_DATA_UPDATE_FAILED,21,
SHRIRAM,1.MTD,Fresh,,12.2,Application submitted by user,BANK_QC_DOC_RE_UPLOAD_REQUIRED,21,
NACL,1.MTD,Renewal,,6.1,Selfie uploaded,KYC_SELFIE_REUPLOAD_REQUIRED,53,
FULLERTON,1.MTD,Renewal,,11.27,Mandate done,MOB_TO_UDYAM_NOT_FOUND_V2,1241,
FULLERTON,1.MTD,Fresh,,11.2,Mandate done,GST_VERIFICATION_REQUEST_FAILURE,4,
SHRIRAM,1.MTD,Fresh,,8.14,BRE2 completed,MAQUETTE_FRAUD_CHECK_FAILURE,81,
MFL,1.MTD,TOP UP,,12.33,Application submitted by user,LUP_CREATION_SUCCESS,1279,
NACL,1.MTD,Renewal,,9.06,Disbursal acc verified,BUSINESS_PROOF_UDYAM_VERIFICATION_SUCCESS,264,
FULLERTON,2.LMTD,Renewal,,1.12,Total leads,INITIATE_LOM_LRE_MIGRATION,1227,
FULLERTON,2.LMTD,Renewal,,11.1,Mandate done,EMANDATE_SUCCESS,2405,
FULLERTON,2.LMTD,AD,,2.11,Workable leads,EMAIL_VERIFICATION_REQUIRED,1,
PIRAMAL,2.LMTD,Renewal,,11.17,Mandate done,BANK_QC_DOC_UPLOAD_REQUIRED,26,
FULLERTON,2.LMTD,AD,,8.16,BRE2 completed,BANK_VALIDATION_FAILURE2,1,
FULLERTON,2.LMTD,Fresh,,12.23,Application submitted by user,BANK_QC_DOC_RE_UPLOAD_REQUIRED,98,
MFL,2.LMTD,TOP UP,,12.3,Application submitted by user,LENDER_DOCUMENT_UPLOAD_INITIATED,742,
PIRAMAL,2.LMTD,Fresh,,2.1,Workable leads,LEAD_CREATED,7818,
FULLERTON,2.LMTD,Fresh,,7.12,KYC completed,SERVICEABILITY_ACCEPTED,16208,
SHRIRAM,2.LMTD,Fresh,,4.1,BRE1 completed,BRE1_SUCCESS,4,
NACL,2.LMTD,Fresh,,12.1,Application submitted by user,SETTLEMENT_BANK_UPDATE_SUCCESS,4,
MFL,2.LMTD,Renewal,,7.11,KYC completed,BRE2_REQUESTED,327,
PIRAMAL,2.LMTD,BT,,12.51,Application submitted by user,PREDISBURSAL_SUCCESS,294,
MFL,2.LMTD,TOP UP,,11.26,Mandate done,SETTLEMENT_BANK_QC_DOC_UPLOADED,1,
NACL,2.LMTD,Fresh,,12.21,Application submitted by user,PREDISBURSAL_INITIATED,1025,
PIRAMAL,2.LMTD,Renewal,,12.18,Application submitted by user,LAS_DATA_VERIFICATION_REQUESTED,360,
NACL,2.LMTD,Renewal,,12.37,Application submitted by user,LENDER_DOCUMENT_UPLOAD_INITIATED,390,
MFL,2.LMTD,Fresh,,12.25,Application submitted by user,BUSINESS_APPROVAL_AWAITED,28,
FULLERTON,2.LMTD,Renewal,,11.11,Mandate done,SETTLEMENT_BANK_VALIDATION_REQUIRED_V2,2405,
MFL,2.LMTD,Fresh,,12.29,Application submitted by user,BUSINESS_APPROVAL_NOT_REQUIRED,403,
MFL,2.LMTD,TOP UP,,11.19,Mandate done,MAQUETTE_FRAUD_CHECK_FAILURE,5,
PIRAMAL,2.LMTD,Fresh,,4.11,BRE1 completed,LRE_FLOW_COMPLETED,7818,
PIRAMAL,2.LMTD,Fresh,,10.13,Review submit,LUP_CREATION_SUCCESS,2005,
NACL,2.LMTD,Renewal,,1.03,Total leads,LEAD_FAILURE,693,
SHRIRAM,2.LMTD,Renewal,,12.38,Application submitted by user,DIY_FI_DOC_UPLOADED,106,
MFL,2.LMTD,Renewal,,9.1,Disbursal acc verified,BANKING_ACTION_DONE,240,
PIRAMAL,2.LMTD,TOP UP,,5.13,Loan offer accepted,KYC_SELFIE_REQUIRED,3027,
FULLERTON,2.LMTD,Renewal,,7.12,KYC completed,SERVICEABILITY_ACCEPTED,3911,
PIRAMAL,2.LMTD,TOP UP,,2.14,Workable leads,BUREAU_ALTERNATE_MOBILE_NUMBER_REQUIRED,3,
FULLERTON,2.LMTD,AD,,12.27,Application submitted by user,LOAN_APPLICATION_ON_HOLD,2,
FULLERTON,2.LMTD,AD,,12.47,Application submitted by user,LIS_SUBMIT_SUCCESS,210,
FULLERTON,2.LMTD,Renewal,,12.42,Application submitted by user,LIS_DATA_UPDATE_FAILED,7,
SHRIRAM,2.LMTD,Fresh,,12.2,Application submitted by user,BANK_QC_DOC_RE_UPLOAD_REQUIRED,16,
NACL,2.LMTD,Renewal,,6.1,Selfie uploaded,KYC_SELFIE_REUPLOAD_REQUIRED,70,
FULLERTON,2.LMTD,Renewal,,11.27,Mandate done,MOB_TO_UDYAM_NOT_FOUND_V2,1077,
SHRIRAM,2.LMTD,Fresh,,8.14,BRE2 completed,MAQUETTE_FRAUD_CHECK_FAILURE,29,
MFL,2.LMTD,TOP UP,,12.33,Application submitted by user,LUP_CREATION_SUCCESS,741,
NACL,2.LMTD,Renewal,,9.06,Disbursal acc verified,BUSINESS_PROOF_UDYAM_VERIFICATION_SUCCESS,156,
MFL,1.MTD,Renewal,,10.14,Review submit,BUSINESS_PROOF_PREFILL_FAILURE_V2,114,
FULLERTON_BUREAU,1.MTD,Renewal,,10.1,Review submit,LOAN_AGREEMENT_SUCCESS,1483,
MFL,1.MTD,Fresh,,6.23,Selfie uploaded,KYC_FAILED,630,
MFL,1.MTD,TOP UP,,7.11,KYC completed,BRE2_REQUESTED,1990,
FULLERTON_BUREAU,1.MTD,Renewal,,12.31,Application submitted by user,PREDISBURSAL_INITIATED,1383,
FULLERTON,1.MTD,Renewal,,11.23,Mandate done,BUSINESS_PROOF_UDYAM_VERIFICATION_PENDING,2565,
SHRIRAM,1.MTD,Fresh,,12.23,Application submitted by user,SETTLEMENT_BANK_QC_DOC_RE_UPLOADED,32,
SHRIRAM,1.MTD,Renewal,,6.18,Selfie uploaded,KYC_FAILED,266,
MFL,1.MTD,Fresh,,12.23,Application submitted by user,DIY_FI_REQUIRED,55,
SHRIRAM,1.MTD,Fresh,,7.12,KYC completed,BRE2_REQUEST_FAILURE,1,
FULLERTON,1.MTD,TOP UP,,8.17,BRE2 completed,BANK_VERIFICATION_FAILURE,278,
FULLERTON,1.MTD,AD,,3.11,Bureau pull success,BRE1_REQUESTED,293,
FULLERTON,1.MTD,TOP UP,,10.1,Review submit,LOAN_AGREEMENT_SUCCESS,11881,
FULLERTON,1.MTD,Fresh,,2.13,Workable leads,INITIATE_SETTLEMENT_BANK_VALIDATION,2,
SHRIRAM,1.MTD,Renewal,,8.13,BRE2 completed,BANK_VERIFICATION_FAILURE,22,
PIRAMAL,1.MTD,TOP UP,,13.1,Submit to LMS,LMS_SUBMIT_APPLICATION_SUCCESS,762,
NACL,1.MTD,Renewal,,12.1,Application submitted by user,SETTLEMENT_BANK_UPDATE_SUCCESS,3,
MFL,1.MTD,Fresh,,12.22,Application submitted by user,LOAN_APPLICATION_ACCEPTED,397,
MFL,1.MTD,Fresh,,0,Total leads,INITIATE_LOM_LRE_MIGRATION,279,
MFL,1.MTD,Fresh,,11.23,Mandate done,BANK_QC_DOC_UPLOAD_REQUIRED,9,
SHRIRAM,1.MTD,Renewal,,11.2,Mandate done,GST_VERIFICATION_REQUEST_FAILURE_V2,2,
FULLERTON,1.MTD,Renewal,,5.13,Loan offer accepted,EMAIL_VERIFICATION_REQUIRED_V2,81,
FULLERTON,1.MTD,Renewal,,12.17,Application submitted by user,QC_ACTION_PENDING,413,
MFL,1.MTD,TOP UP,,6.23,Selfie uploaded,KYC_FAILED,2017,
PIRAMAL,1.MTD,Fresh,,0,Total leads,LENDER_PENNY_DROP_REQUEST_FAILURE,1,
FULLERTON_BUREAU,1.MTD,Renewal,,12.34,Application submitted by user,APPROVED_BY_BUSINESS,5,
PIRAMAL,1.MTD,TOP UP,,14.11,Disbursed,LENDING_CIF_SUBMIT_FAILURE,3,
FULLERTON_BUREAU,1.MTD,Fresh,,6.11,Selfie uploaded,KYC_SELFIE_REUPLOAD_REQUIRED,392,
SHRIRAM,1.MTD,Fresh,,6.12,Selfie uploaded,LENDER_CREATE_APPLICATION_INIT_FAILURE,3,
MFL,1.MTD,Renewal,,9.11,Disbursal acc verified,SECURED_OFFER_DISPLAYED,195,
PIRAMAL,1.MTD,BT,,7.1,KYC completed,KYC_COMPLETED,3702,
NACL,1.MTD,Fresh,,9.12,Disbursal acc verified,KYB_FETCH_MPA_SUCCESS,1422,
FULLERTON,1.MTD,Fresh,,14.14,Disbursed,BUSINESS_PROOF_QC_REQUIRED,292,
PIRAMAL,1.MTD,BT,,11.14,Mandate done,LAS_MANDATE_AUDIT_SUCCESS,438,
PIRAMAL,1.MTD,TOP UP,,12.28,Application submitted by user,LMS_SUBMIT_APPLICATION_FAILED,1,
MFL,1.MTD,Renewal,,0,Total leads,LOM_LRE_MIGRATION_INITIATED,78,
FULLERTON,1.MTD,AD,,0,Total leads,LUP_CREATION_FAILURE,1,
NACL,1.MTD,Fresh,,6.05,Selfie uploaded,LENDER_CREATE_APPLICATION_SUCCESS,3016,
PIRAMAL,1.MTD,BT,,2.18,Workable leads,BUREAU_OTP_SKIPPED,2,
FULLERTON,1.MTD,Fresh,,12.21,Application submitted by user,PAN_QC_DOC_RE_UPLOAD_REQUIRED,20,
FULLERTON,1.MTD,TOP UP,,12.54,Application submitted by user,LENDER_BANK_UPDATE_SUCCESS,11327,
PIRAMAL,1.MTD,BT,,11.13,Mandate done,LAS_MANDATE_AUDIT_REQUESTED,438,
FULLERTON,1.MTD,TOP UP,,12.43,Application submitted by user,LIS_DATA_UPDATE_REQUEST_SUCCESS,11345,
PIRAMAL,1.MTD,Fresh,,7.16,KYC completed,BRE2_REQUESTED,4274,
FULLERTON,1.MTD,Renewal,,0,Total leads,LENDING_CIF_SUBMIT_FAILURE,9,
SHRIRAM,1.MTD,Renewal,,8.15,BRE2 completed,FETCH_SETTLEMENT_BANK_ACCOUNT,1262,
PIRAMAL,1.MTD,BT,,6.12,Selfie uploaded,LIS_CREATE_APPLICATION_SUCCESS,4535,
FULLERTON_BUREAU,1.MTD,Fresh,,1.1,Total leads,LEAD_FAILURE,11005,
FULLERTON,1.MTD,AD,,11.27,Mandate done,MOB_TO_UDYAM_NOT_FOUND_V2,45,
MFL,1.MTD,Fresh,,11.13,Mandate done,SETTLEMENT_BANK_VALIDATION_REQUIRED_V2,356,
PIRAMAL,1.MTD,BT,,7.14,KYC completed,LAS_KYC_AUDIT_SUCCESS,3680,
MFL,1.MTD,Fresh,,12.32,Application submitted by user,LENDER_DOCUMENT_UPLOAD_SUCCESS,414,
NACL,1.MTD,Renewal,,12.15,Application submitted by user,BANK_QC_DOC_RE_UPLOADED,12,
PIRAMAL,1.MTD,BT,,12.34,Application submitted by user,BUSINESS_APPROVAL_NOT_REQUIRED,408,
FULLERTON_BUREAU,1.MTD,Fresh,,12.49,Application submitted by user,LMS_SANCTION_ID_FOUND,15,
FULLERTON,1.MTD,Renewal,,6.15,Selfie uploaded,KYC_CALLBACK_SUCCESS,4734,
MFL,2.LMTD,Renewal,,10.14,Review submit,BUSINESS_PROOF_PREFILL_FAILURE_V2,141,
FULLERTON_BUREAU,2.LMTD,Renewal,,10.1,Review submit,LOAN_AGREEMENT_SUCCESS,1144,
MFL,2.LMTD,Fresh,,6.23,Selfie uploaded,KYC_FAILED,809,
MFL,2.LMTD,TOP UP,,7.11,KYC completed,BRE2_REQUESTED,1269,
FULLERTON_BUREAU,2.LMTD,Renewal,,12.31,Application submitted by user,PREDISBURSAL_INITIATED,1039,
FULLERTON,2.LMTD,Renewal,,11.23,Mandate done,BUSINESS_PROOF_UDYAM_VERIFICATION_PENDING,2154,
SHRIRAM,2.LMTD,Fresh,,12.23,Application submitted by user,SETTLEMENT_BANK_QC_DOC_RE_UPLOADED,26,
SHRIRAM,2.LMTD,Renewal,,6.18,Selfie uploaded,KYC_FAILED,152,
MFL,2.LMTD,Fresh,,12.23,Application submitted by user,DIY_FI_REQUIRED,58,
FULLERTON,2.LMTD,TOP UP,,8.17,BRE2 completed,BANK_VERIFICATION_FAILURE,212,
FULLERTON,2.LMTD,AD,,3.11,Bureau pull success,BRE1_REQUESTED,768,
FULLERTON,2.LMTD,TOP UP,,10.1,Review submit,LOAN_AGREEMENT_SUCCESS,12495,
FULLERTON,2.LMTD,Fresh,,2.13,Workable leads,INITIATE_SETTLEMENT_BANK_VALIDATION,8,
SHRIRAM,2.LMTD,Renewal,,8.13,BRE2 completed,BANK_VERIFICATION_FAILURE,16,
PIRAMAL,2.LMTD,TOP UP,,13.1,Submit to LMS,LMS_SUBMIT_APPLICATION_SUCCESS,1048,
NACL,2.LMTD,Renewal,,12.1,Application submitted by user,SETTLEMENT_BANK_UPDATE_SUCCESS,1,
MFL,2.LMTD,Fresh,,12.22,Application submitted by user,LOAN_APPLICATION_ACCEPTED,461,
MFL,2.LMTD,Fresh,,0,Total leads,INITIATE_LOM_LRE_MIGRATION,178,
MFL,2.LMTD,Fresh,,11.23,Mandate done,BANK_QC_DOC_UPLOAD_REQUIRED,7,
FULLERTON,2.LMTD,Renewal,,5.13,Loan offer accepted,EMAIL_VERIFICATION_REQUIRED_V2,61,
FULLERTON,2.LMTD,Renewal,,12.17,Application submitted by user,QC_ACTION_PENDING,349,
MFL,2.LMTD,TOP UP,,6.23,Selfie uploaded,KYC_FAILED,1195,
FULLERTON_BUREAU,2.LMTD,Renewal,,12.34,Application submitted by user,APPROVED_BY_BUSINESS,14,
FULLERTON_BUREAU,2.LMTD,Fresh,,6.11,Selfie uploaded,KYC_SELFIE_REUPLOAD_REQUIRED,370,
MFL,2.LMTD,Renewal,,9.11,Disbursal acc verified,SECURED_OFFER_DISPLAYED,240,
PIRAMAL,2.LMTD,BT,,7.1,KYC completed,KYC_COMPLETED,914,
NACL,2.LMTD,Fresh,,9.12,Disbursal acc verified,KYB_FETCH_MPA_SUCCESS,1583,
FULLERTON,2.LMTD,Fresh,,14.14,Disbursed,BUSINESS_PROOF_QC_REQUIRED,304,
PIRAMAL,2.LMTD,BT,,11.14,Mandate done,LAS_MANDATE_AUDIT_SUCCESS,329,
MFL,2.LMTD,Renewal,,0,Total leads,LOM_LRE_MIGRATION_INITIATED,77,
NACL,2.LMTD,Fresh,,6.05,Selfie uploaded,LENDER_CREATE_APPLICATION_SUCCESS,2661,
FULLERTON,2.LMTD,Fresh,,12.21,Application submitted by user,PAN_QC_DOC_RE_UPLOAD_REQUIRED,55,
FULLERTON,2.LMTD,TOP UP,,12.54,Application submitted by user,LENDER_BANK_UPDATE_SUCCESS,11836,
PIRAMAL,2.LMTD,BT,,11.13,Mandate done,LAS_MANDATE_AUDIT_REQUESTED,329,
FULLERTON,2.LMTD,TOP UP,,12.43,Application submitted by user,LIS_DATA_UPDATE_REQUEST_SUCCESS,11874,
PIRAMAL,2.LMTD,Fresh,,7.16,KYC completed,BRE2_REQUESTED,4622,
SHRIRAM,2.LMTD,Renewal,,8.15,BRE2 completed,FETCH_SETTLEMENT_BANK_ACCOUNT,838,
PIRAMAL,2.LMTD,BT,,6.12,Selfie uploaded,LIS_CREATE_APPLICATION_SUCCESS,1375,
FULLERTON_BUREAU,2.LMTD,Fresh,,1.1,Total leads,LEAD_FAILURE,4764,
FULLERTON,2.LMTD,AD,,11.27,Mandate done,MOB_TO_UDYAM_NOT_FOUND_V2,129,
MFL,2.LMTD,Fresh,,11.13,Mandate done,SETTLEMENT_BANK_VALIDATION_REQUIRED_V2,507,
PIRAMAL,2.LMTD,BT,,7.14,KYC completed,LAS_KYC_AUDIT_SUCCESS,912,
MFL,2.LMTD,Fresh,,12.32,Application submitted by user,LENDER_DOCUMENT_UPLOAD_SUCCESS,413,
NACL,2.LMTD,Renewal,,12.15,Application submitted by user,BANK_QC_DOC_RE_UPLOADED,6,
PIRAMAL,2.LMTD,BT,,12.34,Application submitted by user,BUSINESS_APPROVAL_NOT_REQUIRED,290,
FULLERTON_BUREAU,2.LMTD,Fresh,,12.49,Application submitted by user,LMS_SANCTION_ID_FOUND,13,
FULLERTON,2.LMTD,Renewal,,6.15,Selfie uploaded,KYC_CALLBACK_SUCCESS,4078,
SHRIRAM,1.MTD,Renewal,,12.23,Application submitted by user,SETTLEMENT_BANK_QC_DOC_RE_UPLOADED,33,
PIRAMAL,1.MTD,Renewal,,4.14,BRE1 completed,INITIATE_LOM_LRE_MIGRATION,897,
PIRAMAL,1.MTD,Fresh,,7.1,KYC completed,KYC_COMPLETED,4276,
SHRIRAM,1.MTD,Fresh,,12.33,Application submitted by user,LOAN_APPLICATION_ACCEPTED,3626,
PIRAMAL,1.MTD,BT,,12.45,Application submitted by user,LUP_CREATION_SUCCESS,408,
FULLERTON_BUREAU,1.MTD,Fresh,,8.17,BRE2 completed,BANK_VERIFICATION_FAILURE,191,
PIRAMAL,1.MTD,TOP UP,,11.17,Mandate done,BANK_QC_DOC_UPLOAD_REQUIRED,5,
SHRIRAM,1.MTD,Renewal,,12.31,Application submitted by user,LUP_CREATION_FAILURE,3,
NACL,1.MTD,TOP UP,,12.04,Application submitted by user,UC_SUCCESS,401,
PIRAMAL,1.MTD,Fresh,,7.19,KYC completed,BRE2_REQUEST_FAILURE,1,
FULLERTON_BUREAU,1.MTD,Fresh,,11.13,Mandate done,SETTLEMENT_BANK_VALIDATION_SUCCESS_V2,3294,
PIRAMAL,1.MTD,Renewal,,11.12,Mandate done,SETTLEMENT_BANK_VALIDATION_SUCCESS_V2,385,
PIRAMAL,1.MTD,TOP UP,,2.1,Workable leads,LEAD_CREATED,6281,
FULLERTON,1.MTD,AD,,12.12,Application submitted by user,BUSINESS_PROOF_UDYAM_VERIFICATION_SUCCESS,13,
FULLERTON,1.MTD,AD,,12.15,Application submitted by user,UDYAM_VALIDATION_SUCCESS,23,
NACL,1.MTD,TOP UP,,6.1,Selfie uploaded,KYC_SELFIE_REUPLOAD_REQUIRED,60,
FULLERTON,1.MTD,Renewal,,4.1,BRE1 completed,BRE1_SUCCESS,18,
NACL,1.MTD,TOP UP,,11.07,Mandate done,BUSINESS_PROOF_DOCUMENT_UPLOADED,44,
MFL,1.MTD,Fresh,,11.1,Mandate done,EMANDATE_SUCCESS,356,
NACL,1.MTD,Fresh,,12.04,Application submitted by user,UC_SUCCESS,820,
MFL,1.MTD,Renewal,,12.12,Application submitted by user,LENDER_UPDATE_APPLICATION_INITIATED,179,
FULLERTON,1.MTD,Renewal,,11.18,Mandate done,SETTLEMENT_BANK_QC_DOC_UPLOADED,20,
NACL,1.MTD,TOP UP,,8.09,BRE2 completed,MAQUETTE_FRAUD_CHECK_FAILURE,13,
SHRIRAM,1.MTD,Fresh,,14.1,Disbursed,LMS_CALLBACK_SUCCESS,3043,
NACL,1.MTD,Renewal,,12.35,Application submitted by user,LUP_CREATION_SUCCESS,848,
NACL,1.MTD,TOP UP,,14.03,Disbursed,LENDING_CIF_SUBMIT_SUCCESS,380,
NACL,1.MTD,Renewal,,12.16,Application submitted by user,SETTLEMENT_BANK_QC_DOC_RE_UPLOAD_REQUIRED,34,
FULLERTON,1.MTD,Fresh,,11.23,Mandate done,BUSINESS_PROOF_UDYAM_VERIFICATION_PENDING,8617,
FULLERTON,1.MTD,Renewal,,11.31,Mandate done,BUSINESS_PROOF_VERIFICATION_SKIPPED,1,
PIRAMAL,1.MTD,Fresh,,12.21,Application submitted by user,DIY_FI_REQUIRED,213,
MFL,1.MTD,Fresh,,11.19,Mandate done,MAQUETTE_FRAUD_CHECK_FAILURE,4,
FULLERTON,1.MTD,Renewal,,6.12,Selfie uploaded,KYC_INITIATED,6024,
SHRIRAM,1.MTD,Renewal,,11.12,Mandate done,SETTLEMENT_BANK_VALIDATION_SUCCESS_V2,1142,
FULLERTON,1.MTD,TOP UP,,8.11,BRE2 completed,BRE3_NOT_REQUIRED,13568,
PIRAMAL,1.MTD,BT,,2.19,Workable leads,PAN_DEDUPE_FAILED,10,
NACL,1.MTD,Renewal,,8.1,BRE2 completed,BANK_VALIDATION_PENDING,267,
PIRAMAL,1.MTD,TOP UP,,0,Total leads,KYB_FETCH_MPA_FAILURE,4,
MFL,1.MTD,TOP UP,,8.15,BRE2 completed,BANK_VERIFICATION_FAILURE,46,
FULLERTON,1.MTD,TOP UP,,12.46,Application submitted by user,LIS_SUBMIT_FAILURE,5,
FULLERTON_BUREAU,1.MTD,Fresh,,12.48,Application submitted by user,LMS_SANCTION_ID_NOT_FOUND,2978,
NACL,1.MTD,TOP UP,,11.09,Mandate done,BUSINESS_PROOF_VERIFICATION_SUCCESS,68,
MFL,1.MTD,Fresh,,0,Total leads,LOM_OFFER_RANKING_SUCCESS,240,
NACL,1.MTD,Fresh,,9.08,Disbursal acc verified,MOB_TO_UDYAM_REQUESTED,1129,
FULLERTON,1.MTD,AD,,6.1,Selfie uploaded,KYC_SELFIE_UPLOADED,157,
MFL,1.MTD,Fresh,,0,Total leads,LENDING_CIF_SUBMIT_FAILURE,2,
FULLERTON,1.MTD,TOP UP,,0,Total leads,DATA_PREFILL_FAILURE,14,
PIRAMAL,1.MTD,TOP UP,,9.11,Disbursal acc verified,KYB_BUSINESS_DETAILS_REQUIRED,910,
FULLERTON,1.MTD,Fresh,,7.18,KYC completed,BRE2_SUCCESS,11050,
FULLERTON,1.MTD,AD,,11.23,Mandate done,BUSINESS_PROOF_UDYAM_VERIFICATION_PENDING,76,
SHRIRAM,2.LMTD,Renewal,,12.23,Application submitted by user,SETTLEMENT_BANK_QC_DOC_RE_UPLOADED,12,
PIRAMAL,2.LMTD,Renewal,,4.14,BRE1 completed,INITIATE_LOM_LRE_MIGRATION,733,
PIRAMAL,2.LMTD,Fresh,,7.1,KYC completed,KYC_COMPLETED,4624,
SHRIRAM,2.LMTD,Fresh,,12.33,Application submitted by user,LOAN_APPLICATION_ACCEPTED,2681,
PIRAMAL,2.LMTD,BT,,12.45,Application submitted by user,LUP_CREATION_SUCCESS,290,
FULLERTON_BUREAU,2.LMTD,Fresh,,8.17,BRE2 completed,BANK_VERIFICATION_FAILURE,102,
PIRAMAL,2.LMTD,TOP UP,,11.17,Mandate done,BANK_QC_DOC_UPLOAD_REQUIRED,4,
NACL,2.LMTD,TOP UP,,12.04,Application submitted by user,UC_SUCCESS,413,
SHRIRAM,2.LMTD,Fresh,,12.29,Application submitted by user,PREDISBURSAL_REJECTED,1,
PIRAMAL,2.LMTD,Fresh,,12.12,Application submitted by user,PREDISBURSAL_FAILED,4,
PIRAMAL,2.LMTD,BT,,12.33,Application submitted by user,BUSINESS_APPROVAL_AWAITED,2,
FULLERTON_BUREAU,2.LMTD,Fresh,,11.13,Mandate done,SETTLEMENT_BANK_VALIDATION_SUCCESS_V2,2705,
PIRAMAL,2.LMTD,Renewal,,11.12,Mandate done,SETTLEMENT_BANK_VALIDATION_SUCCESS_V2,388,
PIRAMAL,2.LMTD,TOP UP,,2.1,Workable leads,LEAD_CREATED,5977,
FULLERTON,2.LMTD,AD,,12.12,Application submitted by user,BUSINESS_PROOF_UDYAM_VERIFICATION_SUCCESS,47,
FULLERTON,2.LMTD,AD,,12.15,Application submitted by user,UDYAM_VALIDATION_SUCCESS,54,
NACL,2.LMTD,TOP UP,,6.1,Selfie uploaded,KYC_SELFIE_REUPLOAD_REQUIRED,43,
FULLERTON,2.LMTD,Renewal,,4.1,BRE1 completed,BRE1_SUCCESS,14,
NACL,2.LMTD,TOP UP,,11.07,Mandate done,BUSINESS_PROOF_DOCUMENT_UPLOADED,30,
MFL,2.LMTD,Fresh,,11.1,Mandate done,EMANDATE_SUCCESS,507,
NACL,2.LMTD,Fresh,,12.04,Application submitted by user,UC_SUCCESS,555,
MFL,2.LMTD,Renewal,,12.12,Application submitted by user,LENDER_UPDATE_APPLICATION_INITIATED,206,
FULLERTON,2.LMTD,Renewal,,11.18,Mandate done,SETTLEMENT_BANK_QC_DOC_UPLOADED,6,
NACL,2.LMTD,TOP UP,,8.09,BRE2 completed,MAQUETTE_FRAUD_CHECK_FAILURE,3,
SHRIRAM,2.LMTD,Fresh,,14.1,Disbursed,LMS_CALLBACK_SUCCESS,2025,
NACL,2.LMTD,Renewal,,12.35,Application submitted by user,LUP_CREATION_SUCCESS,390,
NACL,2.LMTD,TOP UP,,14.03,Disbursed,LENDING_CIF_SUBMIT_SUCCESS,622,
NACL,2.LMTD,Renewal,,12.16,Application submitted by user,SETTLEMENT_BANK_QC_DOC_RE_UPLOAD_REQUIRED,3,
NACL,2.LMTD,Fresh,,12.03,Application submitted by user,UC_FAILURE,2,
FULLERTON,2.LMTD,Fresh,,11.23,Mandate done,BUSINESS_PROOF_UDYAM_VERIFICATION_PENDING,9284,
FULLERTON,2.LMTD,Renewal,,11.31,Mandate done,BUSINESS_PROOF_VERIFICATION_SKIPPED,1,
PIRAMAL,2.LMTD,Fresh,,12.21,Application submitted by user,DIY_FI_REQUIRED,305,
MFL,2.LMTD,Fresh,,11.19,Mandate done,MAQUETTE_FRAUD_CHECK_FAILURE,6,
FULLERTON,2.LMTD,Renewal,,6.12,Selfie uploaded,KYC_INITIATED,5016,
SHRIRAM,2.LMTD,Renewal,,11.12,Mandate done,SETTLEMENT_BANK_VALIDATION_SUCCESS_V2,744,
FULLERTON,2.LMTD,TOP UP,,8.11,BRE2 completed,BRE3_NOT_REQUIRED,14093,
PIRAMAL,2.LMTD,BT,,2.19,Workable leads,PAN_DEDUPE_FAILED,1,
PIRAMAL,2.LMTD,BT,,12.37,Application submitted by user,DIY_FI_DOC_UPLOADED,3,
FULLERTON,2.LMTD,AD,,11.14,Mandate done,PAN_QC_DOC_UPLOAD_REQUIRED,1,
NACL,2.LMTD,Renewal,,8.1,BRE2 completed,BANK_VALIDATION_PENDING,152,
MFL,2.LMTD,TOP UP,,8.15,BRE2 completed,BANK_VERIFICATION_FAILURE,21,
FULLERTON_BUREAU,2.LMTD,Fresh,,12.48,Application submitted by user,LMS_SANCTION_ID_NOT_FOUND,2485,
NACL,2.LMTD,TOP UP,,11.09,Mandate done,BUSINESS_PROOF_VERIFICATION_SUCCESS,93,
MFL,2.LMTD,Fresh,,0,Total leads,LOM_OFFER_RANKING_SUCCESS,119,
NACL,2.LMTD,Fresh,,9.08,Disbursal acc verified,MOB_TO_UDYAM_REQUESTED,1175,
FULLERTON,2.LMTD,AD,,6.1,Selfie uploaded,KYC_SELFIE_UPLOADED,385,
PIRAMAL,2.LMTD,TOP UP,,9.11,Disbursal acc verified,KYB_BUSINESS_DETAILS_REQUIRED,1253,
FULLERTON,2.LMTD,Fresh,,7.18,KYC completed,BRE2_SUCCESS,13366,
FULLERTON,2.LMTD,AD,,11.23,Mandate done,BUSINESS_PROOF_UDYAM_VERIFICATION_PENDING,204,
FULLERTON,1.MTD,AD,,13.11,Submit to LMS,LMS_CALLBACK_REJECTED,3,
FULLERTON_BUREAU,1.MTD,Fresh,,9.1,Disbursal acc verified,BANKING_ACTION_DONE,4161,
NACL,1.MTD,Renewal,,7.08,KYC completed,BRE2_SUCCESS,1060,
FULLERTON_BUREAU,1.MTD,Renewal,,12.49,Application submitted by user,LMS_SANCTION_ID_FOUND,849,
PIRAMAL,1.MTD,Renewal,,1.1,Total leads,LEAD_FAILURE,1017,
FULLERTON,1.MTD,Renewal,,11.16,Mandate done,BANK_QC_DOC_UPLOAD_REQUIRED,97,
NACL,1.MTD,TOP UP,,12.02,Application submitted by user,UC_SKIPPED,56,
FULLERTON,1.MTD,TOP UP,,12.31,Application submitted by user,PREDISBURSAL_INITIATED,11349,
NACL,1.MTD,Renewal,,8.07,BRE2 completed,SETTLEMENT_BANK_DETAILS_FETCHED,1058,
FULLERTON,1.MTD,TOP UP,,12.33,Application submitted by user,PREDISBURSAL_SUCCESS,11348,
FULLERTON_BUREAU,1.MTD,Fresh,,11.11,Mandate done,SETTLEMENT_BANK_VALIDATION_REQUIRED_V2,3296,
PIRAMAL,1.MTD,Renewal,,12.26,Application submitted by user,LOAN_APPLICATION_ON_HOLD,5,
FULLERTON,1.MTD,TOP UP,,0,Total leads,LENDER_LOAN_AGREEMENT_UPLOAD_FAILED,3,
FULLERTON,1.MTD,TOP UP,,12.34,Application submitted by user,APPROVED_BY_BUSINESS,8,
FULLERTON,1.MTD,Renewal,,14.13,Disbursed,UDYAM_VALIDATION_PENDING,788,
PIRAMAL,1.MTD,Renewal,,9.1,Disbursal acc verified,BANKING_ACTION_DONE,425,
FULLERTON,1.MTD,TOP UP,,6.14,Selfie uploaded,KYC_RETRYABLE_FAILURE,494,
NACL,1.MTD,TOP UP,,3.01,Bureau pull success,BUREAU_SUCCESS,7125,
FULLERTON,1.MTD,Renewal,,11.28,Mandate done,MOB_TO_UDYAM_FETCHED_V2,175,
MFL,1.MTD,Fresh,,12.15,Application submitted by user,QC_REQUIRED,84,
PIRAMAL,1.MTD,BT,,0,Total leads,LEAD_CREATED,7067,
MFL,1.MTD,TOP UP,,11.16,Mandate done,LENDER_ACCEPT_OFFER_FAILURE,2,
SHRIRAM,1.MTD,Renewal,,11.28,Mandate done,MOB_TO_UDYAM_FETCHED_V2,68,
MFL,1.MTD,Renewal,,8.14,BRE2 completed,BANK_VALIDATION_PENDING,33,
MFL,1.MTD,Renewal,,6.11,Selfie uploaded,INITIATE_LENDER_CREATE_APPLICATION,304,
FULLERTON,1.MTD,AD,,14.15,Disbursed,BUSINESS_PROOF_QC_ACTION_PENDING,6,
SHRIRAM,1.MTD,Renewal,,10.1,Review submit,LOAN_AGREEMENT_SUCCESS,1174,
SHRIRAM,1.MTD,Renewal,,2.12,Workable leads,INITIATE_BUREAU,1,
NACL,1.MTD,Fresh,,11.17,Mandate done,UC_REQUIRED,907,
PIRAMAL,1.MTD,Renewal,,10.13,Review submit,LUP_CREATION_SUCCESS,343,
FULLERTON_BUREAU,1.MTD,Fresh,,6.14,Selfie uploaded,KYC_RETRYABLE_FAILURE,392,
FULLERTON_BUREAU,1.MTD,Fresh,,11.18,Mandate done,SETTLEMENT_BANK_QC_DOC_UPLOADED,4,
MFL,1.MTD,Renewal,,12.24,Application submitted by user,DIY_FI_DOC_UPLOADED,33,
SHRIRAM,1.MTD,Fresh,,5.11,Loan offer accepted,LRE_FLOW_COMPLETED,8016,
MFL,1.MTD,TOP UP,,7.1,KYC completed,KYC_COMPLETED,1990,
PIRAMAL,1.MTD,Fresh,,0,Total leads,RE_SUBMIT_SETTLEMENT_BANK,5,
MFL,1.MTD,Fresh,,9.11,Disbursal acc verified,SECURED_OFFER_DISPLAYED,383,
NACL,1.MTD,Renewal,,1.09,Total leads,INITIATE_LOM_LRE_MIGRATION,644,
FULLERTON_BUREAU,1.MTD,Fresh,,7.13,KYC completed,BRE2_REQUESTED,9667,
SHRIRAM,1.MTD,Renewal,,12.24,Application submitted by user,LOAN_APPLICATION_ON_HOLD,6,
FULLERTON_BUREAU,1.MTD,Renewal,,12.3,Application submitted by user,PANEL_SUCCESS,78,
MFL,1.MTD,Fresh,,0,Total leads,LENDER_KFS_GENERATION_INIT_FAILURE,132,
FULLERTON,1.MTD,Fresh,,12.28,Application submitted by user,QC_REJECTED,13,
FULLERTON_BUREAU,1.MTD,Fresh,,14.11,Disbursed,LENDING_CIF_SUBMIT_SUCCESS,2963,
SHRIRAM,1.MTD,Fresh,,11.28,Mandate done,MOB_TO_UDYAM_FETCHED_V2,144,
PIRAMAL,1.MTD,Fresh,,4.14,BRE1 completed,INITIATE_LOM_LRE_MIGRATION,5132,
MFL,1.MTD,Fresh,,8.12,BRE2 completed,FETCH_SETTLEMENT_BANK_ACCOUNT,384,
SHRIRAM,1.MTD,Fresh,,11.23,Mandate done,BUSINESS_PROOF_UDYAM_VERIFICATION_FAILURE,3044,
NACL,1.MTD,TOP UP,,3.03,Bureau pull success,BRE1_REQUEST_FAILURE,1,
FULLERTON_BUREAU,1.MTD,Renewal,,0,Total leads,LENDING_CIF_SUBMIT_FAILURE,1,
FULLERTON_BUREAU,1.MTD,Fresh,,10.1,Review submit,LOAN_AGREEMENT_SUCCESS,3612,
FULLERTON,2.LMTD,AD,,13.11,Submit to LMS,LMS_CALLBACK_REJECTED,1,
FULLERTON_BUREAU,2.LMTD,Fresh,,9.1,Disbursal acc verified,BANKING_ACTION_DONE,3644,
NACL,2.LMTD,Renewal,,7.08,KYC completed,BRE2_SUCCESS,632,
FULLERTON_BUREAU,2.LMTD,Renewal,,12.49,Application submitted by user,LMS_SANCTION_ID_FOUND,622,
PIRAMAL,2.LMTD,Renewal,,1.1,Total leads,LEAD_FAILURE,753,
FULLERTON,2.LMTD,Renewal,,11.16,Mandate done,BANK_QC_DOC_UPLOAD_REQUIRED,86,
NACL,2.LMTD,TOP UP,,12.02,Application submitted by user,UC_SKIPPED,76,
FULLERTON,2.LMTD,TOP UP,,12.31,Application submitted by user,PREDISBURSAL_INITIATED,11879,
NACL,2.LMTD,Renewal,,8.07,BRE2 completed,SETTLEMENT_BANK_DETAILS_FETCHED,632,
MFL,2.LMTD,TOP UP,,12.31,Application submitted by user,LENDER_DOCUMENT_UPLOAD_FAILURE,1,
FULLERTON,2.LMTD,TOP UP,,12.33,Application submitted by user,PREDISBURSAL_SUCCESS,11875,
FULLERTON_BUREAU,2.LMTD,Fresh,,11.11,Mandate done,SETTLEMENT_BANK_VALIDATION_REQUIRED_V2,2705,
MFL,2.LMTD,TOP UP,,0,Total leads,BANK_QC_DOC_RE_UPLOADED,5,
PIRAMAL,2.LMTD,Renewal,,12.26,Application submitted by user,LOAN_APPLICATION_ON_HOLD,10,
FULLERTON,2.LMTD,TOP UP,,12.34,Application submitted by user,APPROVED_BY_BUSINESS,17,
FULLERTON,2.LMTD,Renewal,,14.13,Disbursed,UDYAM_VALIDATION_PENDING,542,
PIRAMAL,2.LMTD,Renewal,,9.1,Disbursal acc verified,BANKING_ACTION_DONE,448,
FULLERTON,2.LMTD,TOP UP,,6.14,Selfie uploaded,KYC_RETRYABLE_FAILURE,546,
NACL,2.LMTD,TOP UP,,3.01,Bureau pull success,BUREAU_SUCCESS,5049,
FULLERTON,2.LMTD,Renewal,,11.28,Mandate done,MOB_TO_UDYAM_FETCHED_V2,100,
MFL,2.LMTD,Fresh,,12.15,Application submitted by user,QC_REQUIRED,159,
PIRAMAL,2.LMTD,BT,,0,Total leads,LEAD_CREATED,4334,
MFL,2.LMTD,TOP UP,,11.16,Mandate done,LENDER_ACCEPT_OFFER_FAILURE,1,
SHRIRAM,2.LMTD,Renewal,,11.28,Mandate done,MOB_TO_UDYAM_FETCHED_V2,26,
MFL,2.LMTD,Renewal,,8.14,BRE2 completed,BANK_VALIDATION_PENDING,95,
MFL,2.LMTD,Renewal,,6.11,Selfie uploaded,INITIATE_LENDER_CREATE_APPLICATION,387,
FULLERTON,2.LMTD,AD,,14.15,Disbursed,BUSINESS_PROOF_QC_ACTION_PENDING,15,
SHRIRAM,2.LMTD,Renewal,,10.1,Review submit,LOAN_AGREEMENT_SUCCESS,769,
NACL,2.LMTD,Fresh,,11.17,Mandate done,UC_REQUIRED,743,
PIRAMAL,2.LMTD,Renewal,,10.13,Review submit,LUP_CREATION_SUCCESS,333,
FULLERTON_BUREAU,2.LMTD,Fresh,,6.14,Selfie uploaded,KYC_RETRYABLE_FAILURE,370,
FULLERTON_BUREAU,2.LMTD,Fresh,,2.16,Workable leads,AADHAAR_MATCH_FAILURE,1,
FULLERTON_BUREAU,2.LMTD,Fresh,,11.18,Mandate done,SETTLEMENT_BANK_QC_DOC_UPLOADED,3,
MFL,2.LMTD,Renewal,,12.24,Application submitted by user,DIY_FI_DOC_UPLOADED,35,
SHRIRAM,2.LMTD,Fresh,,5.11,Loan offer accepted,LRE_FLOW_COMPLETED,7085,
MFL,2.LMTD,TOP UP,,7.1,KYC completed,KYC_COMPLETED,1269,
PIRAMAL,2.LMTD,Fresh,,0,Total leads,RE_SUBMIT_SETTLEMENT_BANK,2,
MFL,2.LMTD,Fresh,,9.11,Disbursal acc verified,SECURED_OFFER_DISPLAYED,626,
NACL,2.LMTD,Renewal,,1.09,Total leads,INITIATE_LOM_LRE_MIGRATION,634,
FULLERTON_BUREAU,2.LMTD,Fresh,,7.13,KYC completed,BRE2_REQUESTED,7839,
SHRIRAM,2.LMTD,Renewal,,12.24,Application submitted by user,LOAN_APPLICATION_ON_HOLD,24,
NACL,2.LMTD,Fresh,,7.09,KYC completed,BRE2_LOAN_OFFER_UPDATED,6,
FULLERTON_BUREAU,2.LMTD,Renewal,,12.3,Application submitted by user,PANEL_SUCCESS,61,
FULLERTON,2.LMTD,Fresh,,12.28,Application submitted by user,QC_REJECTED,11,
FULLERTON_BUREAU,2.LMTD,Fresh,,14.11,Disbursed,LENDING_CIF_SUBMIT_SUCCESS,2418,
SHRIRAM,2.LMTD,Fresh,,11.28,Mandate done,MOB_TO_UDYAM_FETCHED_V2,88,
PIRAMAL,2.LMTD,Fresh,,4.14,BRE1 completed,INITIATE_LOM_LRE_MIGRATION,3413,
MFL,2.LMTD,Fresh,,8.12,BRE2 completed,FETCH_SETTLEMENT_BANK_ACCOUNT,624,
SHRIRAM,2.LMTD,Fresh,,11.23,Mandate done,BUSINESS_PROOF_UDYAM_VERIFICATION_FAILURE,2239,
FULLERTON_BUREAU,2.LMTD,Fresh,,10.1,Review submit,LOAN_AGREEMENT_SUCCESS,3021,
FULLERTON,1.MTD,Fresh,,14.11,Disbursed,LENDING_CIF_SUBMIT_SUCCESS,8240,
PIRAMAL,1.MTD,Renewal,,9.14,Disbursal acc verified,KYB_SAVE_BUSINESS_DETAILS_SUCCESS,427,
SHRIRAM,1.MTD,Renewal,,12.37,Application submitted by user,DIY_FI_REQUIRED,180,
FULLERTON,1.MTD,TOP UP,,14.18,Disbursed,BUSINESS_PROOF_QC_SKIPPED,6161,
MFL,1.MTD,TOP UP,,2.18,Workable leads,INITIATE_BUREAU,28,
FULLERTON,1.MTD,Fresh,,12.3,Application submitted by user,PANEL_SUCCESS,628,
FULLERTON,1.MTD,Renewal,,12.31,Application submitted by user,PREDISBURSAL_INITIATED,2726,
NACL,1.MTD,Fresh,,7.08,KYC completed,BRE2_SUCCESS,1424,
PIRAMAL,1.MTD,TOP UP,,0,Total leads,BUREAU_SUCCESS,6278,
MFL,1.MTD,Renewal,,12.18,Application submitted by user,LOAN_QC_REJECTED,6,
SHRIRAM,1.MTD,Fresh,,3.19,Bureau pull success,LENDER_UPDATE_INITIATED,2,
FULLERTON,1.MTD,Renewal,,1.18,Total leads,LEAD_CLOSURE_INITIATED,1014,
NACL,1.MTD,TOP UP,,12.05,Application submitted by user,QC_REQUIRED,83,
FULLERTON_BUREAU,1.MTD,Fresh,,12.2,Application submitted by user,SETTLEMENT_BANK_UPDATE_SUCCESS,5,
NACL,1.MTD,Renewal,,11.18,Mandate done,MOB_TO_UDYAM_FETCHED,87,
MFL,1.MTD,TOP UP,,0,Total leads,SETTLEMENT_BANK_VALIDATION_FAILURE_V2,1,
SHRIRAM,1.MTD,Renewal,,12.26,Application submitted by user,LOAN_QC_REJECTED,36,
FULLERTON_BUREAU,1.MTD,Renewal,,12.27,Application submitted by user,LOAN_APPLICATION_ON_HOLD,4,
PIRAMAL,1.MTD,TOP UP,,0,Total leads,BUREAU_OTP_SKIPPED,3,
FULLERTON,1.MTD,TOP UP,,2.2,Workable leads,DATA_PREFILL_SUCCESS,53292,
MFL,1.MTD,Fresh,,11.27,Mandate done,KYB_FETCH_MPA_REQ,227,
NACL,1.MTD,TOP UP,,7.01,KYC completed,KYC_COMPLETED,1821,
SHRIRAM,1.MTD,Fresh,,14.12,Disbursed,LAS_LENDER_AUDIT_SUCCESS,3043,
NACL,1.MTD,Renewal,,8.06,BRE2 completed,FETCH_SETTLEMENT_BANK_ACCOUNT,1061,
NACL,1.MTD,Fresh,,9.1,Disbursal acc verified,KYB_BUSINESS_DETAILS_NOT_REQUIRED,1421,
PIRAMAL,1.MTD,TOP UP,,14.1,Disbursed,LMS_CALLBACK_SUCCESS,865,
FULLERTON_BUREAU,1.MTD,Renewal,,7.18,KYC completed,BRE2_SUCCESS,1733,
NACL,1.MTD,Fresh,,12.14,Application submitted by user,BANK_QC_DOC_RE_UPLOAD_REQUIRED,9,
MFL,1.MTD,Fresh,,14.18,Disbursed,UDYAM_VALIDATION_SUCCESS_V2,165,
SHRIRAM,1.MTD,Renewal,,12.11,Application submitted by user,BUSINESS_PROOF_DOCUMENT_UPLOAD_SKIPPED,615,
NACL,1.MTD,TOP UP,,2.01,Workable leads,LEAD_CREATED,7128,
FULLERTON,1.MTD,Fresh,,1.11,Total leads,LOM_OFFER_RANKING_SUCCESS,8333,
FULLERTON,1.MTD,TOP UP,,11.27,Mandate done,MOB_TO_UDYAM_NOT_FOUND_V2,4292,
MFL,1.MTD,Fresh,,11.15,Mandate done,LENDER_ACCEPT_OFFER_INITIATED,197,
NACL,1.MTD,Fresh,,12.44,Application submitted by user,LENDER_GMV_SHARING_SUCCESS,1150,
PIRAMAL,1.MTD,Fresh,,7.11,KYC completed,LAS_KYC_AUDIT_REQUESTED,4275,
NACL,1.MTD,TOP UP,,2.09,Workable leads,BUREAU_ALTERNATE_MOBILE_NUMBER_REQUIRED,12,
PIRAMAL,1.MTD,BT,,1.1,Total leads,INITIATE_LOM_LRE_MIGRATION,18,
NACL,1.MTD,Renewal,,6.05,Selfie uploaded,LENDER_CREATE_APPLICATION_SUCCESS,1810,
MFL,1.MTD,TOP UP,,12.27,Application submitted by user,LOAN_APPLICATION_REJECTED,3,
FULLERTON,1.MTD,Renewal,,3.2,Bureau pull success,LENDER_UPDATE_SUCCESS,10,
FULLERTON,2.LMTD,Fresh,,14.11,Disbursed,LENDING_CIF_SUBMIT_SUCCESS,7930,
PIRAMAL,2.LMTD,Renewal,,9.14,Disbursal acc verified,KYB_SAVE_BUSINESS_DETAILS_SUCCESS,453,
SHRIRAM,2.LMTD,Renewal,,12.37,Application submitted by user,DIY_FI_REQUIRED,121,
FULLERTON,2.LMTD,TOP UP,,14.18,Disbursed,BUSINESS_PROOF_QC_SKIPPED,5058,
MFL,2.LMTD,TOP UP,,2.18,Workable leads,INITIATE_BUREAU,21,
FULLERTON,2.LMTD,Fresh,,12.3,Application submitted by user,PANEL_SUCCESS,571,
FULLERTON,2.LMTD,Renewal,,12.31,Application submitted by user,PREDISBURSAL_INITIATED,2276,
NACL,2.LMTD,Fresh,,7.08,KYC completed,BRE2_SUCCESS,1609,
PIRAMAL,2.LMTD,TOP UP,,0,Total leads,BUREAU_SUCCESS,5977,
MFL,2.LMTD,Renewal,,12.18,Application submitted by user,LOAN_QC_REJECTED,11,
MFL,2.LMTD,Fresh,,0,Total leads,MOB_TO_UDYAM_REQUEST_FAILURE,87,
SHRIRAM,2.LMTD,Fresh,,3.19,Bureau pull success,LENDER_UPDATE_INITIATED,1,
FULLERTON,2.LMTD,Renewal,,1.18,Total leads,LEAD_CLOSURE_INITIATED,475,
NACL,2.LMTD,TOP UP,,12.05,Application submitted by user,QC_REQUIRED,76,
FULLERTON_BUREAU,2.LMTD,Fresh,,12.2,Application submitted by user,SETTLEMENT_BANK_UPDATE_SUCCESS,3,
NACL,2.LMTD,Renewal,,11.18,Mandate done,MOB_TO_UDYAM_FETCHED,55,
SHRIRAM,2.LMTD,Renewal,,12.26,Application submitted by user,LOAN_QC_REJECTED,43,
FULLERTON_BUREAU,2.LMTD,Renewal,,12.27,Application submitted by user,LOAN_APPLICATION_ON_HOLD,4,
PIRAMAL,2.LMTD,TOP UP,,0,Total leads,BUREAU_OTP_SKIPPED,3,
FULLERTON,2.LMTD,TOP UP,,2.2,Workable leads,DATA_PREFILL_SUCCESS,55283,
MFL,2.LMTD,Fresh,,11.27,Mandate done,KYB_FETCH_MPA_REQ,343,
NACL,2.LMTD,TOP UP,,7.01,KYC completed,KYC_COMPLETED,1638,
SHRIRAM,2.LMTD,Fresh,,14.12,Disbursed,LAS_LENDER_AUDIT_SUCCESS,2025,
NACL,2.LMTD,Renewal,,8.06,BRE2 completed,FETCH_SETTLEMENT_BANK_ACCOUNT,632,
MFL,2.LMTD,Fresh,,11.25,Mandate done,SETTLEMENT_BANK_QC_DOC_REQUIRED,2,
NACL,2.LMTD,Fresh,,9.1,Disbursal acc verified,KYB_BUSINESS_DETAILS_NOT_REQUIRED,1576,
PIRAMAL,2.LMTD,TOP UP,,14.1,Disbursed,LMS_CALLBACK_SUCCESS,1000,
FULLERTON_BUREAU,2.LMTD,Renewal,,7.18,KYC completed,BRE2_SUCCESS,1331,
NACL,2.LMTD,Fresh,,12.14,Application submitted by user,BANK_QC_DOC_RE_UPLOAD_REQUIRED,4,
MFL,2.LMTD,Fresh,,14.18,Disbursed,UDYAM_VALIDATION_SUCCESS_V2,83,
SHRIRAM,2.LMTD,Renewal,,12.11,Application submitted by user,BUSINESS_PROOF_DOCUMENT_UPLOAD_SKIPPED,348,
NACL,2.LMTD,TOP UP,,2.01,Workable leads,LEAD_CREATED,5050,
FULLERTON,2.LMTD,Fresh,,1.11,Total leads,LOM_OFFER_RANKING_SUCCESS,4701,
FULLERTON,2.LMTD,TOP UP,,11.27,Mandate done,MOB_TO_UDYAM_NOT_FOUND_V2,4914,
MFL,2.LMTD,Fresh,,11.15,Mandate done,LENDER_ACCEPT_OFFER_INITIATED,507,
NACL,2.LMTD,Fresh,,12.44,Application submitted by user,LENDER_GMV_SHARING_SUCCESS,925,
PIRAMAL,2.LMTD,Fresh,,7.11,KYC completed,LAS_KYC_AUDIT_REQUESTED,4624,
NACL,2.LMTD,TOP UP,,2.09,Workable leads,BUREAU_ALTERNATE_MOBILE_NUMBER_REQUIRED,4,
SHRIRAM,2.LMTD,Fresh,,3.15,Bureau pull success,BRE1_FAILURE,1,
NACL,2.LMTD,Renewal,,6.05,Selfie uploaded,LENDER_CREATE_APPLICATION_SUCCESS,1563,
MFL,2.LMTD,TOP UP,,12.27,Application submitted by user,LOAN_APPLICATION_REJECTED,6,
FULLERTON,2.LMTD,Renewal,,3.2,Bureau pull success,LENDER_UPDATE_SUCCESS,4,
FULLERTON_BUREAU,1.MTD,Renewal,,11.15,Mandate done,PAN_QC_DOC_UPLOADED,7,
NACL,1.MTD,Renewal,,12.17,Application submitted by user,SETTLEMENT_BANK_QC_DOC_RE_UPLOADED,32,
PIRAMAL,1.MTD,TOP UP,,9.15,Disbursal acc verified,KYB_SAVE_BUSINESS_DETAILS_FAILURE,1,
FULLERTON_BUREAU,1.MTD,Renewal,,8.16,BRE2 completed,BANK_VALIDATION_FAILURE2,1,
SHRIRAM,1.MTD,Renewal,,10.12,Review submit,EMANDATE_REQUIRED,1174,
FULLERTON_BUREAU,1.MTD,Renewal,,12.19,Application submitted by user,RE_SUBMIT_SETTLEMENT_BANK,10,
SHRIRAM,1.MTD,Renewal,,6.17,Selfie uploaded,KYC_INITIATED,1637,
MFL,1.MTD,Renewal,,10.12,Review submit,UDYAM_VALIDATION_FAILURE,133,
NACL,1.MTD,Renewal,,6.02,Selfie uploaded,INITIATE_LENDER_CREATE_APPLICATION,1841,
FULLERTON,1.MTD,Renewal,,10.12,Review submit,EMANDATE_REQUIRED,3010,
PIRAMAL,1.MTD,Fresh,,8.17,BRE2 completed,SETTLEMENT_BANK_VALIDATION_SUCCESS,5,
NACL,1.MTD,Fresh,,7.01,KYC completed,KYC_COMPLETED,2186,
PIRAMAL,1.MTD,BT,,0,Total leads,SETTLEMENT_BANK_QC_DOC_REQUIRED,3,
FULLERTON,1.MTD,TOP UP,,11.15,Mandate done,PAN_QC_DOC_UPLOADED,98,
FULLERTON,1.MTD,Renewal,,6.11,Selfie uploaded,KYC_SELFIE_REUPLOAD_REQUIRED,151,
PIRAMAL,1.MTD,Renewal,,13.11,Submit to LMS,LMS_CALLBACK_REJECTED,9,
SHRIRAM,1.MTD,Renewal,,11.15,Mandate done,BANK_QC_DOC_UPLOAD_REQUIRED,25,
FULLERTON_BUREAU,1.MTD,Fresh,,7.12,KYC completed,SERVICEABILITY_ACCEPTED,9665,
NACL,1.MTD,Renewal,,1.01,Total leads,LEAD_RESET_IN_PROCESS,991,
PIRAMAL,1.MTD,TOP UP,,0,Total leads,PANEL_SUCCESS,21,
FULLERTON,1.MTD,TOP UP,,2.25,Workable leads,BUREAU_RETRYABLE_ERROR,8,
SHRIRAM,1.MTD,Fresh,,12.11,Application submitted by user,BUSINESS_PROOF_DOCUMENT_UPLOAD_SKIPPED,2982,
PIRAMAL,1.MTD,Fresh,,12.11,Application submitted by user,PREDISBURSAL_SUCCESS,1893,
FULLERTON_BUREAU,1.MTD,Fresh,,1.18,Total leads,LEAD_CLOSURE_INITIATED,5576,
FULLERTON_BUREAU,1.MTD,Renewal,,12.17,Application submitted by user,QC_ACTION_PENDING,139,
NACL,1.MTD,Renewal,,1.02,Total leads,LEAD_CLOSURE_INITIATED,528,
FULLERTON,1.MTD,TOP UP,,12.12,Application submitted by user,BUSINESS_PROOF_UDYAM_VERIFICATION_SUCCESS,3225,
PIRAMAL,1.MTD,Fresh,,0,Total leads,LOM_OFFER_RANKING_REJECTED,60,
NACL,1.MTD,Fresh,,8.1,BRE2 completed,BANK_VALIDATION_PENDING,332,
SHRIRAM,1.MTD,Renewal,,12.34,Application submitted by user,BUSINESS_APPROVAL_NOT_REQUIRED,936,
FULLERTON_BUREAU,1.MTD,Fresh,,11.1,Mandate done,EMANDATE_SUCCESS,3296,
NACL,1.MTD,Renewal,,12.39,Application submitted by user,LENDER_DOCUMENT_UPLOAD_SUCCESS,846,
FULLERTON,1.MTD,Renewal,,7.16,KYC completed,BRE2_REQUEST_FAILURE,2,
NACL,1.MTD,TOP UP,,12.16,Application submitted by user,SETTLEMENT_BANK_QC_DOC_RE_UPLOAD_REQUIRED,19,
SHRIRAM,1.MTD,Renewal,,7.11,KYC completed,BRE2_REQUESTED,1369,
SHRIRAM,1.MTD,Renewal,,12.27,Application submitted by user,PANEL_SUCCESS,170,
FULLERTON,1.MTD,Renewal,,12.14,Application submitted by user,UDYAM_VALIDATION_FAILURE,65,
NACL,1.MTD,Fresh,,6.1,Selfie uploaded,KYC_SELFIE_REUPLOAD_REQUIRED,87,
FULLERTON,1.MTD,Renewal,,0,Total leads,LENDER_LOAN_AGREEMENT_UPLOAD_SUCCESS,816,
FULLERTON_BUREAU,1.MTD,Renewal,,11.17,Mandate done,BANK_QC_DOC_UPLOADED,33,
FULLERTON_BUREAU,1.MTD,Renewal,,1.11,Total leads,LOM_OFFER_RANKING_SUCCESS,1743,
NACL,1.MTD,Fresh,,12.39,Application submitted by user,LENDER_DOCUMENT_UPLOAD_SUCCESS,1197,
NACL,1.MTD,Renewal,,14.03,Disbursed,LENDING_CIF_SUBMIT_SUCCESS,681,
NACL,1.MTD,Fresh,,4.02,BRE1 completed,LRE_FLOW_COMPLETED,3455,
NACL,1.MTD,TOP UP,,8.11,BRE2 completed,BANK_VERIFICATION_FAILURE,4,
MFL,1.MTD,Fresh,,6.18,Selfie uploaded,DEDUPE_PASSED,662,
PIRAMAL,1.MTD,Fresh,,4.1,BRE1 completed,BRE1_SUCCESS,1,
FULLERTON,1.MTD,TOP UP,,14.12,Disbursed,LAS_LENDER_AUDIT_SUCCESS,12370,
SHRIRAM,1.MTD,Fresh,,2.1,Workable leads,LEAD_CREATED,8016,
FULLERTON,1.MTD,TOP UP,,11.17,Mandate done,BANK_QC_DOC_UPLOADED,112,
FULLERTON_BUREAU,1.MTD,Fresh,,8.1,BRE2 completed,BRE2_COMPLETED,4170,
LRE,1.MTD,Renewal,,0,Unmapped,INITIATE_BUREAU,9,
MFL,1.MTD,Fresh,,10.18,Review submit,EMANDATE_REQUIRED_V2,275,
FULLERTON_BUREAU,1.MTD,Renewal,,14.12,Disbursed,LAS_LENDER_AUDIT_SUCCESS,1079,
FULLERTON,1.MTD,Fresh,,12.5,Application submitted by user,LMS_SUBMIT_APPLICATION_FAILED,24,
MFL,1.MTD,TOP UP,,4.1,BRE1 completed,BRE1_SUCCESS,2538,
NACL,1.MTD,Renewal,,8.12,BRE2 completed,BANK_VALIDATION_FAILURE2,1,
LRE,1.MTD,Fresh,,0,Unmapped,PAN_DEDUPE_FAILED,1,
FULLERTON_BUREAU,1.MTD,Renewal,,11.13,Mandate done,SETTLEMENT_BANK_VALIDATION_SUCCESS_V2,1439,
NACL,1.MTD,Fresh,,12.41,Application submitted by user,LENDER_GMV_SHARING_INITIATED,1197,
FULLERTON,1.MTD,TOP UP,,11.16,Mandate done,BANK_QC_DOC_UPLOAD_REQUIRED,111,
MFL,1.MTD,TOP UP,,11.24,Mandate done,BANK_QC_DOC_UPLOADED,5,
SHRIRAM,1.MTD,Renewal,,11.26,Mandate done,MOB_TO_UDYAM_NOT_FOUND_V2,491,
SHRIRAM,1.MTD,Fresh,,1.1,Total leads,LEAD_RESET_IN_PROCESS,3313,
FULLERTON,1.MTD,Renewal,,3.18,Bureau pull success,LENDER_UPDATE_INITIATED,10,
PIRAMAL,1.MTD,Fresh,,4.13,BRE1 completed,LOM_OFFER_RANKING_SUCCESS,4572,
NACL,1.MTD,Renewal,,6.04,Selfie uploaded,LENDER_CREATE_APPLICATION_FAILURE,68,
FULLERTON_BUREAU,1.MTD,Renewal,,7.1,KYC completed,KYC_COMPLETED,3693,
FULLERTON_BUREAU,1.MTD,Fresh,,12.36,Application submitted by user,LOAN_APPLICATION_ACCEPTED,3186,
FULLERTON_BUREAU,2.LMTD,Renewal,,11.15,Mandate done,PAN_QC_DOC_UPLOADED,5,
NACL,2.LMTD,Renewal,,12.17,Application submitted by user,SETTLEMENT_BANK_QC_DOC_RE_UPLOADED,3,
FULLERTON_BUREAU,2.LMTD,Renewal,,8.16,BRE2 completed,BANK_VALIDATION_FAILURE2,1,
SHRIRAM,2.LMTD,Renewal,,10.12,Review submit,EMANDATE_REQUIRED,769,
SHRIRAM,2.LMTD,Renewal,,6.17,Selfie uploaded,KYC_INITIATED,1100,
FULLERTON,2.LMTD,AD,,12.35,Application submitted by user,LOAN_APPLICATION_REJECTED,1,
MFL,2.LMTD,Renewal,,10.12,Review submit,UDYAM_VALIDATION_FAILURE,157,
NACL,2.LMTD,Renewal,,6.02,Selfie uploaded,INITIATE_LENDER_CREATE_APPLICATION,1605,
FULLERTON,2.LMTD,Renewal,,10.12,Review submit,EMANDATE_REQUIRED,2574,
PIRAMAL,2.LMTD,Fresh,,8.17,BRE2 completed,SETTLEMENT_BANK_VALIDATION_SUCCESS,28,
NACL,2.LMTD,Fresh,,7.01,KYC completed,KYC_COMPLETED,2115,
FULLERTON,2.LMTD,TOP UP,,11.15,Mandate done,PAN_QC_DOC_UPLOADED,64,
FULLERTON,2.LMTD,Renewal,,6.11,Selfie uploaded,KYC_SELFIE_REUPLOAD_REQUIRED,198,
PIRAMAL,2.LMTD,Renewal,,13.11,Submit to LMS,LMS_CALLBACK_REJECTED,6,
SHRIRAM,2.LMTD,Renewal,,11.15,Mandate done,BANK_QC_DOC_UPLOAD_REQUIRED,18,
FULLERTON_BUREAU,2.LMTD,Fresh,,7.12,KYC completed,SERVICEABILITY_ACCEPTED,7838,
NACL,2.LMTD,Renewal,,1.01,Total leads,LEAD_RESET_IN_PROCESS,525,
PIRAMAL,2.LMTD,TOP UP,,0,Total leads,PANEL_SUCCESS,13,
FULLERTON,2.LMTD,TOP UP,,2.25,Workable leads,BUREAU_RETRYABLE_ERROR,11,
SHRIRAM,2.LMTD,Fresh,,12.11,Application submitted by user,BUSINESS_PROOF_DOCUMENT_UPLOAD_SKIPPED,2193,
PIRAMAL,2.LMTD,Fresh,,12.11,Application submitted by user,PREDISBURSAL_SUCCESS,2214,
FULLERTON_BUREAU,2.LMTD,Fresh,,1.18,Total leads,LEAD_CLOSURE_INITIATED,4586,
FULLERTON_BUREAU,2.LMTD,Renewal,,12.17,Application submitted by user,QC_ACTION_PENDING,102,
NACL,2.LMTD,Renewal,,1.02,Total leads,LEAD_CLOSURE_INITIATED,467,
FULLERTON,2.LMTD,TOP UP,,12.12,Application submitted by user,BUSINESS_PROOF_UDYAM_VERIFICATION_SUCCESS,3444,
PIRAMAL,2.LMTD,Fresh,,0,Total leads,LOM_OFFER_RANKING_REJECTED,18,
NACL,2.LMTD,Fresh,,8.1,BRE2 completed,BANK_VALIDATION_PENDING,506,
SHRIRAM,2.LMTD,Renewal,,12.34,Application submitted by user,BUSINESS_APPROVAL_NOT_REQUIRED,576,
FULLERTON_BUREAU,2.LMTD,Fresh,,11.1,Mandate done,EMANDATE_SUCCESS,2705,
NACL,2.LMTD,Renewal,,12.39,Application submitted by user,LENDER_DOCUMENT_UPLOAD_SUCCESS,376,
NACL,2.LMTD,TOP UP,,12.16,Application submitted by user,SETTLEMENT_BANK_QC_DOC_RE_UPLOAD_REQUIRED,9,
SHRIRAM,2.LMTD,Renewal,,7.11,KYC completed,BRE2_REQUESTED,940,
PIRAMAL,2.LMTD,BT,,12.36,Application submitted by user,DIY_FI_REQUIRED,4,
SHRIRAM,2.LMTD,Renewal,,12.27,Application submitted by user,PANEL_SUCCESS,95,
FULLERTON,2.LMTD,Renewal,,12.14,Application submitted by user,UDYAM_VALIDATION_FAILURE,50,
FULLERTON,2.LMTD,Fresh,,2.12,Workable leads,EMAIL_VERIFICATION_SUCCESS,1,
NACL,2.LMTD,Fresh,,6.1,Selfie uploaded,KYC_SELFIE_REUPLOAD_REQUIRED,147,
FULLERTON_BUREAU,2.LMTD,Renewal,,11.17,Mandate done,BANK_QC_DOC_UPLOADED,25,
FULLERTON_BUREAU,2.LMTD,Renewal,,1.11,Total leads,LOM_OFFER_RANKING_SUCCESS,1525,
NACL,2.LMTD,Fresh,,12.39,Application submitted by user,LENDER_DOCUMENT_UPLOAD_SUCCESS,925,
NACL,2.LMTD,Renewal,,14.03,Disbursed,LENDING_CIF_SUBMIT_SUCCESS,313,
NACL,2.LMTD,Fresh,,4.02,BRE1 completed,LRE_FLOW_COMPLETED,3268,
NACL,2.LMTD,TOP UP,,8.11,BRE2 completed,BANK_VERIFICATION_FAILURE,18,
MFL,2.LMTD,Fresh,,6.18,Selfie uploaded,DEDUPE_PASSED,1077,
FULLERTON,2.LMTD,TOP UP,,14.12,Disbursed,LAS_LENDER_AUDIT_SUCCESS,11272,
SHRIRAM,2.LMTD,Fresh,,2.1,Workable leads,LEAD_CREATED,7090,
NACL,2.LMTD,TOP UP,,12.29,Application submitted by user,BUSINESS_APPROVAL_AWAITED,1,
FULLERTON,2.LMTD,TOP UP,,11.17,Mandate done,BANK_QC_DOC_UPLOADED,103,
PIRAMAL,2.LMTD,Fresh,,0,Total leads,PREDISBURSAL_REJECTED,1,
FULLERTON_BUREAU,2.LMTD,Fresh,,8.1,BRE2 completed,BRE2_COMPLETED,3619,
MFL,2.LMTD,Fresh,,10.18,Review submit,EMANDATE_REQUIRED_V2,468,
FULLERTON_BUREAU,2.LMTD,Renewal,,14.12,Disbursed,LAS_LENDER_AUDIT_SUCCESS,848,
FULLERTON,2.LMTD,Fresh,,12.5,Application submitted by user,LMS_SUBMIT_APPLICATION_FAILED,15,
MFL,2.LMTD,TOP UP,,4.1,BRE1 completed,BRE1_SUCCESS,1833,
NACL,2.LMTD,Renewal,,8.12,BRE2 completed,BANK_VALIDATION_FAILURE2,3,
LRE,2.LMTD,Fresh,,0,Unmapped,PAN_DEDUPE_FAILED,1,
FULLERTON_BUREAU,2.LMTD,Renewal,,11.13,Mandate done,SETTLEMENT_BANK_VALIDATION_SUCCESS_V2,1072,
FULLERTON,2.LMTD,Renewal,,3.14,Bureau pull success,BRE1_FAILURE,1,
NACL,2.LMTD,Fresh,,12.41,Application submitted by user,LENDER_GMV_SHARING_INITIATED,925,
FULLERTON,2.LMTD,TOP UP,,11.16,Mandate done,BANK_QC_DOC_UPLOAD_REQUIRED,107,
MFL,2.LMTD,TOP UP,,11.24,Mandate done,BANK_QC_DOC_UPLOADED,9,
SHRIRAM,2.LMTD,Renewal,,11.26,Mandate done,MOB_TO_UDYAM_NOT_FOUND_V2,269,
FULLERTON,2.LMTD,AD,,11.26,Mandate done,MOB_TO_UDYAM_REQUEST_FAILURE,7,
SHRIRAM,2.LMTD,Fresh,,1.1,Total leads,LEAD_RESET_IN_PROCESS,1596,
FULLERTON,2.LMTD,Renewal,,3.18,Bureau pull success,LENDER_UPDATE_INITIATED,4,
PIRAMAL,2.LMTD,Fresh,,4.13,BRE1 completed,LOM_OFFER_RANKING_SUCCESS,2945,
NACL,2.LMTD,Renewal,,6.04,Selfie uploaded,LENDER_CREATE_APPLICATION_FAILURE,39,
FULLERTON_BUREAU,2.LMTD,Renewal,,7.1,KYC completed,KYC_COMPLETED,2876,
FULLERTON_BUREAU,2.LMTD,Fresh,,12.36,Application submitted by user,LOAN_APPLICATION_ACCEPTED,2643,
SHRIRAM,1.MTD,Renewal,,14.12,Disbursed,LAS_LENDER_AUDIT_SUCCESS,680,
MFL,1.MTD,TOP UP,,6.22,Selfie uploaded,KYC_RETRYABLE_FAILURE,181,
FULLERTON_BUREAU,1.MTD,Renewal,,6.14,Selfie uploaded,KYC_RETRYABLE_FAILURE,116,
FULLERTON,1.MTD,Renewal,,12.22,Application submitted by user,PAN_QC_DOC_RE_UPLOADED,3,
FULLERTON,1.MTD,Fresh,,12.33,Application submitted by user,PREDISBURSAL_SUCCESS,12,
NACL,1.MTD,Fresh,,9.03,Disbursal acc verified,GST_VERIFICATION_FAILURE,6,
NACL,1.MTD,Renewal,,12.01,Application submitted by user,UC_IN_PROGRESS,402,
SHRIRAM,1.MTD,Fresh,,13.1,Submit to LMS,LMS_SUBMIT_APPLICATION_SUCCESS,3377,
FULLERTON_BUREAU,1.MTD,Renewal,,12.42,Application submitted by user,LIS_DATA_UPDATE_FAILED,36,
FULLERTON_BUREAU,1.MTD,Fresh,,10.11,Review submit,LUP_CREATION_SUCCESS,3149,
PIRAMAL,1.MTD,BT,,8.1,BRE2 completed,BRE2_SUCCESS,558,
FULLERTON,1.MTD,Renewal,,3.11,Bureau pull success,BRE1_REQUESTED,18,
NACL,1.MTD,TOP UP,,2.05,Workable leads,PAN_DEDUPE_FAILED,1,
NACL,1.MTD,Renewal,,12.25,Application submitted by user,LOAN_APPLICATION_REJECTED,42,
NACL,1.MTD,Fresh,,3.05,Bureau pull success,OFFER_RANKING_INITIATED,2093,
MFL,1.MTD,Fresh,,0,Total leads,LOM_LRE_MIGRATION_INITIATED,279,
FULLERTON,1.MTD,Fresh,,13.1,Submit to LMS,LMS_SUBMIT_APPLICATION_SUCCESS,8316,
PIRAMAL,1.MTD,Fresh,,0,Total leads,LIS_CREATE_APPLICATION_REQUEST_FAILURE,8,
FULLERTON,1.MTD,TOP UP,,12.39,Application submitted by user,DIY_FI_REQUIRED,53,
SHRIRAM,1.MTD,Fresh,,12.25,Application submitted by user,QC_REJECTED,5,
MFL,1.MTD,Fresh,,12.31,Application submitted by user,LENDER_DOCUMENT_UPLOAD_FAILURE,1,
FULLERTON_BUREAU,1.MTD,Renewal,,12.4,Application submitted by user,DIY_FI_DOC_UPLOADED,16,
MFL,1.MTD,Fresh,,12.19,Application submitted by user,PANEL_SUCCESS,137,
PIRAMAL,1.MTD,BT,,10.1,Review submit,LOAN_AGREEMENT_SUCCESS,460,
MFL,1.MTD,Fresh,,11.17,Mandate done,LENDER_OFFER_EXPIRED,1,
FULLERTON_BUREAU,1.MTD,Fresh,,12.45,Application submitted by user,LENDER_DOCUMENT_UPLOAD_SUCCESS,3145,
MFL,1.MTD,Renewal,,12.19,Application submitted by user,PANEL_SUCCESS,67,
FULLERTON,1.MTD,TOP UP,,0,Total leads,LENDING_CIF_SUBMIT_FAILURE,12,
FULLERTON,1.MTD,TOP UP,,12.3,Application submitted by user,PANEL_SUCCESS,472,
MFL,1.MTD,Fresh,,7.1,KYC completed,KYC_COMPLETED,537,
PIRAMAL,1.MTD,TOP UP,,2.11,Workable leads,PAN_DEDUPE_FAILED,1,
MFL,1.MTD,Renewal,,2.1,Workable leads,LEAD_CREATED,301,
MFL,1.MTD,Fresh,,12.11,Application submitted by user,UC_COMPLETED,220,
FULLERTON,1.MTD,Renewal,,7.1,KYC completed,KYC_COMPLETED,4734,
FULLERTON,1.MTD,Fresh,,12.19,Application submitted by user,RE_SUBMIT_SETTLEMENT_BANK,30,
FULLERTON,1.MTD,Fresh,,8.2,BRE2 completed,SETTLEMENT_BANK_DETAILS_FETCHED,11026,
MFL,1.MTD,Fresh,,6.2,Selfie uploaded,KYC_INITIATED,835,
FULLERTON,1.MTD,Renewal,,6.14,Selfie uploaded,KYC_RETRYABLE_FAILURE,151,
PIRAMAL,1.MTD,Renewal,,12.11,Application submitted by user,PREDISBURSAL_SUCCESS,362,
NACL,1.MTD,Fresh,,12.29,Application submitted by user,BUSINESS_APPROVAL_AWAITED,36,
FULLERTON,1.MTD,Fresh,,3.14,Bureau pull success,BRE1_FAILURE,16,
MFL,1.MTD,Renewal,,14.16,Disbursed,UDYAM_VALIDATION_PENDING,92,
SHRIRAM,1.MTD,Renewal,,11.23,Mandate done,BUSINESS_PROOF_UDYAM_VERIFICATION_FAILURE,691,
FULLERTON,1.MTD,AD,,6.13,Selfie uploaded,KYC_FAILED,105,
FULLERTON,1.MTD,TOP UP,,0,Total leads,LENDER_LOAN_AGREEMENT_UPLOAD_SUCCESS,3176,
FULLERTON,1.MTD,Fresh,,3.1,Bureau pull success,BUREAU_SUCCESS,58,
MFL,1.MTD,Renewal,,11.18,Mandate done,LOAN_AGREEMENT_PENDING,98,
SHRIRAM,2.LMTD,Renewal,,14.12,Disbursed,LAS_LENDER_AUDIT_SUCCESS,433,
MFL,2.LMTD,TOP UP,,6.22,Selfie uploaded,KYC_RETRYABLE_FAILURE,88,
FULLERTON_BUREAU,2.LMTD,Renewal,,6.14,Selfie uploaded,KYC_RETRYABLE_FAILURE,138,
FULLERTON,2.LMTD,Renewal,,12.22,Application submitted by user,PAN_QC_DOC_RE_UPLOADED,6,
FULLERTON,2.LMTD,Fresh,,12.33,Application submitted by user,PREDISBURSAL_SUCCESS,470,
NACL,2.LMTD,Fresh,,9.03,Disbursal acc verified,GST_VERIFICATION_FAILURE,11,
NACL,2.LMTD,Renewal,,12.01,Application submitted by user,UC_IN_PROGRESS,218,
SHRIRAM,2.LMTD,Fresh,,13.1,Submit to LMS,LMS_SUBMIT_APPLICATION_SUCCESS,2375,
FULLERTON_BUREAU,2.LMTD,Renewal,,12.42,Application submitted by user,LIS_DATA_UPDATE_FAILED,36,
FULLERTON_BUREAU,2.LMTD,Fresh,,10.11,Review submit,LUP_CREATION_SUCCESS,2599,
PIRAMAL,2.LMTD,BT,,8.1,BRE2 completed,BRE2_SUCCESS,423,
FULLERTON,2.LMTD,Renewal,,3.11,Bureau pull success,BRE1_REQUESTED,15,
NACL,2.LMTD,Renewal,,12.25,Application submitted by user,LOAN_APPLICATION_REJECTED,13,
NACL,2.LMTD,Fresh,,3.05,Bureau pull success,OFFER_RANKING_INITIATED,678,
MFL,2.LMTD,Fresh,,0,Total leads,LOM_LRE_MIGRATION_INITIATED,178,
NACL,2.LMTD,Fresh,,11.04,Mandate done,SKIP_UC_CHECK,33,
FULLERTON,2.LMTD,Fresh,,13.1,Submit to LMS,LMS_SUBMIT_APPLICATION_SUCCESS,8408,
PIRAMAL,2.LMTD,Fresh,,0,Total leads,LIS_CREATE_APPLICATION_REQUEST_FAILURE,10,
FULLERTON,2.LMTD,TOP UP,,12.39,Application submitted by user,DIY_FI_REQUIRED,122,
SHRIRAM,2.LMTD,Fresh,,12.25,Application submitted by user,QC_REJECTED,10,
FULLERTON_BUREAU,2.LMTD,Renewal,,12.4,Application submitted by user,DIY_FI_DOC_UPLOADED,20,
MFL,2.LMTD,Fresh,,12.19,Application submitted by user,PANEL_SUCCESS,139,
PIRAMAL,2.LMTD,BT,,10.1,Review submit,LOAN_AGREEMENT_SUCCESS,354,
MFL,2.LMTD,Fresh,,11.17,Mandate done,LENDER_OFFER_EXPIRED,3,
FULLERTON_BUREAU,2.LMTD,Fresh,,12.45,Application submitted by user,LENDER_DOCUMENT_UPLOAD_SUCCESS,2589,
MFL,2.LMTD,Renewal,,12.19,Application submitted by user,PANEL_SUCCESS,89,
FULLERTON,2.LMTD,TOP UP,,12.3,Application submitted by user,PANEL_SUCCESS,397,
MFL,2.LMTD,Fresh,,7.1,KYC completed,KYC_COMPLETED,884,
MFL,2.LMTD,Renewal,,2.1,Workable leads,LEAD_CREATED,426,
MFL,2.LMTD,Fresh,,12.11,Application submitted by user,UC_COMPLETED,309,
FULLERTON,2.LMTD,Renewal,,7.1,KYC completed,KYC_COMPLETED,4078,
FULLERTON,2.LMTD,Fresh,,12.19,Application submitted by user,RE_SUBMIT_SETTLEMENT_BANK,22,
FULLERTON,2.LMTD,Fresh,,8.2,BRE2 completed,SETTLEMENT_BANK_DETAILS_FETCHED,12688,
MFL,2.LMTD,Fresh,,6.2,Selfie uploaded,KYC_INITIATED,1222,
MFL,2.LMTD,TOP UP,,12.28,Application submitted by user,APPROVED_BY_BUSINESS,1,
PIRAMAL,2.LMTD,Renewal,,7.12,KYC completed,LAS_KYC_AUDIT_FAILURE,1,
FULLERTON,2.LMTD,Renewal,,6.14,Selfie uploaded,KYC_RETRYABLE_FAILURE,198,
PIRAMAL,2.LMTD,Renewal,,12.11,Application submitted by user,PREDISBURSAL_SUCCESS,360,
NACL,2.LMTD,Fresh,,12.29,Application submitted by user,BUSINESS_APPROVAL_AWAITED,71,
FULLERTON,2.LMTD,Fresh,,3.14,Bureau pull success,BRE1_FAILURE,12,
MFL,2.LMTD,Renewal,,14.16,Disbursed,UDYAM_VALIDATION_PENDING,49,
SHRIRAM,2.LMTD,Renewal,,11.23,Mandate done,BUSINESS_PROOF_UDYAM_VERIFICATION_FAILURE,392,
FULLERTON,2.LMTD,Renewal,,5.1,Loan offer accepted,LOAN_OFFER_ACCEPTED,1,
FULLERTON,2.LMTD,AD,,6.13,Selfie uploaded,KYC_FAILED,120,
FULLERTON,2.LMTD,Fresh,,3.1,Bureau pull success,BUREAU_SUCCESS,56,
MFL,2.LMTD,Renewal,,11.18,Mandate done,LOAN_AGREEMENT_PENDING,207,
NACL,1.MTD,Renewal,,9.01,Disbursal acc verified,BANKING_ACTION_DONE,1059,
FULLERTON,1.MTD,AD,,8.19,BRE2 completed,FETCH_SETTLEMENT_BANK_ACCOUNT,93,
PIRAMAL,1.MTD,BT,,11.11,Mandate done,SETTLEMENT_BANK_VALIDATION_SUCCESS,438,
FULLERTON,1.MTD,Fresh,,11.24,Mandate done,BUSINESS_PROOF_UDYAM_VERIFICATION_FAILURE,7340,
SHRIRAM,1.MTD,Renewal,,14.1,Disbursed,LMS_CALLBACK_SUCCESS,680,
MFL,1.MTD,Renewal,,11.27,Mandate done,KYB_FETCH_MPA_REQ,85,
FULLERTON_BUREAU,1.MTD,Fresh,,13.1,Submit to LMS,LMS_SUBMIT_APPLICATION_SUCCESS,2992,
NACL,1.MTD,Fresh,,12.49,Application submitted by user,LENDER_MVR_SHARING_SUCCESS,974,
PIRAMAL,1.MTD,Fresh,,0,Total leads,APPROVED_BY_BUSINESS,187,
MFL,1.MTD,Fresh,,7.11,KYC completed,BRE2_REQUESTED,537,
FULLERTON,1.MTD,Fresh,,2.26,Workable leads,BUREAU_ADDITIONAL_DATA_REQUIRED,1,
MFL,1.MTD,Fresh,,14.13,Disbursed,BUSINESS_PROOF_QC_ACTION_PENDING,41,
MFL,1.MTD,Renewal,,11.24,Mandate done,BANK_QC_DOC_UPLOADED,5,
FULLERTON_BUREAU,1.MTD,Fresh,,7.18,KYC completed,BRE2_SUCCESS,4170,
FULLERTON,1.MTD,Fresh,,8.17,BRE2 completed,BANK_VERIFICATION_FAILURE,233,
PIRAMAL,1.MTD,Fresh,,10.11,Review submit,EMANDATE_REQUIRED,2074,
MFL,1.MTD,Fresh,,11.22,Mandate done,PAN_QC_DOC_UPLOADED,16,
FULLERTON_BUREAU,1.MTD,Renewal,,12.23,Application submitted by user,BANK_QC_DOC_RE_UPLOAD_REQUIRED,3,
PIRAMAL,1.MTD,BT,,8.17,BRE2 completed,BANK_VALIDATION_PENDING,66,
PIRAMAL,1.MTD,Fresh,,14.11,Disbursed,LENDING_CIF_SUBMIT_FAILURE,3,
FULLERTON,1.MTD,Fresh,,14.18,Disbursed,BUSINESS_PROOF_QC_SKIPPED,1828,
MFL,1.MTD,Renewal,,0,Total leads,LEAD_FAILURE,421,
NACL,1.MTD,TOP UP,,12.2,Application submitted by user,PANEL_SUCCESS,92,
FULLERTON,1.MTD,Renewal,,12.36,Application submitted by user,LOAN_APPLICATION_ACCEPTED,2726,
NACL,1.MTD,Fresh,,11.1,Mandate done,KYB_BUSINESS_DETAILS_REQUIRED,1,
PIRAMAL,1.MTD,BT,,14.11,Disbursed,LENDING_CIF_SUBMIT_SUCCESS,425,
PIRAMAL,1.MTD,TOP UP,,5.12,Loan offer accepted,LENDER_SUBMIT_FAILURE,1,
FULLERTON,1.MTD,TOP UP,,14.14,Disbursed,BUSINESS_PROOF_QC_REQUIRED,1556,
SHRIRAM,1.MTD,Renewal,,12.25,Application submitted by user,QC_REJECTED,3,
NACL,1.MTD,TOP UP,,1.03,Total leads,LEAD_FAILURE,8106,
MFL,1.MTD,Fresh,,6.14,Selfie uploaded,LENDER_CREATE_APPLICATION_SUCCESS,662,
FULLERTON,1.MTD,Renewal,,14.1,Disbursed,LMS_CALLBACK_SUCCESS,2404,
FULLERTON_BUREAU,1.MTD,Renewal,,12.16,Application submitted by user,PREDISBURSAL_FAILED,5,
FULLERTON_BUREAU,1.MTD,Renewal,,3.16,Bureau pull success,OFFER_RANKING_REJECTED,2,
FULLERTON,1.MTD,TOP UP,,3.11,Bureau pull success,BRE1_REQUESTED,53276,
MFL,1.MTD,TOP UP,,12.13,Application submitted by user,LENDER_UPDATE_APPLICATION_FAILURE,30,
PIRAMAL,1.MTD,BT,,3.13,Bureau pull success,BRE1_FAILURE,2292,
MFL,1.MTD,Fresh,,7.13,KYC completed,BRE2_FAILURE,202,
SHRIRAM,1.MTD,Renewal,,14.19,Disbursed,LENDING_CIF_UPDATE_SUCCESS,300,
FULLERTON_BUREAU,1.MTD,Renewal,,3.11,Bureau pull success,BRE1_REQUESTED,6,
PIRAMAL,1.MTD,BT,,12.3,Application submitted by user,PREDISBURSAL_INITIATED,408,
FULLERTON,1.MTD,Renewal,,8.18,BRE2 completed,MAQUETTE_FRAUD_CHECK_FAILURE,59,
FULLERTON,1.MTD,Renewal,,12.49,Application submitted by user,LMS_SANCTION_ID_FOUND,1622,
FULLERTON_BUREAU,1.MTD,Renewal,,5.16,Loan offer accepted,FETCH_EMI_INFO_SUCCESS,6,
SHRIRAM,1.MTD,Renewal,,6.19,Selfie uploaded,KYC_RETRYABLE_FAILURE,22,
FULLERTON,1.MTD,AD,,11.13,Mandate done,SETTLEMENT_BANK_VALIDATION_SUCCESS_V2,86,
FULLERTON,1.MTD,TOP UP,,12.32,Application submitted by user,PREDISBURSAL_REJECTED,1,
FULLERTON,1.MTD,TOP UP,,12.47,Application submitted by user,LIS_SUBMIT_SUCCESS,11337,
PIRAMAL,1.MTD,TOP UP,,7.2,KYC completed,BRE2_FAILURE,980,
PIRAMAL,1.MTD,Renewal,,15.13,Lead closed,LAS_LENDER_AUDIT_SUCCESS,370,
NACL,1.MTD,Renewal,,11.02,Mandate done,SETTLEMENT_BANK_VALIDATION_REQUIRED_V2,920,
FULLERTON_BUREAU,1.MTD,Renewal,,11.31,Mandate done,BUSINESS_PROOF_VERIFICATION_SKIPPED,1440,
NACL,1.MTD,Fresh,,11.06,Mandate done,BUSINESS_PROOF_DOCUMENT_REQUIRED,41,
NACL,1.MTD,TOP UP,,11.03,Mandate done,SETTLEMENT_BANK_VALIDATION_SUCCESS_V2,769,
PIRAMAL,1.MTD,TOP UP,,6.14,Selfie uploaded,KYC_SELFIE_UPLOADED,2028,
FULLERTON,1.MTD,Renewal,,5.12,Loan offer accepted,KYC_IN_PROGRESS,6179,
PIRAMAL,1.MTD,Renewal,,14.11,Disbursed,LENDING_CIF_SUBMIT_FAILURE,1,
NACL,2.LMTD,Renewal,,9.01,Disbursal acc verified,BANKING_ACTION_DONE,622,
FULLERTON,2.LMTD,AD,,8.19,BRE2 completed,FETCH_SETTLEMENT_BANK_ACCOUNT,243,
PIRAMAL,2.LMTD,BT,,11.11,Mandate done,SETTLEMENT_BANK_VALIDATION_SUCCESS,329,
FULLERTON,2.LMTD,Fresh,,11.24,Mandate done,BUSINESS_PROOF_UDYAM_VERIFICATION_FAILURE,7921,
SHRIRAM,2.LMTD,Renewal,,14.1,Disbursed,LMS_CALLBACK_SUCCESS,433,
MFL,2.LMTD,Renewal,,11.27,Mandate done,KYB_FETCH_MPA_REQ,111,
FULLERTON_BUREAU,2.LMTD,Fresh,,13.1,Submit to LMS,LMS_SUBMIT_APPLICATION_SUCCESS,2496,
NACL,2.LMTD,Fresh,,12.49,Application submitted by user,LENDER_MVR_SHARING_SUCCESS,814,
PIRAMAL,2.LMTD,Fresh,,0,Total leads,APPROVED_BY_BUSINESS,97,
MFL,2.LMTD,Fresh,,7.11,KYC completed,BRE2_REQUESTED,884,
FULLERTON,2.LMTD,Fresh,,2.26,Workable leads,BUREAU_ADDITIONAL_DATA_REQUIRED,1,
MFL,2.LMTD,Fresh,,14.13,Disbursed,BUSINESS_PROOF_QC_ACTION_PENDING,23,
MFL,2.LMTD,Renewal,,11.24,Mandate done,BANK_QC_DOC_UPLOADED,3,
FULLERTON_BUREAU,2.LMTD,Fresh,,7.18,KYC completed,BRE2_SUCCESS,3619,
FULLERTON,2.LMTD,Fresh,,8.17,BRE2 completed,BANK_VERIFICATION_FAILURE,327,
PIRAMAL,2.LMTD,Fresh,,10.11,Review submit,EMANDATE_REQUIRED,2559,
MFL,2.LMTD,Fresh,,11.22,Mandate done,PAN_QC_DOC_UPLOADED,18,
SHRIRAM,2.LMTD,Fresh,,2.12,Workable leads,INITIATE_BUREAU,6,
FULLERTON_BUREAU,2.LMTD,Renewal,,12.23,Application submitted by user,BANK_QC_DOC_RE_UPLOAD_REQUIRED,8,
PIRAMAL,2.LMTD,BT,,8.17,BRE2 completed,BANK_VALIDATION_PENDING,43,
SHRIRAM,2.LMTD,Renewal,,11.25,Mandate done,MOB_TO_UDYAM_REQUEST_FAILURE,44,
FULLERTON,2.LMTD,Fresh,,14.18,Disbursed,BUSINESS_PROOF_QC_SKIPPED,1644,
MFL,2.LMTD,Renewal,,0,Total leads,LEAD_FAILURE,87,
NACL,2.LMTD,TOP UP,,12.2,Application submitted by user,PANEL_SUCCESS,63,
FULLERTON,2.LMTD,Renewal,,12.36,Application submitted by user,LOAN_APPLICATION_ACCEPTED,2276,
NACL,2.LMTD,Fresh,,11.1,Mandate done,KYB_BUSINESS_DETAILS_REQUIRED,1,
PIRAMAL,2.LMTD,BT,,14.11,Disbursed,LENDING_CIF_SUBMIT_SUCCESS,265,
MFL,2.LMTD,Fresh,,6.17,Selfie uploaded,DEDUPE_FAILURE,2,
FULLERTON,2.LMTD,TOP UP,,14.14,Disbursed,BUSINESS_PROOF_QC_REQUIRED,1479,
NACL,2.LMTD,TOP UP,,1.03,Total leads,LEAD_FAILURE,1220,
MFL,2.LMTD,Fresh,,6.14,Selfie uploaded,LENDER_CREATE_APPLICATION_SUCCESS,1035,
FULLERTON,2.LMTD,Renewal,,14.1,Disbursed,LMS_CALLBACK_SUCCESS,1882,
FULLERTON,2.LMTD,TOP UP,,3.11,Bureau pull success,BRE1_REQUESTED,55279,
PIRAMAL,2.LMTD,BT,,3.13,Bureau pull success,BRE1_FAILURE,2665,
MFL,2.LMTD,Fresh,,7.13,KYC completed,BRE2_FAILURE,291,
SHRIRAM,2.LMTD,Renewal,,14.19,Disbursed,LENDING_CIF_UPDATE_SUCCESS,216,
PIRAMAL,2.LMTD,BT,,12.3,Application submitted by user,PREDISBURSAL_INITIATED,294,
FULLERTON,2.LMTD,Renewal,,8.18,BRE2 completed,MAQUETTE_FRAUD_CHECK_FAILURE,25,
FULLERTON,2.LMTD,Renewal,,12.49,Application submitted by user,LMS_SANCTION_ID_FOUND,1372,
SHRIRAM,2.LMTD,Renewal,,6.19,Selfie uploaded,KYC_RETRYABLE_FAILURE,7,
FULLERTON,2.LMTD,AD,,11.13,Mandate done,SETTLEMENT_BANK_VALIDATION_SUCCESS_V2,218,
FULLERTON,2.LMTD,TOP UP,,12.32,Application submitted by user,PREDISBURSAL_REJECTED,4,
FULLERTON,2.LMTD,TOP UP,,12.47,Application submitted by user,LIS_SUBMIT_SUCCESS,11839,
PIRAMAL,2.LMTD,TOP UP,,7.2,KYC completed,BRE2_FAILURE,929,
PIRAMAL,2.LMTD,Renewal,,15.13,Lead closed,LAS_LENDER_AUDIT_SUCCESS,303,
NACL,2.LMTD,Renewal,,11.02,Mandate done,SETTLEMENT_BANK_VALIDATION_REQUIRED_V2,494,
FULLERTON_BUREAU,2.LMTD,Renewal,,11.31,Mandate done,BUSINESS_PROOF_VERIFICATION_SKIPPED,1070,
NACL,2.LMTD,Fresh,,11.06,Mandate done,BUSINESS_PROOF_DOCUMENT_REQUIRED,42,
NACL,2.LMTD,TOP UP,,11.03,Mandate done,SETTLEMENT_BANK_VALIDATION_SUCCESS_V2,863,
PIRAMAL,2.LMTD,TOP UP,,6.14,Selfie uploaded,KYC_SELFIE_UPLOADED,2391,
FULLERTON,2.LMTD,Renewal,,5.12,Loan offer accepted,KYC_IN_PROGRESS,5326,
FULLERTON,1.MTD,Renewal,,12.52,Application submitted by user,LENDER_LIMIT_ENHANCEMENT_SUCCESS,1621,
MFL,1.MTD,Renewal,,12.1,Application submitted by user,UC_SKIPPED,3,
SHRIRAM,1.MTD,Fresh,,11.1,Mandate done,EMANDATE_SUCCESS,3762,
FULLERTON,1.MTD,Renewal,,11.3,Mandate done,BUSINESS_PROOF_VERIFICATION_REQUIRED,2876,
FULLERTON,1.MTD,TOP UP,,12.53,Application submitted by user,LENDER_BANK_UPDATE_REQUEST_FAILURE,28,
FULLERTON,1.MTD,Fresh,,1.1,Total leads,LEAD_FAILURE,12934,
FULLERTON,1.MTD,AD,,12.1,Application submitted by user,BUSINESS_PROOF_VERIFICATION_SUCCESS,14,
NACL,1.MTD,TOP UP,,11.04,Mandate done,SKIP_UC_CHECK,442,
MFL,1.MTD,Fresh,,14.2,Disbursed,LENDING_CIF_UPDATE_SUCCESS,165,
MFL,1.MTD,Renewal,,12.23,Application submitted by user,DIY_FI_REQUIRED,35,
MFL,1.MTD,TOP UP,,0,Total leads,LMS_SUBMIT_APPLICATION_FAILED,2,
LRE,1.MTD,Fresh,,0,Unmapped,LEAD_CREATED,4,
NACL,1.MTD,Renewal,,12.21,Application submitted by user,PREDISBURSAL_INITIATED,894,
MFL,1.MTD,TOP UP,,10.17,Review submit,EMANDATE_REQUIRED,524,
MFL,1.MTD,Renewal,,0,Total leads,OFFER_RANKING_INITIATED,117,
NACL,1.MTD,TOP UP,,13.02,Submit to LMS,LMS_CALLBACK_REJECTED,39,
PIRAMAL,1.MTD,Renewal,,6.12,Selfie uploaded,KYC_FAILED,203,
FULLERTON,1.MTD,Renewal,,3.1,Bureau pull success,BUREAU_SUCCESS,18,
LRE,1.MTD,Renewal,,0,Unmapped,LEAD_CREATED,9,
FULLERTON,1.MTD,Fresh,,6.15,Selfie uploaded,KYC_CALLBACK_SUCCESS,15207,
FULLERTON,1.MTD,TOP UP,,8.16,BRE2 completed,BANK_VALIDATION_FAILURE2,43,
MFL,1.MTD,TOP UP,,10.15,Review submit,UDYAM_VALIDATION_SUCCESS,416,
PIRAMAL,1.MTD,Renewal,,0,Total leads,PANEL_SUCCESS,29,
FULLERTON,1.MTD,Fresh,,11.31,Mandate done,BUSINESS_PROOF_VERIFICATION_SKIPPED,18,
PIRAMAL,1.MTD,Renewal,,0,Total leads,SETTLEMENT_BANK_QC_DOC_UPLOADED,1,
SHRIRAM,1.MTD,Renewal,,7.15,KYC completed,BRE2_LOAN_OFFER_UPDATED,2,
MFL,1.MTD,Fresh,,12.18,Application submitted by user,LOAN_QC_REJECTED,10,
NACL,1.MTD,TOP UP,,12.41,Application submitted by user,LENDER_GMV_SHARING_INITIATED,762,
PIRAMAL,1.MTD,Fresh,,0,Total leads,INITIATE_LENDER_PENNY_DROP,12,
MFL,1.MTD,Renewal,,14.11,Disbursed,LENDING_CIF_SUBMIT_SUCCESS,232,
PIRAMAL,1.MTD,Fresh,,0,Total leads,KYB_FETCH_MPA_FAILURE,22,
FULLERTON_BUREAU,1.MTD,Renewal,,6.12,Selfie uploaded,KYC_INITIATED,4506,
FULLERTON,1.MTD,Renewal,,12.37,Application submitted by user,BUSINESS_APPROVAL_NOT_REQUIRED,2401,
MFL,1.MTD,Renewal,,6.18,Selfie uploaded,DEDUPE_PASSED,308,
MFL,1.MTD,TOP UP,,12.18,Application submitted by user,LOAN_QC_REJECTED,1,
NACL,1.MTD,TOP UP,,8.12,BRE2 completed,BANK_VALIDATION_FAILURE2,27,
FULLERTON,1.MTD,Fresh,,1.16,Total leads,LOM_OFFER_RANKING_REQUEST_FAILURE,56,
FULLERTON_BUREAU,1.MTD,Fresh,,1.1400000000000001,Total leads,LOM_OFFER_RANKING_REJECTED,1126,
FULLERTON,1.MTD,Fresh,,2.27,Workable leads,BUREAU_ALTERNATE_MOBILE_NUMBER_REQUIRED,4,
FULLERTON_BUREAU,1.MTD,Fresh,,7.16,KYC completed,BRE2_REQUEST_FAILURE,2,
FULLERTON,1.MTD,Renewal,,12.25,Application submitted by user,SETTLEMENT_BANK_QC_DOC_RE_UPLOAD_REQUIRED,13,
FULLERTON,1.MTD,TOP UP,,6.12,Selfie uploaded,KYC_INITIATED,21130,
NACL,1.MTD,Fresh,,9.13,Disbursal acc verified,LOAN_AGREEMENT_PENDING,1434,
FULLERTON,1.MTD,Fresh,,11.22,Mandate done,GST_VERIFICATION_FAILURE,31,
SHRIRAM,1.MTD,Fresh,,3.21,Bureau pull success,LENDER_UPDATE_SUCCESS,2,
PIRAMAL,1.MTD,BT,,5.1,Loan offer accepted,LRE_FLOW_COMPLETED,32,
NACL,1.MTD,TOP UP,,11.06,Mandate done,BUSINESS_PROOF_DOCUMENT_REQUIRED,44,
FULLERTON_BUREAU,1.MTD,Renewal,,11.16,Mandate done,BANK_QC_DOC_UPLOAD_REQUIRED,33,
NACL,1.MTD,TOP UP,,6.04,Selfie uploaded,LENDER_CREATE_APPLICATION_FAILURE,21,
SHRIRAM,1.MTD,Renewal,,12.1,Application submitted by user,BUSINESS_PROOF_VERIFICATION_SUCCESS,216,
NACL,1.MTD,TOP UP,,2.02,Workable leads,CUSTOMER_DATA_NOT_PREFILLED,3,
FULLERTON,1.MTD,Renewal,,12.15,Application submitted by user,UDYAM_VALIDATION_SUCCESS,723,
FULLERTON,1.MTD,Renewal,,9.1,Disbursal acc verified,BANKING_ACTION_DONE,3295,
MFL,1.MTD,TOP UP,,12.1,Application submitted by user,UC_SKIPPED,622,
FULLERTON,1.MTD,Renewal,,7.13,KYC completed,BRE2_REQUESTED,4560,
FULLERTON_BUREAU,1.MTD,Fresh,,11.3,Mandate done,BUSINESS_PROOF_VERIFICATION_REQUIRED,3290,
MFL,1.MTD,Renewal,,7.12,KYC completed,BRE2_SUCCESS,194,
MFL,1.MTD,Renewal,,10.15,Review submit,UDYAM_VALIDATION_SUCCESS,47,
MFL,1.MTD,Fresh,,8.16,BRE2 completed,BANK_VALIDATION_FAILURE2,1,
FULLERTON,1.MTD,AD,,14.13,Disbursed,UDYAM_VALIDATION_PENDING,24,
FULLERTON,1.MTD,AD,,11.32,Mandate done,BUSINESS_PROOF_PREFILL_FAILURE_V2,59,
NACL,1.MTD,TOP UP,,11.17,Mandate done,UC_REQUIRED,85,
MFL,1.MTD,TOP UP,,12.32,Application submitted by user,LENDER_DOCUMENT_UPLOAD_SUCCESS,1282,
NACL,1.MTD,Renewal,,11.15,Mandate done,BANK_QC_DOC_UPLOAD_REQUIRED,36,
MFL,1.MTD,Fresh,,11.11,Mandate done,MOB2UDYAM_NOT_FOUND,229,
NACL,1.MTD,Renewal,,12.04,Application submitted by user,UC_SUCCESS,385,
FULLERTON,2.LMTD,Renewal,,12.52,Application submitted by user,LENDER_LIMIT_ENHANCEMENT_SUCCESS,1372,
MFL,2.LMTD,Renewal,,12.1,Application submitted by user,UC_SKIPPED,4,
SHRIRAM,2.LMTD,Fresh,,11.1,Mandate done,EMANDATE_SUCCESS,2838,
FULLERTON,2.LMTD,Renewal,,11.3,Mandate done,BUSINESS_PROOF_VERIFICATION_REQUIRED,2399,
FULLERTON,2.LMTD,Fresh,,1.1,Total leads,LEAD_FAILURE,5412,
FULLERTON,2.LMTD,AD,,12.1,Application submitted by user,BUSINESS_PROOF_VERIFICATION_SUCCESS,27,
PIRAMAL,2.LMTD,Renewal,,0,Total leads,BANK_QC_DOC_RE_UPLOAD_REQUIRED,16,
NACL,2.LMTD,TOP UP,,11.04,Mandate done,SKIP_UC_CHECK,495,
MFL,2.LMTD,Fresh,,14.2,Disbursed,LENDING_CIF_UPDATE_SUCCESS,83,
MFL,2.LMTD,Renewal,,12.23,Application submitted by user,DIY_FI_REQUIRED,48,
LRE,2.LMTD,Fresh,,0,Unmapped,LEAD_CREATED,6,
NACL,2.LMTD,Renewal,,12.21,Application submitted by user,PREDISBURSAL_INITIATED,429,
MFL,2.LMTD,TOP UP,,10.17,Review submit,EMANDATE_REQUIRED,303,
MFL,2.LMTD,Renewal,,0,Total leads,OFFER_RANKING_INITIATED,110,
NACL,2.LMTD,TOP UP,,13.02,Submit to LMS,LMS_CALLBACK_REJECTED,1,
PIRAMAL,2.LMTD,Renewal,,6.12,Selfie uploaded,KYC_FAILED,224,
FULLERTON,2.LMTD,Renewal,,3.1,Bureau pull success,BUREAU_SUCCESS,15,
FULLERTON,2.LMTD,Fresh,,6.15,Selfie uploaded,KYC_CALLBACK_SUCCESS,17015,
FULLERTON,2.LMTD,TOP UP,,8.16,BRE2 completed,BANK_VALIDATION_FAILURE2,40,
MFL,2.LMTD,TOP UP,,12.26,Application submitted by user,LOAN_APPLICATION_ON_HOLD,5,
MFL,2.LMTD,TOP UP,,10.15,Review submit,UDYAM_VALIDATION_SUCCESS,249,
PIRAMAL,2.LMTD,Renewal,,0,Total leads,PANEL_SUCCESS,26,
FULLERTON,2.LMTD,Fresh,,11.31,Mandate done,BUSINESS_PROOF_VERIFICATION_SKIPPED,231,
PIRAMAL,2.LMTD,Renewal,,0,Total leads,SETTLEMENT_BANK_QC_DOC_UPLOADED,1,
SHRIRAM,2.LMTD,Renewal,,7.15,KYC completed,BRE2_LOAN_OFFER_UPDATED,446,
NACL,2.LMTD,TOP UP,,11.05,Mandate done,SKIP_UC_REQ_FAILURE,36,
MFL,2.LMTD,Fresh,,12.18,Application submitted by user,LOAN_QC_REJECTED,13,
NACL,2.LMTD,TOP UP,,12.41,Application submitted by user,LENDER_GMV_SHARING_INITIATED,811,
PIRAMAL,2.LMTD,Fresh,,0,Total leads,INITIATE_LENDER_PENNY_DROP,52,
MFL,2.LMTD,Renewal,,14.11,Disbursed,LENDING_CIF_SUBMIT_SUCCESS,132,
PIRAMAL,2.LMTD,Fresh,,0,Total leads,KYB_FETCH_MPA_FAILURE,16,
FULLERTON_BUREAU,2.LMTD,Renewal,,6.12,Selfie uploaded,KYC_INITIATED,3332,
FULLERTON,2.LMTD,Renewal,,12.37,Application submitted by user,BUSINESS_APPROVAL_NOT_REQUIRED,2000,
MFL,2.LMTD,Renewal,,6.18,Selfie uploaded,DEDUPE_PASSED,386,
MFL,2.LMTD,TOP UP,,12.18,Application submitted by user,LOAN_QC_REJECTED,3,
NACL,2.LMTD,TOP UP,,8.12,BRE2 completed,BANK_VALIDATION_FAILURE2,23,
FULLERTON_BUREAU,2.LMTD,Fresh,,1.1400000000000001,Total leads,LOM_OFFER_RANKING_REJECTED,122,
FULLERTON,2.LMTD,Fresh,,2.27,Workable leads,BUREAU_ALTERNATE_MOBILE_NUMBER_REQUIRED,8,
FULLERTON,2.LMTD,Renewal,,12.25,Application submitted by user,SETTLEMENT_BANK_QC_DOC_RE_UPLOAD_REQUIRED,4,
FULLERTON,2.LMTD,TOP UP,,6.12,Selfie uploaded,KYC_INITIATED,21741,
NACL,2.LMTD,Fresh,,9.13,Disbursal acc verified,LOAN_AGREEMENT_PENDING,1510,
FULLERTON,2.LMTD,Fresh,,11.22,Mandate done,GST_VERIFICATION_FAILURE,24,
SHRIRAM,2.LMTD,Fresh,,3.21,Bureau pull success,LENDER_UPDATE_SUCCESS,1,
PIRAMAL,2.LMTD,BT,,5.1,Loan offer accepted,LRE_FLOW_COMPLETED,26,
NACL,2.LMTD,TOP UP,,11.06,Mandate done,BUSINESS_PROOF_DOCUMENT_REQUIRED,32,
FULLERTON_BUREAU,2.LMTD,Renewal,,11.16,Mandate done,BANK_QC_DOC_UPLOAD_REQUIRED,26,
NACL,2.LMTD,TOP UP,,6.04,Selfie uploaded,LENDER_CREATE_APPLICATION_FAILURE,13,
SHRIRAM,2.LMTD,Renewal,,12.1,Application submitted by user,BUSINESS_PROOF_VERIFICATION_SUCCESS,156,
NACL,2.LMTD,TOP UP,,2.02,Workable leads,CUSTOMER_DATA_NOT_PREFILLED,1,
FULLERTON,2.LMTD,Renewal,,12.15,Application submitted by user,UDYAM_VALIDATION_SUCCESS,492,
FULLERTON,2.LMTD,Renewal,,9.1,Disbursal acc verified,BANKING_ACTION_DONE,2899,
MFL,2.LMTD,TOP UP,,12.1,Application submitted by user,UC_SKIPPED,437,
FULLERTON,2.LMTD,Renewal,,7.13,KYC completed,BRE2_REQUESTED,3911,
FULLERTON_BUREAU,2.LMTD,Fresh,,11.3,Mandate done,BUSINESS_PROOF_VERIFICATION_REQUIRED,2702,
MFL,2.LMTD,Renewal,,7.12,KYC completed,BRE2_SUCCESS,244,
MFL,2.LMTD,Renewal,,10.15,Review submit,UDYAM_VALIDATION_SUCCESS,65,
FULLERTON,2.LMTD,AD,,14.13,Disbursed,UDYAM_VALIDATION_PENDING,57,
FULLERTON,2.LMTD,AD,,11.32,Mandate done,BUSINESS_PROOF_PREFILL_FAILURE_V2,144,
NACL,2.LMTD,TOP UP,,11.17,Mandate done,UC_REQUIRED,108,
MFL,2.LMTD,TOP UP,,12.32,Application submitted by user,LENDER_DOCUMENT_UPLOAD_SUCCESS,741,
PIRAMAL,2.LMTD,Fresh,,0,Total leads,LENDER_PENNY_DROP_FAILURE,1,
NACL,2.LMTD,Renewal,,11.15,Mandate done,BANK_QC_DOC_UPLOAD_REQUIRED,17,
MFL,2.LMTD,Fresh,,11.11,Mandate done,MOB2UDYAM_NOT_FOUND,354,
NACL,2.LMTD,Renewal,,12.04,Application submitted by user,UC_SUCCESS,166,
SHRIRAM,1.MTD,Fresh,,6.18,Selfie uploaded,KYC_FAILED,2291,
FULLERTON,1.MTD,Renewal,,5.16,Loan offer accepted,FETCH_EMI_INFO_SUCCESS,1,
FULLERTON_BUREAU,1.MTD,Fresh,,12.39,Application submitted by user,DIY_FI_REQUIRED,67,
FULLERTON,1.MTD,TOP UP,,12.45,Application submitted by user,LENDER_DOCUMENT_UPLOAD_SUCCESS,11213,
MFL,1.MTD,Fresh,,0,Total leads,LOM_OFFER_RANKING_REJECTED,101,
FULLERTON,1.MTD,Fresh,,1.18,Total leads,LEAD_CLOSURE_INITIATED,5510,
FULLERTON_BUREAU,1.MTD,Fresh,,7.1,KYC completed,KYC_COMPLETED,10252,
MFL,1.MTD,TOP UP,,8.14,BRE2 completed,BANK_VALIDATION_PENDING,15,
SHRIRAM,1.MTD,Fresh,,10.12,Review submit,EMANDATE_REQUIRED,4001,
MFL,1.MTD,Renewal,,8.15,BRE2 completed,BANK_VERIFICATION_FAILURE,6,
FULLERTON,1.MTD,Fresh,,11.25,Mandate done,INITIATE_MOB_TO_UDYAM_REQUEST,7184,
SHRIRAM,1.MTD,Renewal,,8.12,BRE2 completed,BANK_VALIDATION_FAILURE2,36,
NACL,1.MTD,Renewal,,12.05,Application submitted by user,QC_REQUIRED,145,
FULLERTON,1.MTD,Renewal,,3.15,Bureau pull success,OFFER_RANKING_INITIATED,1987,
FULLERTON,1.MTD,Renewal,,12.47,Application submitted by user,LIS_SUBMIT_SUCCESS,2485,
FULLERTON,1.MTD,Renewal,,11.13,Mandate done,SETTLEMENT_BANK_VALIDATION_SUCCESS_V2,2879,
FULLERTON_BUREAU,1.MTD,Renewal,,6.15,Selfie uploaded,KYC_CALLBACK_SUCCESS,3693,
FULLERTON,1.MTD,AD,,14.14,Disbursed,BUSINESS_PROOF_QC_REQUIRED,6,
SHRIRAM,1.MTD,Renewal,,11.13,Mandate done,PAN_QC_DOC_UPLOAD_REQUIRED,16,
FULLERTON,1.MTD,TOP UP,,6.15,Selfie uploaded,KYC_CALLBACK_SUCCESS,17686,
PIRAMAL,1.MTD,BT,,12.21,Application submitted by user,QC_REJECTED,2,
FULLERTON,1.MTD,Fresh,,8.16,BRE2 completed,BANK_VALIDATION_FAILURE2,57,
PIRAMAL,1.MTD,Renewal,,0,Total leads,SETTLEMENT_BANK_QC_DOC_REQUIRED,1,
LRE,1.MTD,Fresh,,0,Unmapped,BUREAU_SUCCESS,3,
FULLERTON,1.MTD,TOP UP,,12.37,Application submitted by user,BUSINESS_APPROVAL_NOT_REQUIRED,11274,
FULLERTON,1.MTD,Fresh,,0,Total leads,LENDER_LOAN_AGREEMENT_UPLOAD_SUCCESS,2827,
PIRAMAL,1.MTD,BT,,7.17,KYC completed,BRE2_FAILURE,3139,
MFL,1.MTD,TOP UP,,6.21,Selfie uploaded,KYC_SELFIE_REUPLOAD_REQUIRED,181,
SHRIRAM,1.MTD,Renewal,,6.1,Selfie uploaded,KYC_SELFIE_UPLOADED,1933,
SHRIRAM,1.MTD,Fresh,,8.15,BRE2 completed,FETCH_SETTLEMENT_BANK_ACCOUNT,4461,
FULLERTON_BUREAU,1.MTD,Renewal,,12.43,Application submitted by user,LIS_DATA_UPDATE_REQUEST_SUCCESS,1350,
PIRAMAL,1.MTD,TOP UP,,7.19,KYC completed,BRE2_REQUEST_FAILURE,1,
SHRIRAM,1.MTD,Fresh,,5.12,Loan offer accepted,KYC_SELFIE_REQUIRED,8016,
SHRIRAM,1.MTD,Renewal,,12.3,Application submitted by user,APPROVED_BY_BUSINESS,133,
NACL,1.MTD,Renewal,,6.08,Selfie uploaded,KYC_INITIATED,1949,
SHRIRAM,1.MTD,Fresh,,6.13,Selfie uploaded,LENDER_CREATE_APPLICATION_INITIATED,7482,
FULLERTON_BUREAU,1.MTD,Renewal,,8.14,BRE2 completed,ADDITIONAL_DATA_NOT_REQUIRED,1733,
PIRAMAL,1.MTD,TOP UP,,9.14,Disbursal acc verified,KYB_SAVE_BUSINESS_DETAILS_SUCCESS,910,
MFL,1.MTD,Fresh,,0,Total leads,LENDER_ACCEPT_OFFER_SUCCESS_V2,206,
PIRAMAL,1.MTD,Renewal,,0,Total leads,SETTLEMENT_BANK_QC_DOC_RE_UPLOAD_REQUIRED,1,
MFL,1.MTD,TOP UP,,14.1,Disbursed,LMS_CALLBACK_SUCCESS,1310,
SHRIRAM,1.MTD,Fresh,,6.1,Selfie uploaded,KYC_SELFIE_UPLOADED,7606,
SHRIRAM,1.MTD,Renewal,,11.24,Mandate done,INITIATE_MOB_TO_UDYAM_REQUEST,615,
FULLERTON_BUREAU,1.MTD,Fresh,,12.47,Application submitted by user,LIS_SUBMIT_SUCCESS,2996,
FULLERTON,1.MTD,Renewal,,12.53,Application submitted by user,LENDER_BANK_UPDATE_REQUEST_FAILURE,7,
NACL,1.MTD,Fresh,,12.02,Application submitted by user,UC_SKIPPED,123,
NACL,1.MTD,Fresh,,6.09,Selfie uploaded,KYC_RETRYABLE_FAILURE,87,
NACL,1.MTD,Fresh,,9.11,Disbursal acc verified,KYB_FETCH_MPA_FAILURE,2,
SHRIRAM,1.MTD,Fresh,,12.3,Application submitted by user,APPROVED_BY_BUSINESS,360,
NACL,1.MTD,Renewal,,12.33,Application submitted by user,BUSINESS_APPROVAL_NOT_REQUIRED,798,
FULLERTON_BUREAU,1.MTD,Renewal,,11.12,Mandate done,SETTLEMENT_BANK_VALIDATION_FAILURE_V2,1,
SHRIRAM,1.MTD,Fresh,,6.17,Selfie uploaded,KYC_INITIATED,7703,
PIRAMAL,1.MTD,Fresh,,0,Total leads,LAS_MANDATE_AUDIT_SUCCESS,5,
FULLERTON_BUREAU,1.MTD,Fresh,,6.13,Selfie uploaded,KYC_FAILED,10338,
SHRIRAM,2.LMTD,Fresh,,6.18,Selfie uploaded,KYC_FAILED,1774,
FULLERTON,2.LMTD,Renewal,,5.16,Loan offer accepted,FETCH_EMI_INFO_SUCCESS,1,
FULLERTON_BUREAU,2.LMTD,Fresh,,12.39,Application submitted by user,DIY_FI_REQUIRED,62,
FULLERTON,2.LMTD,TOP UP,,12.45,Application submitted by user,LENDER_DOCUMENT_UPLOAD_SUCCESS,11836,
MFL,2.LMTD,Fresh,,0,Total leads,LOM_OFFER_RANKING_REJECTED,145,
FULLERTON,2.LMTD,Fresh,,1.18,Total leads,LEAD_CLOSURE_INITIATED,1975,
FULLERTON_BUREAU,2.LMTD,Fresh,,7.1,KYC completed,KYC_COMPLETED,8223,
MFL,2.LMTD,TOP UP,,8.14,BRE2 completed,BANK_VALIDATION_PENDING,8,
SHRIRAM,2.LMTD,Fresh,,10.12,Review submit,EMANDATE_REQUIRED,3129,
MFL,2.LMTD,Renewal,,8.15,BRE2 completed,BANK_VERIFICATION_FAILURE,3,
FULLERTON,2.LMTD,Fresh,,11.25,Mandate done,INITIATE_MOB_TO_UDYAM_REQUEST,7737,
SHRIRAM,2.LMTD,Renewal,,8.12,BRE2 completed,BANK_VALIDATION_FAILURE2,12,
NACL,2.LMTD,Renewal,,12.05,Application submitted by user,QC_REQUIRED,60,
FULLERTON,2.LMTD,Renewal,,3.15,Bureau pull success,OFFER_RANKING_INITIATED,1348,
FULLERTON,2.LMTD,Renewal,,12.47,Application submitted by user,LIS_SUBMIT_SUCCESS,2008,
FULLERTON,2.LMTD,Renewal,,11.13,Mandate done,SETTLEMENT_BANK_VALIDATION_SUCCESS_V2,2405,
FULLERTON_BUREAU,2.LMTD,Renewal,,6.15,Selfie uploaded,KYC_CALLBACK_SUCCESS,2876,
FULLERTON,2.LMTD,AD,,14.14,Disbursed,BUSINESS_PROOF_QC_REQUIRED,15,
SHRIRAM,2.LMTD,Renewal,,11.13,Mandate done,PAN_QC_DOC_UPLOAD_REQUIRED,7,
FULLERTON,2.LMTD,TOP UP,,6.15,Selfie uploaded,KYC_CALLBACK_SUCCESS,19473,
FULLERTON,2.LMTD,Fresh,,8.16,BRE2 completed,BANK_VALIDATION_FAILURE2,67,
PIRAMAL,2.LMTD,Renewal,,0,Total leads,SETTLEMENT_BANK_QC_DOC_REQUIRED,1,
LRE,2.LMTD,Fresh,,0,Unmapped,BUREAU_SUCCESS,5,
FULLERTON,2.LMTD,TOP UP,,12.37,Application submitted by user,BUSINESS_APPROVAL_NOT_REQUIRED,11714,
PIRAMAL,2.LMTD,BT,,7.17,KYC completed,BRE2_FAILURE,493,
MFL,2.LMTD,TOP UP,,6.21,Selfie uploaded,KYC_SELFIE_REUPLOAD_REQUIRED,88,
SHRIRAM,2.LMTD,Renewal,,6.1,Selfie uploaded,KYC_SELFIE_UPLOADED,1328,
SHRIRAM,2.LMTD,Fresh,,8.15,BRE2 completed,FETCH_SETTLEMENT_BANK_ACCOUNT,3514,
FULLERTON_BUREAU,2.LMTD,Renewal,,12.43,Application submitted by user,LIS_DATA_UPDATE_REQUEST_SUCCESS,1011,
SHRIRAM,2.LMTD,Fresh,,5.12,Loan offer accepted,KYC_SELFIE_REQUIRED,7089,
SHRIRAM,2.LMTD,Renewal,,12.3,Application submitted by user,APPROVED_BY_BUSINESS,61,
NACL,2.LMTD,Renewal,,6.08,Selfie uploaded,KYC_INITIATED,1723,
SHRIRAM,2.LMTD,Fresh,,6.13,Selfie uploaded,LENDER_CREATE_APPLICATION_INITIATED,6346,
FULLERTON_BUREAU,2.LMTD,Renewal,,8.14,BRE2 completed,ADDITIONAL_DATA_NOT_REQUIRED,1331,
SHRIRAM,2.LMTD,Renewal,,12.35,Application submitted by user,PAN_DEDUPE_FAILED,2,
PIRAMAL,2.LMTD,TOP UP,,9.14,Disbursal acc verified,KYB_SAVE_BUSINESS_DETAILS_SUCCESS,1258,
PIRAMAL,2.LMTD,Renewal,,0,Total leads,SETTLEMENT_BANK_QC_DOC_RE_UPLOAD_REQUIRED,1,
MFL,2.LMTD,TOP UP,,14.1,Disbursed,LMS_CALLBACK_SUCCESS,552,
SHRIRAM,2.LMTD,Fresh,,6.1,Selfie uploaded,KYC_SELFIE_UPLOADED,6498,
SHRIRAM,2.LMTD,Renewal,,11.24,Mandate done,INITIATE_MOB_TO_UDYAM_REQUEST,348,
FULLERTON_BUREAU,2.LMTD,Fresh,,12.47,Application submitted by user,LIS_SUBMIT_SUCCESS,2498,
NACL,2.LMTD,Fresh,,12.02,Application submitted by user,UC_SKIPPED,123,
NACL,2.LMTD,Fresh,,6.09,Selfie uploaded,KYC_RETRYABLE_FAILURE,147,
SHRIRAM,2.LMTD,Fresh,,12.3,Application submitted by user,APPROVED_BY_BUSINESS,137,
NACL,2.LMTD,Renewal,,12.33,Application submitted by user,BUSINESS_APPROVAL_NOT_REQUIRED,371,
SHRIRAM,2.LMTD,Fresh,,6.17,Selfie uploaded,KYC_INITIATED,6234,
PIRAMAL,2.LMTD,Fresh,,0,Total leads,LAS_MANDATE_AUDIT_SUCCESS,28,
FULLERTON_BUREAU,2.LMTD,Fresh,,6.13,Selfie uploaded,KYC_FAILED,3864,
PIRAMAL,1.MTD,Renewal,,0,Total leads,KYC_RETRYABLE_FAILURE,14,
FULLERTON,1.MTD,Renewal,,2.1,Workable leads,LEAD_CREATED,6114,
FULLERTON,1.MTD,AD,,12.17,Application submitted by user,QC_ACTION_PENDING,3,
MFL,1.MTD,Fresh,,2.1,Workable leads,LEAD_CREATED,616,
MFL,1.MTD,Renewal,,8.12,BRE2 completed,FETCH_SETTLEMENT_BANK_ACCOUNT,194,
PIRAMAL,1.MTD,Fresh,,0,Total leads,BRE3_NOT_REQUIRED,2207,
MFL,1.MTD,TOP UP,,14.16,Disbursed,UDYAM_VALIDATION_PENDING,610,
FULLERTON_BUREAU,1.MTD,Renewal,,1.1400000000000001,Total leads,LOM_OFFER_RANKING_REJECTED,377,
FULLERTON,1.MTD,Renewal,,11.17,Mandate done,BANK_QC_DOC_UPLOADED,96,
PIRAMAL,1.MTD,Renewal,,10.12,Review submit,LUP_CREATION_FAILURE,1,
NACL,1.MTD,Renewal,,7.03,KYC completed,SERVICEABILITY_REJECTED,61,
MFL,1.MTD,TOP UP,,11.12,Mandate done,MOB_TO_UDYAM_FETCHED,240,
NACL,1.MTD,TOP UP,,12.35,Application submitted by user,LUP_CREATION_SUCCESS,762,
PIRAMAL,1.MTD,Fresh,,0,Total leads,SETTLEMENT_BANK_QC_DOC_UPLOADED,2,
PIRAMAL,1.MTD,TOP UP,,0,Total leads,SETTLEMENT_BANK_QC_DOC_REQUIRED,2,
FULLERTON,1.MTD,AD,,2.27,Workable leads,BUREAU_ALTERNATE_MOBILE_NUMBER_REQUIRED,1,
MFL,1.MTD,Renewal,,12.2,Application submitted by user,PREDISBURSAL_INITIATED,186,
FULLERTON,1.MTD,TOP UP,,11.29,Mandate done,MOB_TO_UDYAM_FETCH_FAILURE_V2,4,
NACL,1.MTD,Fresh,,7.03,KYC completed,SERVICEABILITY_REJECTED,55,
MFL,1.MTD,Fresh,,0,Total leads,PAN_QC_DOC_RE_UPLOADED,3,
MFL,1.MTD,Renewal,,12.26,Application submitted by user,LOAN_APPLICATION_ON_HOLD,8,
SHRIRAM,1.MTD,Fresh,,12.22,Application submitted by user,SETTLEMENT_BANK_QC_DOC_RE_UPLOAD_REQUIRED,36,
FULLERTON,1.MTD,AD,,9.1,Disbursal acc verified,BANKING_ACTION_DONE,93,
FULLERTON_BUREAU,1.MTD,Fresh,,12.22,Application submitted by user,PAN_QC_DOC_RE_UPLOADED,1,
MFL,1.MTD,Fresh,,11.29,Mandate done,UC_LENDER_FORM_SUBMISSION_REQUIRED,226,
PIRAMAL,1.MTD,TOP UP,,12.15,Application submitted by user,QC_REJECTED,1,
NACL,1.MTD,Fresh,,14.01,Disbursed,LMS_CALLBACK_SUCCESS,880,
FULLERTON,1.MTD,TOP UP,,11.32,Mandate done,BUSINESS_PROOF_PREFILL_FAILURE_V2,5723,
FULLERTON,1.MTD,Renewal,,12.43,Application submitted by user,LIS_DATA_UPDATE_REQUEST_SUCCESS,2576,
FULLERTON_BUREAU,1.MTD,Fresh,,8.18,BRE2 completed,MAQUETTE_FRAUD_CHECK_FAILURE,66,
FULLERTON,1.MTD,Fresh,,1.12,Total leads,INITIATE_LOM_LRE_MIGRATION,8612,
MFL,1.MTD,TOP UP,,14.13,Disbursed,BUSINESS_PROOF_QC_ACTION_PENDING,158,
SHRIRAM,1.MTD,Fresh,,7.14,KYC completed,BRE2_SUCCESS,4441,
SHRIRAM,1.MTD,Renewal,,12.21,Application submitted by user,BANK_QC_DOC_RE_UPLOADED,7,
SHRIRAM,1.MTD,Fresh,,12.14,Application submitted by user,UDYAM_VALIDATION_FAILURE,66,
MFL,1.MTD,Renewal,,0,Total leads,LENDER_KFS_GENERATION_INITIATED,87,
FULLERTON,1.MTD,Fresh,,12.37,Application submitted by user,BUSINESS_APPROVAL_NOT_REQUIRED,7871,
FULLERTON,1.MTD,AD,,10.12,Review submit,EMANDATE_REQUIRED,92,
PIRAMAL,1.MTD,BT,,9.1,Disbursal acc verified,LENDER_PENNY_DROP_SUCCESS,549,
FULLERTON,1.MTD,Fresh,,12.15,Application submitted by user,UDYAM_VALIDATION_SUCCESS,1211,
MFL,1.MTD,Fresh,,0,Total leads,OFFER_RANKING_INITIATED,380,
FULLERTON,1.MTD,AD,,14.19,Disbursed,LENDING_CIF_UPDATE_SUCCESS,33,
PIRAMAL,1.MTD,BT,,2.15,Workable leads,BUREAU_INITIATED,2980,
NACL,1.MTD,TOP UP,,11.01,Mandate done,EMANDATE_SUCCESS,769,
NACL,1.MTD,Renewal,,2.01,Workable leads,LEAD_CREATED,1930,
MFL,1.MTD,TOP UP,,14.12,Disbursed,BUSINESS_PROOF_QC_REQUIRED,158,
SHRIRAM,1.MTD,Fresh,,12.28,Application submitted by user,PREDISBURSAL_INITIATED,3626,
PIRAMAL,1.MTD,Renewal,,8.12,BRE2 completed,SETTLEMENT_BANK_DETAILS_FETCHED,428,
SHRIRAM,1.MTD,Renewal,,14.13,Disbursed,UDYAM_VALIDATION_PENDING,242,
SHRIRAM,1.MTD,Fresh,,12.12,Application submitted by user,BUSINESS_PROOF_UDYAM_VERIFICATION_SUCCESS,514,
SHRIRAM,1.MTD,Fresh,,15.1,Lead closed,LEAD_SUCCESSFULLY_CLOSED,2928,
FULLERTON,1.MTD,Fresh,,14.15,Disbursed,BUSINESS_PROOF_QC_ACTION_PENDING,292,
SHRIRAM,1.MTD,Fresh,,11.24,Mandate done,INITIATE_MOB_TO_UDYAM_REQUEST,2982,
MFL,1.MTD,Fresh,,10.14,Review submit,BUSINESS_PROOF_PREFILL_FAILURE_V2,275,
FULLERTON,1.MTD,Fresh,,12.34,Application submitted by user,APPROVED_BY_BUSINESS,618,
NACL,1.MTD,Fresh,,1.06,Total leads,LOM_OFFER_RANKING_REQUEST_FAILURE,27,
FULLERTON,1.MTD,Fresh,,3.17,Bureau pull success,OFFER_RANKING_SUCCESS,22,
PIRAMAL,2.LMTD,Renewal,,0,Total leads,KYC_RETRYABLE_FAILURE,8,
FULLERTON,2.LMTD,Renewal,,2.1,Workable leads,LEAD_CREATED,5275,
FULLERTON,2.LMTD,AD,,12.17,Application submitted by user,QC_ACTION_PENDING,15,
MFL,2.LMTD,Fresh,,2.1,Workable leads,LEAD_CREATED,1095,
MFL,2.LMTD,Renewal,,8.12,BRE2 completed,FETCH_SETTLEMENT_BANK_ACCOUNT,244,
PIRAMAL,2.LMTD,Fresh,,0,Total leads,BRE3_NOT_REQUIRED,2776,
MFL,2.LMTD,TOP UP,,14.16,Disbursed,UDYAM_VALIDATION_PENDING,225,
PYFL,1.MTD,Renewal,,10.11,Disbursal acc verified,AWAIT_OFFER_ACCEPT,7892,
KSF,1.MTD,Fresh,,12.17,Mandate done,VKYC_REQUIRED,29769,
UCL,1.MTD,MicroML,,7.17,Selfie uploaded,KYC_INITIATED_DIGILOCKER,74680,
TCL,1.MTD,Fresh,,15.1,Disbursed,LOAN_DISBURSEMENT_COMPLETED,442,
UCL,1.MTD,REPEAT,,13.17,Application submitted by user,QC_ACTION_PENDING,27,
PYFL,1.MTD,Renewal,,14.19,Submit to LMS,LOAN_DISBURSEMENT_SUCCESS,4315,
UCL,1.MTD,REPEAT,,7.11,Selfie uploaded,FETCH_SHOP_ADDR,845,
,1.MTD,Fresh,false,3.12,Bureau pull success,TF_TRIGGER_ML_LO_JOURNEY,127,
UCL,1.MTD,MicroML,,0,Total leads,TF_LENDER_BANK_SHARING,10,
UCL,1.MTD,Fresh,,7.15,Selfie uploaded,KYC_REJECTED,5640,
KSF,1.MTD,TOP UP,,13.19,Application submitted by user,FI_AWAITED,27,
,1.MTD,Fresh,,1001,Unmapped,SELFIE_CAPTURED,1896,
,1.MTD,BT,,1001,Unmapped,AWAIT_SELFIE,2,
PIRAMAL AA,1.MTD,Fresh,,0,Total leads,FETCH_DOC_INIT_SUCCESS,5249,
KSF,1.MTD,TOP UP,,7.14,Selfie uploaded,KYC_FAILED_DIGILOCKER,62,
PYFL,1.MTD,Fresh,,1.11,Total leads,LEAD_RESET,6611,
UCL,1.MTD,MicroML,,0,Total leads,TF_LENDER_AUDIT_TRAIL_UPLOAD,11,
UCL,1.MTD,MicroML,,12.12,Mandate done,BP_MOBILE_UDYAM_INITIATE,9386,
,1.MTD,Renewal,false,3.13,Bureau pull success,BRE1_FAILED,13718,
PYFL,1.MTD,Renewal,,8.14,KYC completed,KYC_COMPLETED,10114,
TCL,1.MTD,Fresh,,8.13,KYC completed,KYC_SUCCESS_DIGILOCKER,1397,
UCL,1.MTD,Fresh,,7.16,Selfie uploaded,INITIATE_MULTIMODE_KYC,57241,
KSF,1.MTD,Fresh,,9.11,BRE2 completed,LENDER_KYC_VALIDATE_INIT,41080,
PIRAMAL AA,1.MTD,Fresh,,9.11,BRE2 completed,SETTLEMENT_BANK_UPDATE_REQUIRED,45198,
VCL,1.MTD,BT,,0,Total leads,TECHNICAL_FAILURE_LMS_OLD_LAN_NDC_SUBMIT_INIT,11,
VCL,1.MTD,BT,,9.11,BRE2 completed,FETCH_LENDER_OFFER,1885,
PYFL,1.MTD,Renewal,,14.13,Submit to LMS,TF_LMS_PDC_CHECK,3026,
,1.MTD,TOP UP,false,4.1,BRE1 completed,BRE1_SUCCESS,3027,
PIRAMAL AA,1.MTD,Fresh,,0,Total leads,DIY_FI_REQUIRED,12822,
UCL,1.MTD,MicroML,,13.17,Application submitted by user,QC_ACTION_PENDING,600,
,1.MTD,Renewal,false,1.1,Total leads,RESET_IN_PROCESS,15266,
UCL,1.MTD,Fresh,,11.1,Review submit,REVIEW_OFFER_ACCEPTED,10494,
VCL,1.MTD,BT,,10.15,Disbursal acc verified,AWAIT_OFFER_ACCEPT,1879,
TCL,1.MTD,Renewal,,13.1,Application submitted by user,BP_PAN_GST_INITIATE,818,
,1.MTD,MicroML,true,1001,Unmapped,TF_CHECK_EMAIL_BLACKLIST,6,
UCL,1.MTD,REPEAT,,13.33,Application submitted by user,DOC_UPLOAD_INIT,467,
PIRAMAL AA,1.MTD,Fresh,,0,Total leads,LENDER_BRE1_INIT_FAILED,199449,
VCL,1.MTD,BT,,13.1,Application submitted by user,LENDER_DOC_UPLOAD_IN_PROGRESS_OLD_LOAN_SOA,894,
PYFL,1.MTD,Fresh,,13.46,Application submitted by user,LENDER_AUDIT_TRAIL_UPLOAD_INIT_SUCCESS,8479,
UCL,1.MTD,Fresh,,0,Total leads,KYC_REUSABILITY_FAILURE,441,
PIRAMAL AA,1.MTD,Fresh,,0,Total leads,SERVICEABILITY_ACCEPTED,238013,
,1.MTD,Renewal,true,3.12,Bureau pull success,TF_TRIGGER_ML_LO_JOURNEY,133,
PIRAMAL AA,1.MTD,Fresh,,6.16,Child Lead Created,SELFIE_RE_UPLOAD,9695,
PIRAMAL AA,1.MTD,Fresh,,0,Total leads,DIY_FI_DOC_UPLOADED,11195,
,1.MTD,TOP UP,false,3.11,Bureau pull success,BRE1_INITIATE,7646,
TCL,1.MTD,Fresh,,6.34,Child Lead Created,AWAIT_SELFIE,3177,
TCL,1.MTD,Renewal,,8.19,KYC completed,LENDER_BRE_INITIATED,1662,
UCL,1.MTD,Fresh,,11.14,Review submit,SKIP_BUSINESS_PROOF,2045,
KSF,1.MTD,TOP UP,,13.11,Application submitted by user,LENDER_DOC_UPLOAD_IN_PROGRESS_LOAN_AGREEMENT,3015,
VCL,1.MTD,BT,,10.12,Disbursal acc verified,PENNY_DROP_COMPLETED,2190,
UCL,1.MTD,REPEAT,,13.18,Application submitted by user,PDC_INITIATE,468,
,1.MTD,Fresh,,3.1,Bureau pull success,BUREAU_PULL_SUCCESS,368,
,1.MTD,Fresh,false,1001,Unmapped,TF_CHECK_EMAIL_BLACKLIST,10,
UCL,1.MTD,MicroML,,0,Total leads,TF_LENDER_DOC_UPLOAD,39,
FULLERTON_BUREAU,2.LMTD,Renewal,,1.1400000000000001,Total leads,LOM_OFFER_RANKING_REJECTED,67,
FULLERTON,2.LMTD,Renewal,,11.17,Mandate done,BANK_QC_DOC_UPLOADED,81,
NACL,2.LMTD,Renewal,,7.03,KYC completed,SERVICEABILITY_REJECTED,62,
MFL,2.LMTD,TOP UP,,11.12,Mandate done,MOB_TO_UDYAM_FETCHED,72,
NACL,2.LMTD,TOP UP,,12.35,Application submitted by user,LUP_CREATION_SUCCESS,815,
PIRAMAL,2.LMTD,Fresh,,0,Total leads,SETTLEMENT_BANK_QC_DOC_UPLOADED,1,
FULLERTON,2.LMTD,AD,,2.27,Workable leads,BUREAU_ALTERNATE_MOBILE_NUMBER_REQUIRED,1,
MFL,2.LMTD,Renewal,,12.2,Application submitted by user,PREDISBURSAL_INITIATED,185,
NACL,2.LMTD,Fresh,,7.03,KYC completed,SERVICEABILITY_REJECTED,60,
MFL,2.LMTD,Fresh,,0,Total leads,PAN_QC_DOC_RE_UPLOADED,4,
MFL,2.LMTD,Renewal,,12.26,Application submitted by user,LOAN_APPLICATION_ON_HOLD,5,
SHRIRAM,2.LMTD,Fresh,,12.22,Application submitted by user,SETTLEMENT_BANK_QC_DOC_RE_UPLOAD_REQUIRED,33,
FULLERTON,2.LMTD,AD,,9.1,Disbursal acc verified,BANKING_ACTION_DONE,244,
FULLERTON_BUREAU,2.LMTD,Fresh,,12.22,Application submitted by user,PAN_QC_DOC_RE_UPLOADED,2,
MFL,2.LMTD,Fresh,,11.29,Mandate done,UC_LENDER_FORM_SUBMISSION_REQUIRED,334,
PIRAMAL,2.LMTD,TOP UP,,12.15,Application submitted by user,QC_REJECTED,1,
NACL,2.LMTD,Fresh,,14.01,Disbursed,LMS_CALLBACK_SUCCESS,712,
FULLERTON,2.LMTD,TOP UP,,11.32,Mandate done,BUSINESS_PROOF_PREFILL_FAILURE_V2,5942,
FULLERTON,2.LMTD,Renewal,,12.43,Application submitted by user,LIS_DATA_UPDATE_REQUEST_SUCCESS,2072,
FULLERTON_BUREAU,2.LMTD,Fresh,,8.18,BRE2 completed,MAQUETTE_FRAUD_CHECK_FAILURE,33,
FULLERTON,2.LMTD,Fresh,,1.12,Total leads,INITIATE_LOM_LRE_MIGRATION,4944,
MFL,2.LMTD,TOP UP,,14.13,Disbursed,BUSINESS_PROOF_QC_ACTION_PENDING,47,
SHRIRAM,2.LMTD,Fresh,,7.14,KYC completed,BRE2_SUCCESS,3568,
SHRIRAM,2.LMTD,Renewal,,12.21,Application submitted by user,BANK_QC_DOC_RE_UPLOADED,9,
SHRIRAM,2.LMTD,Fresh,,12.14,Application submitted by user,UDYAM_VALIDATION_FAILURE,59,
FULLERTON,2.LMTD,Fresh,,12.37,Application submitted by user,BUSINESS_APPROVAL_NOT_REQUIRED,8250,
FULLERTON,2.LMTD,AD,,10.12,Review submit,EMANDATE_REQUIRED,226,
PIRAMAL,2.LMTD,BT,,9.1,Disbursal acc verified,LENDER_PENNY_DROP_SUCCESS,422,
FULLERTON,2.LMTD,Fresh,,12.15,Application submitted by user,UDYAM_VALIDATION_SUCCESS,1167,
MFL,2.LMTD,Fresh,,0,Total leads,OFFER_RANKING_INITIATED,323,
FULLERTON,2.LMTD,AD,,14.19,Disbursed,LENDING_CIF_UPDATE_SUCCESS,68,
PIRAMAL,2.LMTD,BT,,2.15,Workable leads,BUREAU_INITIATED,2244,
NACL,2.LMTD,TOP UP,,11.01,Mandate done,EMANDATE_SUCCESS,863,
NACL,2.LMTD,Renewal,,2.01,Workable leads,LEAD_CREATED,1825,
MFL,2.LMTD,TOP UP,,14.12,Disbursed,BUSINESS_PROOF_QC_REQUIRED,47,
SHRIRAM,2.LMTD,Fresh,,12.28,Application submitted by user,PREDISBURSAL_INITIATED,2682,
PIRAMAL,2.LMTD,Renewal,,8.12,BRE2 completed,SETTLEMENT_BANK_DETAILS_FETCHED,455,
FULLERTON_BUREAU,2.LMTD,Fresh,,12.18,Application submitted by user,RE_SUBMIT_DISBURSAL_BANK,1,
SHRIRAM,2.LMTD,Renewal,,14.13,Disbursed,UDYAM_VALIDATION_PENDING,160,
SHRIRAM,2.LMTD,Fresh,,12.12,Application submitted by user,BUSINESS_PROOF_UDYAM_VERIFICATION_SUCCESS,450,
SHRIRAM,2.LMTD,Fresh,,15.1,Lead closed,LEAD_SUCCESSFULLY_CLOSED,1938,
FULLERTON,2.LMTD,Fresh,,14.15,Disbursed,BUSINESS_PROOF_QC_ACTION_PENDING,304,
SHRIRAM,2.LMTD,Fresh,,11.24,Mandate done,INITIATE_MOB_TO_UDYAM_REQUEST,2194,
MFL,2.LMTD,Fresh,,10.14,Review submit,BUSINESS_PROOF_PREFILL_FAILURE_V2,442,
FULLERTON,2.LMTD,AD,,8.17,BRE2 completed,BANK_VERIFICATION_FAILURE,4,
FULLERTON,2.LMTD,Fresh,,12.34,Application submitted by user,APPROVED_BY_BUSINESS,296,
FULLERTON,2.LMTD,Fresh,,3.17,Bureau pull success,OFFER_RANKING_SUCCESS,18,
MFL,1.MTD,TOP UP,,11.29,Mandate done,UC_LENDER_FORM_SUBMISSION_REQUIRED,610,
FULLERTON,1.MTD,Fresh,,1.1400000000000001,Total leads,LOM_OFFER_RANKING_REJECTED,118,
FULLERTON_BUREAU,1.MTD,Fresh,,12.43,Application submitted by user,LIS_DATA_UPDATE_REQUEST_SUCCESS,3149,
PIRAMAL,1.MTD,Renewal,,12.19,Application submitted by user,LAS_DATA_VERIFICATION_SUCCESS,362,
FULLERTON,1.MTD,Fresh,,7.16,KYC completed,BRE2_REQUEST_FAILURE,6,
FULLERTON,1.MTD,Renewal,,8.19,BRE2 completed,FETCH_SETTLEMENT_BANK_ACCOUNT,3271,
NACL,1.MTD,Renewal,,12.49,Application submitted by user,LENDER_MVR_SHARING_SUCCESS,779,
NACL,1.MTD,Fresh,,15.01,Lead closed,LEAD_SUCCESSFULLY_CLOSED,880,
FULLERTON_BUREAU,1.MTD,Renewal,,11.19,Mandate done,SETTLEMENT_BANK_QC_DOC_REQUIRED,4,
MFL,1.MTD,Fresh,,6.19,Selfie uploaded,INITIATE_KYC,662,
SHRIRAM,1.MTD,Fresh,,14.15,Disbursed,BUSINESS_PROOF_QC_ACTION_PENDING,115,
FULLERTON,1.MTD,Fresh,,2.14,Workable leads,INITIATE_PAN_MERCHANT_AADHAAR_VALIDATION,1,
MFL,1.MTD,Renewal,,0,Total leads,LEAD_CLOSURE_INITIATED,73,
NACL,1.MTD,TOP UP,,9.05,Disbursal acc verified,BUSINESS_PROOF_UDYAM_VERIFICATION_FAILURE,659,
FULLERTON_BUREAU,1.MTD,Renewal,,5.14,Loan offer accepted,INITIATE_FETCH_EMI_INFO,6,
FULLERTON,1.MTD,Renewal,,12.21,Application submitted by user,PAN_QC_DOC_RE_UPLOAD_REQUIRED,3,
FULLERTON,1.MTD,TOP UP,,11.24,Mandate done,BUSINESS_PROOF_UDYAM_VERIFICATION_FAILURE,6872,
MFL,1.MTD,Fresh,,0,Total leads,LENDER_ACCEPT_OFFER_INITIATED_V2,211,
FULLERTON,1.MTD,TOP UP,,12.35,Application submitted by user,LOAN_APPLICATION_REJECTED,27,
MFL,1.MTD,Renewal,,12.22,Application submitted by user,LOAN_APPLICATION_ACCEPTED,186,
PIRAMAL,1.MTD,BT,,12.46,Application submitted by user,LUP_CREATION_FAILURE,2,
FULLERTON,1.MTD,TOP UP,,12.25,Application submitted by user,SETTLEMENT_BANK_QC_DOC_RE_UPLOAD_REQUIRED,25,
LRE,1.MTD,Fresh,,0,Unmapped,BUREAU_INITIATED,2,
FULLERTON,1.MTD,TOP UP,,12.24,Application submitted by user,BANK_QC_DOC_RE_UPLOADED,29,
MFL,1.MTD,Fresh,,0,Total leads,LENDER_KFS_GENERATION_INITIATED,173,
MFL,1.MTD,Renewal,,11.21,Mandate done,PAN_QC_DOC_UPLOAD_REQUIRED,4,
PIRAMAL,1.MTD,Fresh,,4.12,BRE1 completed,OFFER_RANKING_INITIATED,5194,
FULLERTON,1.MTD,Renewal,,12.5,Application submitted by user,LMS_SUBMIT_APPLICATION_FAILED,16,
NACL,1.MTD,TOP UP,,7.07,KYC completed,BRE2_FAILURE,911,
SHRIRAM,1.MTD,Fresh,,12.36,Application submitted by user,BUSINESS_APPROVAL_AWAITED,293,
PIRAMAL,1.MTD,BT,,6.1,Selfie uploaded,LIS_CREATE_APPLICATION_PENDING,4529,
FULLERTON,1.MTD,Fresh,,11.26,Mandate done,MOB_TO_UDYAM_REQUEST_FAILURE,1,
SHRIRAM,1.MTD,Renewal,,6.13,Selfie uploaded,LENDER_CREATE_APPLICATION_INITIATED,1911,
FULLERTON,1.MTD,AD,,12.14,Application submitted by user,UDYAM_VALIDATION_FAILURE,1,
PIRAMAL,1.MTD,BT,,12.12,Application submitted by user,BANK_QC_DOC_UPLOAD_REQUIRED,8,
PIRAMAL,1.MTD,Fresh,,9.15,Disbursal acc verified,KYB_SAVE_BUSINESS_DETAILS_FAILURE,1,
PIRAMAL,1.MTD,BT,,14.1,Disbursed,LMS_CALLBACK_SUCCESS,425,
NACL,1.MTD,Renewal,,11.03,Mandate done,SETTLEMENT_BANK_VALIDATION_SUCCESS_V2,920,
PIRAMAL,1.MTD,Fresh,,13.11,Submit to LMS,LMS_CALLBACK_REJECTED,54,
MFL,1.MTD,Renewal,,13.1,Submit to LMS,LMS_SUBMIT_APPLICATION_SUCCESS,174,
SHRIRAM,1.MTD,Fresh,,14.19,Disbursed,LENDING_CIF_UPDATE_SUCCESS,634,
NACL,1.MTD,Fresh,,1.09,Total leads,INITIATE_LOM_LRE_MIGRATION,1581,
PIRAMAL,1.MTD,Fresh,,12.22,Application submitted by user,DIY_FI_DOC_UPLOADED,214,
FULLERTON,1.MTD,Fresh,,12.1,Application submitted by user,BUSINESS_PROOF_VERIFICATION_SUCCESS,810,
PIRAMAL,1.MTD,BT,,7.13,KYC completed,LAS_KYC_AUDIT_FAILURE,3,
MFL,1.MTD,Fresh,,10.16,Review submit,INITIATE_MOB_TO_UDYAM_REQUEST,275,
NACL,1.MTD,Fresh,,12.05,Application submitted by user,QC_REQUIRED,156,
MFL,1.MTD,Fresh,,5.1,Loan offer accepted,LRE_FLOW_COMPLETED,616,
FULLERTON,1.MTD,Renewal,,8.16,BRE2 completed,BANK_VALIDATION_FAILURE2,11,
FULLERTON_BUREAU,1.MTD,Fresh,,12.28,Application submitted by user,QC_REJECTED,2,
FULLERTON,1.MTD,Fresh,,12.29,Application submitted by user,LOAN_QC_REJECTED,287,
MFL,1.MTD,Renewal,,14.12,Disbursed,BUSINESS_PROOF_QC_REQUIRED,36,
FULLERTON,1.MTD,TOP UP,,11.12,Mandate done,SETTLEMENT_BANK_VALIDATION_FAILURE_V2,5,
NACL,1.MTD,TOP UP,,0,Total leads,LENDER_CREATE_APPLICATION_INIT_FAILURE,3,
FULLERTON_BUREAU,1.MTD,Fresh,,6.12,Selfie uploaded,KYC_INITIATED,12753,
MFL,1.MTD,Fresh,,9.1,Disbursal acc verified,BANKING_ACTION_DONE,383,
FULLERTON_BUREAU,1.MTD,Renewal,,12.44,Application submitted by user,LENDER_DOCUMENT_UPLOAD_FAILURE,3,
SHRIRAM,1.MTD,Renewal,,9.1,Disbursal acc verified,BANKING_ACTION_DONE,1287,
MFL,1.MTD,Fresh,,10.17,Review submit,EMANDATE_REQUIRED,87,
PIRAMAL,1.MTD,TOP UP,,7.13,KYC completed,LAS_KYC_AUDIT_SUCCESS,1892,
FULLERTON,1.MTD,AD,,14.18,Disbursed,BUSINESS_PROOF_QC_SKIPPED,33,
PIRAMAL,1.MTD,Fresh,,8.12,BRE2 completed,SETTLEMENT_BANK_DETAILS_FETCHED,2212,
MFL,2.LMTD,TOP UP,,11.29,Mandate done,UC_LENDER_FORM_SUBMISSION_REQUIRED,497,
FULLERTON,2.LMTD,Fresh,,1.1400000000000001,Total leads,LOM_OFFER_RANKING_REJECTED,145,
FULLERTON_BUREAU,2.LMTD,Fresh,,12.43,Application submitted by user,LIS_DATA_UPDATE_REQUEST_SUCCESS,2604,
PIRAMAL,2.LMTD,Renewal,,12.19,Application submitted by user,LAS_DATA_VERIFICATION_SUCCESS,360,
FULLERTON,2.LMTD,Renewal,,8.19,BRE2 completed,FETCH_SETTLEMENT_BANK_ACCOUNT,2895,
NACL,2.LMTD,Renewal,,12.49,Application submitted by user,LENDER_MVR_SHARING_SUCCESS,356,
NACL,2.LMTD,Fresh,,15.01,Lead closed,LEAD_SUCCESSFULLY_CLOSED,712,
FULLERTON_BUREAU,2.LMTD,Renewal,,11.19,Mandate done,SETTLEMENT_BANK_QC_DOC_REQUIRED,5,
MFL,2.LMTD,Fresh,,6.19,Selfie uploaded,INITIATE_KYC,1033,
SHRIRAM,2.LMTD,Fresh,,14.15,Disbursed,BUSINESS_PROOF_QC_ACTION_PENDING,87,
FULLERTON,2.LMTD,Fresh,,2.14,Workable leads,INITIATE_PAN_MERCHANT_AADHAAR_VALIDATION,2,
MFL,2.LMTD,Renewal,,0,Total leads,LEAD_CLOSURE_INITIATED,68,
TCL,1.MTD,Fresh,,11.1,Review submit,REVIEW_OFFER_ACCEPTED,897,
,1.MTD,Renewal,true,1001,Unmapped,ML_DISTRIBUTION_PROGRAM,43631,
,1.MTD,Fresh,,5.15,Marketplace Offer Selected,OE_LEAD_CREATION_SUCCESS,10,
,1.MTD,Fresh,false,5.13,Marketplace Offer Selected,CHILD_LEAD_CREATION_LIMIT_REACHED,3990,
VCL,1.MTD,BT,,10.14,Disbursal acc verified,BANK_LINKING_SUCCESS,1879,
,1.MTD,BT,,1.11,Total leads,LEAD_RESET,2,
UCL,1.MTD,Fresh,,7.14,Selfie uploaded,LENDER_APP_CREATE_SUCCESS,26115,
UCL,1.MTD,Fresh,,15.1,Disbursed,LOAN_DISBURSEMENT_COMPLETED,5678,
UCL,1.MTD,REPEAT,,7.16,Selfie uploaded,INITIATE_MULTIMODE_KYC,10663,
,1.MTD,REPEAT,false,3.1,Bureau pull success,BUREAU_PULL_SUCCESS,249,
UCL,1.MTD,Fresh,,10.11,Disbursal acc verified,AWAIT_OFFER_ACCEPT,12302,
KSF,1.MTD,Fresh,,0,Total leads,TECHNICAL_FAILURE_LMS_FETCH_RPS,67,
PYFL,1.MTD,Fresh,,10.1,Disbursal acc verified,BANK_LINKING_SUCCESS,12615,
UCL,1.MTD,Fresh,,12.21,Mandate done,UC_LENDER_ACTION_REQUIRED,10158,
TCL,1.MTD,Renewal,,0,Total leads,DIY_FI_REQUIRED,5,
UCL,1.MTD,Fresh,,14.14,Submit to LMS,LOAN_DISBURSEMENT_INITIATED,6571,
UCL,1.MTD,MicroML,,8.1,KYC completed,KYC_SUCCESS_DIGILOCKER,17914,
KSF,1.MTD,Fresh,,0,Total leads,KYC_INITIATED_SEARCH_BY_PAN,4,
UCL,1.MTD,REPEAT,,11.14,Review submit,SKIP_BUSINESS_PROOF,473,
VCL,1.MTD,BT,,10.16,Disbursal acc verified,LENDER_LEAD_UPDATE_UPDATE_CONSENTS_DETAILS,3554,
TCL,1.MTD,Renewal,,12.19,Mandate done,AWAIT_LOAN_AGREEMENT_SIGNING,838,
UCL,1.MTD,REPEAT,,11.12,Review submit,LENDER_OFFER_UPDATE,671,
,1.MTD,Fresh,,5.1,Marketplace Offer Selected,MARKETPLACE_OFFER_SELECTED,33,
TCL,1.MTD,Renewal,,13.34,Application submitted by user,PDC_SUCCESS,780,
VCL,1.MTD,BT,,1.12,Total leads,CHECK_LRE_RANKING,178,
UCL,1.MTD,REPEAT,,10.1,Disbursal acc verified,BANK_LINKING_SUCCESS,515,
TCL,1.MTD,Renewal,,8.15,KYC completed,KYC_PINCODE_NOT_SERVICEABLE,280,
TCL,1.MTD,Fresh,,13.23,Application submitted by user,LENDER_DOC_UPLOAD_IN_PROGRESS_PAN_VERIFICATION,717,
KSF,1.MTD,TOP UP,,7.1,Selfie uploaded,SELFIE_CAPTURED,4891,
VCL,1.MTD,BT,,0,Total leads,INITIATE_DISBURSAL_ACCOUNT_NAME_MATCH_QC_DOC_UPLOAD,52,
PYFL,1.MTD,Fresh,,13.37,Application submitted by user,LENDER_DOC_UPLOAD_IN_PROGRESS_SANCTION_LETTER,8525,
PYFL,1.MTD,Renewal,,9.11,BRE2 completed,BRE2_ENRICH_OFFER,8107,
UCL,1.MTD,REPEAT,,0,Total leads,KYC_REUSABILITY_INITIATED,838,
PIRAMAL AA,1.MTD,Fresh,,0,Total leads,BRE1_INITIATE,3,
PYFL,1.MTD,Renewal,,13.31,Application submitted by user,TF_LENDER_PDC,6,
,1.MTD,Fresh,,2.15,Workable leads,BUREAU_ALT_MOBILE_REQUIRED,24,
,1.MTD,Fresh,,1001,Unmapped,BRE2_FAILURE,3,
PIRAMAL AA,1.MTD,Fresh,,0,Total leads,PENNY_DROP_INITIATED,14027,
UCL,1.MTD,REPEAT,,8.13,KYC completed,SERVICIBILITY_SUCCESS,576,
UCL,1.MTD,MicroML,,14.19,Submit to LMS,LOAN_DISBURSEMENT_SUCCESS,6092,
KSF,1.MTD,Fresh,,8.13,KYC completed,SERVICEABILITY_ACCEPTED,50623,
VCL,1.MTD,BT,,13.21,Application submitted by user,QC_SUCCESS,50,
,1.MTD,Fresh,,1001,Unmapped,PDC_INITIATE,87,
PYFL,1.MTD,Fresh,,13.23,Application submitted by user,FI_AWAITED,623,
TCL,1.MTD,Renewal,,8.22,KYC completed,LENDER_BRE_REJECTED,645,
UCL,1.MTD,MicroML,,13.15,Application submitted by user,QC_REJECTED,46,
PYFL,1.MTD,Renewal,,13.46,Application submitted by user,LENDER_AUDIT_TRAIL_UPLOAD_INIT_SUCCESS,5079,
,1.MTD,Fresh,true,5.13,Marketplace Offer Selected,CHILD_LEAD_CREATION_LIMIT_REACHED,11206,
,1.MTD,Fresh,true,2.16,Workable leads,BUREAU_ADR_REQUIRED,103039,
TCL,1.MTD,Fresh,,0,Total leads,LMS_PDC_CHECK_INITIATE_SUCCESS,527,
TCL,1.MTD,Fresh,,12.22,Mandate done,MOBILE_VERIFICATION_INITIATED,738,
NACL,2.LMTD,TOP UP,,9.05,Disbursal acc verified,BUSINESS_PROOF_UDYAM_VERIFICATION_FAILURE,768,
FULLERTON,2.LMTD,Renewal,,12.21,Application submitted by user,PAN_QC_DOC_RE_UPLOAD_REQUIRED,8,
FULLERTON,2.LMTD,TOP UP,,11.24,Mandate done,BUSINESS_PROOF_UDYAM_VERIFICATION_FAILURE,7191,
NACL,2.LMTD,Fresh,,11.05,Mandate done,SKIP_UC_REQ_FAILURE,4,
FULLERTON,2.LMTD,TOP UP,,12.35,Application submitted by user,LOAN_APPLICATION_REJECTED,50,
MFL,2.LMTD,Renewal,,12.22,Application submitted by user,LOAN_APPLICATION_ACCEPTED,185,
FULLERTON,2.LMTD,TOP UP,,12.25,Application submitted by user,SETTLEMENT_BANK_QC_DOC_RE_UPLOAD_REQUIRED,41,
LRE,2.LMTD,Fresh,,0,Unmapped,BUREAU_INITIATED,5,
FULLERTON,2.LMTD,TOP UP,,12.24,Application submitted by user,BANK_QC_DOC_RE_UPLOADED,25,
MFL,2.LMTD,Renewal,,11.21,Mandate done,PAN_QC_DOC_UPLOAD_REQUIRED,12,
PIRAMAL,2.LMTD,Fresh,,4.12,BRE1 completed,OFFER_RANKING_INITIATED,3430,
FULLERTON,2.LMTD,Renewal,,12.5,Application submitted by user,LMS_SUBMIT_APPLICATION_FAILED,6,
NACL,2.LMTD,TOP UP,,7.07,KYC completed,BRE2_FAILURE,509,
SHRIRAM,2.LMTD,Fresh,,12.36,Application submitted by user,BUSINESS_APPROVAL_AWAITED,235,
PIRAMAL,2.LMTD,BT,,6.1,Selfie uploaded,LIS_CREATE_APPLICATION_PENDING,1375,
FULLERTON,2.LMTD,Fresh,,11.26,Mandate done,MOB_TO_UDYAM_REQUEST_FAILURE,889,
SHRIRAM,2.LMTD,Renewal,,6.13,Selfie uploaded,LENDER_CREATE_APPLICATION_INITIATED,1322,
FULLERTON,2.LMTD,AD,,12.14,Application submitted by user,UDYAM_VALIDATION_FAILURE,3,
PIRAMAL,2.LMTD,BT,,12.12,Application submitted by user,BANK_QC_DOC_UPLOAD_REQUIRED,1,
PIRAMAL,2.LMTD,BT,,14.1,Disbursed,LMS_CALLBACK_SUCCESS,265,
NACL,2.LMTD,Renewal,,11.03,Mandate done,SETTLEMENT_BANK_VALIDATION_SUCCESS_V2,494,
MFL,2.LMTD,Renewal,,13.1,Submit to LMS,LMS_SUBMIT_APPLICATION_SUCCESS,147,
PIRAMAL,2.LMTD,Fresh,,13.11,Submit to LMS,LMS_CALLBACK_REJECTED,14,
SHRIRAM,2.LMTD,Fresh,,14.19,Disbursed,LENDING_CIF_UPDATE_SUCCESS,450,
MFL,2.LMTD,Fresh,,11.26,Mandate done,SETTLEMENT_BANK_QC_DOC_UPLOADED,2,
NACL,2.LMTD,Fresh,,1.09,Total leads,INITIATE_LOM_LRE_MIGRATION,504,
PIRAMAL,2.LMTD,Fresh,,12.22,Application submitted by user,DIY_FI_DOC_UPLOADED,263,
FULLERTON,2.LMTD,Fresh,,12.1,Application submitted by user,BUSINESS_PROOF_VERIFICATION_SUCCESS,737,
PIRAMAL,2.LMTD,BT,,7.13,KYC completed,LAS_KYC_AUDIT_FAILURE,1,
MFL,2.LMTD,Fresh,,10.16,Review submit,INITIATE_MOB_TO_UDYAM_REQUEST,442,
NACL,2.LMTD,Fresh,,12.05,Application submitted by user,QC_REQUIRED,149,
MFL,2.LMTD,Fresh,,5.1,Loan offer accepted,LRE_FLOW_COMPLETED,1095,
FULLERTON,2.LMTD,Renewal,,8.16,BRE2 completed,BANK_VALIDATION_FAILURE2,18,
FULLERTON_BUREAU,2.LMTD,Fresh,,12.28,Application submitted by user,QC_REJECTED,3,
FULLERTON,2.LMTD,Fresh,,12.29,Application submitted by user,LOAN_QC_REJECTED,381,
MFL,2.LMTD,Renewal,,14.12,Disbursed,BUSINESS_PROOF_QC_REQUIRED,14,
FULLERTON_BUREAU,2.LMTD,Fresh,,6.12,Selfie uploaded,KYC_INITIATED,9573,
MFL,2.LMTD,Fresh,,9.1,Disbursal acc verified,BANKING_ACTION_DONE,688,
SHRIRAM,2.LMTD,Renewal,,9.1,Disbursal acc verified,BANKING_ACTION_DONE,843,
MFL,2.LMTD,Fresh,,10.17,Review submit,EMANDATE_REQUIRED,132,
PIRAMAL,2.LMTD,TOP UP,,7.13,KYC completed,LAS_KYC_AUDIT_SUCCESS,2190,
FULLERTON,2.LMTD,AD,,14.18,Disbursed,BUSINESS_PROOF_QC_SKIPPED,68,
PIRAMAL,2.LMTD,Fresh,,8.12,BRE2 completed,SETTLEMENT_BANK_DETAILS_FETCHED,2765,
PIRAMAL,1.MTD,TOP UP,,15.1,Lead closed,LEAD_SUCCESSFULLY_CLOSED,864,
FULLERTON_BUREAU,1.MTD,Fresh,,7.11,KYC completed,SERVICEABILITY_REJECTED,702,
PIRAMAL,1.MTD,BT,,7.15,KYC completed,BRE2_REQUESTED,3680,
FULLERTON,1.MTD,AD,,12.16,Application submitted by user,PREDISBURSAL_FAILED,12,
FULLERTON,1.MTD,TOP UP,,12.42,Application submitted by user,LIS_DATA_UPDATE_FAILED,2,
NACL,1.MTD,Fresh,,9.06,Disbursal acc verified,BUSINESS_PROOF_UDYAM_VERIFICATION_SUCCESS,197,
MFL,1.MTD,Fresh,,12.24,Application submitted by user,DIY_FI_DOC_UPLOADED,61,
PIRAMAL,1.MTD,Renewal,,12.21,Application submitted by user,DIY_FI_REQUIRED,44,
MFL,1.MTD,Renewal,,12.13,Application submitted by user,LENDER_UPDATE_APPLICATION_FAILURE,1,
MFL,1.MTD,Fresh,,6.22,Selfie uploaded,KYC_RETRYABLE_FAILURE,110,
SHRIRAM,1.MTD,Fresh,,12.4,Application submitted by user,LMS_SUBMIT_APPLICATION_FAILED,1,
SHRIRAM,1.MTD,Fresh,,11.15,Mandate done,BANK_QC_DOC_UPLOAD_REQUIRED,101,
MFL,1.MTD,TOP UP,,11.28,Mandate done,KYB_FETCH_MPA_SUCCESS,619,
PIRAMAL,1.MTD,BT,,1.16,Total leads,LOM_OFFER_RANKING_REJECTED,35,
FULLERTON,1.MTD,Renewal,,1.1,Total leads,LEAD_FAILURE,4615,
FULLERTON,1.MTD,TOP UP,,12.4,Application submitted by user,DIY_FI_DOC_UPLOADED,50,
PIRAMAL,1.MTD,BT,,8.22,BRE2 completed,LENDER_PENNY_DROP_REQUEST_FAILURE,6,
NACL,1.MTD,Fresh,,12.35,Application submitted by user,LUP_CREATION_SUCCESS,1193,
FULLERTON_BUREAU,1.MTD,Renewal,,12.39,Application submitted by user,DIY_FI_REQUIRED,18,
PIRAMAL,1.MTD,Renewal,,5.1,Loan offer accepted,LIS_CREATE_APPLICATION_PENDING,1273,
SHRIRAM,1.MTD,Renewal,,1.17,Total leads,LOM_OFFER_RANKING_REQUEST_FAILURE,4,
FULLERTON,1.MTD,Fresh,,5.11,Loan offer accepted,LRE_FLOW_COMPLETED,21765,
NACL,1.MTD,Fresh,,8.07,BRE2 completed,SETTLEMENT_BANK_DETAILS_FETCHED,1430,
FULLERTON_BUREAU,1.MTD,Renewal,,8.17,BRE2 completed,BANK_VERIFICATION_FAILURE,31,
FULLERTON,1.MTD,AD,,12.11,Application submitted by user,BUSINESS_PROOF_DOCUMENT_UPLOAD_SKIPPED,59,
MFL,1.MTD,Renewal,,13.11,Submit to LMS,LMS_CALLBACK_REJECTED,4,
FULLERTON,1.MTD,TOP UP,,2.22,Workable leads,BUREAU_INITIATED,19382,
MFL,1.MTD,Fresh,,11.28,Mandate done,KYB_FETCH_MPA_SUCCESS,227,
FULLERTON_BUREAU,1.MTD,Fresh,,12.4,Application submitted by user,DIY_FI_DOC_UPLOADED,56,
SHRIRAM,1.MTD,Fresh,,12.32,Application submitted by user,LOAN_APPLICATION_REJECTED,195,
PIRAMAL,1.MTD,BT,,12.48,Application submitted by user,VAN_CREATION_FAILURE,1,
MFL,1.MTD,Renewal,,0,Total leads,INITIATE_KFS_FETCH,81,
MFL,1.MTD,Renewal,,11.13,Mandate done,SETTLEMENT_BANK_VALIDATION_REQUIRED_V2,179,
NACL,1.MTD,TOP UP,,11.1,Mandate done,KYB_BUSINESS_DETAILS_REQUIRED,1,
FULLERTON,1.MTD,Fresh,,11.32,Mandate done,BUSINESS_PROOF_PREFILL_FAILURE_V2,7182,
FULLERTON_BUREAU,1.MTD,Renewal,,0,Total leads,LENDER_LOAN_AGREEMENT_UPLOAD_SUCCESS,448,
NACL,1.MTD,Renewal,,7.07,KYC completed,BRE2_FAILURE,575,
SHRIRAM,1.MTD,Renewal,,15.1,Lead closed,LEAD_SUCCESSFULLY_CLOSED,604,
MFL,1.MTD,Renewal,,8.11,BRE2 completed,BANKING_ACTION_REQUIRED,194,
PIRAMAL,1.MTD,TOP UP,,4.1,BRE1 completed,BRE1_SUCCESS,2527,
MFL,1.MTD,Renewal,,11.1,Mandate done,EMANDATE_SUCCESS,179,
FULLERTON,1.MTD,Fresh,,7.11,KYC completed,SERVICEABILITY_REJECTED,939,
PIRAMAL,1.MTD,BT,,6.21,Selfie uploaded,KYC_RETRYABLE_FAILURE,41,
NACL,1.MTD,Fresh,,12.15,Application submitted by user,BANK_QC_DOC_RE_UPLOADED,9,
FULLERTON_BUREAU,1.MTD,Renewal,,7.13,KYC completed,BRE2_REQUESTED,3528,
PIRAMAL,1.MTD,BT,,12.24,Application submitted by user,BANK_QC_DOC_UPLOADED,8,
FULLERTON,1.MTD,TOP UP,,7.17,KYC completed,BRE2_FAILURE,3963,
SHRIRAM,1.MTD,Fresh,,6.16,Selfie uploaded,KYC_SELFIE_REUPLOAD_REQUIRED,124,
NACL,1.MTD,Fresh,,6.04,Selfie uploaded,LENDER_CREATE_APPLICATION_FAILURE,119,
MFL,1.MTD,TOP UP,,10.13,Review submit,BUSINESS_PROOF_PREFILL_FAILURE,991,
MFL,1.MTD,Renewal,,12.15,Application submitted by user,QC_REQUIRED,59,
MFL,1.MTD,Fresh,,0,Total leads,LENDER_KFS_FETCH_REQUEST_FAILURE,1,
PIRAMAL,2.LMTD,TOP UP,,15.1,Lead closed,LEAD_SUCCESSFULLY_CLOSED,1000,
FULLERTON_BUREAU,2.LMTD,Fresh,,7.11,KYC completed,SERVICEABILITY_REJECTED,393,
PIRAMAL,2.LMTD,BT,,7.15,KYC completed,BRE2_REQUESTED,912,
FULLERTON,2.LMTD,TOP UP,,12.42,Application submitted by user,LIS_DATA_UPDATE_FAILED,1,
TCL,1.MTD,Renewal,,6.1,Child Lead Created,ML_CHILD_LEAD_CREATED,3505,
,1.MTD,Fresh,,1001,Unmapped,LENDER_BRE2_INIT_OFFER_PENDING,16,
,1.MTD,Fresh,,1001,Unmapped,AUDITOR_REJECTED,2,
UCL,1.MTD,MicroML,,7.1,Selfie uploaded,SELFIE_CAPTURED,32979,
VCL,1.MTD,BT,,13.18,Application submitted by user,AWAIT_MULTI_SIGN_DOCS,774,
KSF,1.MTD,Fresh,,7.14,Selfie uploaded,KYC_FAILED_DIGILOCKER,3810,
,1.MTD,Fresh,,1001,Unmapped,QC_CHECK,21,
,1.MTD,Fresh,true,2.13,Workable leads,BUREAU_OTP_REQUIRED_WITH_SKIP_OTP,22541,
TCL,1.MTD,Fresh,,12.13,Mandate done,KYC_EXPIRED,77,
PIRAMAL AA,1.MTD,Fresh,,11.13,Review submit,LENDER_DOC_UPLOAD_IN_PROGRESS_FI_REPORT,7055,
TCL,1.MTD,Renewal,,1.18,Total leads,LRE_LEAD_OFFER_CHANGED,1285,
KSF,1.MTD,TOP UP,,8.1,KYC completed,KYC_COMPLETED,4362,
PYFL,1.MTD,Fresh,,7.1,Selfie uploaded,SELFIE_CAPTURED,22874,
PIRAMAL AA,1.MTD,Fresh,,10.13,Disbursal acc verified,LENDER_DOC_UPLOAD_IN_PROGRESS_LOAN_AGREEMENT,13547,
KSF,1.MTD,TOP UP,,6.2,Child Lead Created,LENDER_APP_CREATE_SUCCESS,5286,
KSF,1.MTD,Fresh,,13.17,Application submitted by user,DIY_FI_REQUIRED,1714,
VCL,1.MTD,BT,,6.1,Child Lead Created,ML_CHILD_LEAD_CREATED,2630,
,1.MTD,Renewal,false,2.17,Workable leads,RE_INITIATE_BUREAU,6,
PYFL,1.MTD,Renewal,,13.28,Application submitted by user,PDC_INITIATE,5716,
UCL,1.MTD,Fresh,,13.32,Application submitted by user,LENDER_MANDATE_DETAILS_SHARING_INITIATED,7738,
,1.MTD,Fresh,,1001,Unmapped,LENDER_PAN_VERIFICATION_INITIATED,744,
KSF,1.MTD,TOP UP,,14.15,Submit to LMS,LOAN_DISBURSEMENT_FAILURE,4,
TCL,1.MTD,Renewal,,0,Total leads,DIY_FI_DOC_UPLOADED,5,
PIRAMAL AA,1.MTD,Fresh,,2.11,Workable leads,PAN_DEDUPE_FAILED,1,
KSF,1.MTD,TOP UP,,14.13,Submit to LMS,LMS_PDC_CHECK_INITIATE_SUCCESS,3225,
PIRAMAL AA,1.MTD,Fresh,,0,Total leads,LENDER_BRE2_INIT_FAILED,56516,
KSF,1.MTD,Fresh,,8.12,KYC completed,KYC_PINCODE_NOT_SERVICEABLE,2981,
,1.MTD,Renewal,true,2.12,Workable leads,BUREAU_INIT,219335,
,1.MTD,Fresh,,1001,Unmapped,AA_REPORT_RECEIVED,11,
KSF,1.MTD,TOP UP,,12.13,Mandate done,VKYC_SKIPPED,208,
KSF,1.MTD,Fresh,,14.17,Submit to LMS,LMS_FETCH_RPS_INITIATED,22920,
PYFL,1.MTD,Fresh,,13.16,Application submitted by user,INITIATE_SETTLEMENT_ACCOUNT_NAME_MATCH_QC_DOC_REUPLOAD,355,
TCL,1.MTD,Renewal,,0,Total leads,SERVICEABILITY_ACCEPTED,1649,
KSF,1.MTD,TOP UP,,11.11,Review submit,EMANDATE_REQUIRED,3674,
UCL,1.MTD,Fresh,,14.15,Submit to LMS,LOAN_DISBURSEMENT_FAILURE,4,
UCL,1.MTD,REPEAT,,9.12,BRE2 completed,FETCH_SETTLEMENT_ACCOUNT,543,
KSF,1.MTD,Fresh,,1.1400000000000001,Total leads,LRE_MIGRATION,19122,
KSF,1.MTD,Fresh,,7.1,Selfie uploaded,SELFIE_CAPTURED,68003,
KSF,1.MTD,TOP UP,,7.15,Selfie uploaded,KYC_SUCCESS_DIGILOCKER,4625,
,1.MTD,Fresh,,1001,Unmapped,BRE2_SUCCESS,28,
NACL,2.LMTD,Fresh,,9.06,Disbursal acc verified,BUSINESS_PROOF_UDYAM_VERIFICATION_SUCCESS,278,
MFL,2.LMTD,Fresh,,12.24,Application submitted by user,DIY_FI_DOC_UPLOADED,47,
PIRAMAL,2.LMTD,Renewal,,12.21,Application submitted by user,DIY_FI_REQUIRED,39,
MFL,2.LMTD,Fresh,,6.22,Selfie uploaded,KYC_RETRYABLE_FAILURE,115,
PIRAMAL,2.LMTD,BT,,2.16,Workable leads,BUREAU_RETRYABLE_ERROR,2,
MFL,2.LMTD,TOP UP,,11.28,Mandate done,KYB_FETCH_MPA_SUCCESS,505,
SHRIRAM,2.LMTD,Fresh,,11.15,Mandate done,BANK_QC_DOC_UPLOAD_REQUIRED,77,
PIRAMAL,2.LMTD,BT,,1.16,Total leads,LOM_OFFER_RANKING_REJECTED,8,
FULLERTON,2.LMTD,Renewal,,1.1,Total leads,LEAD_FAILURE,1469,
FULLERTON,2.LMTD,TOP UP,,12.4,Application submitted by user,DIY_FI_DOC_UPLOADED,77,
PIRAMAL,2.LMTD,BT,,8.22,BRE2 completed,LENDER_PENNY_DROP_REQUEST_FAILURE,2,
NACL,2.LMTD,Fresh,,12.35,Application submitted by user,LUP_CREATION_SUCCESS,941,
FULLERTON_BUREAU,2.LMTD,Renewal,,12.39,Application submitted by user,DIY_FI_REQUIRED,22,
PIRAMAL,2.LMTD,Renewal,,5.1,Loan offer accepted,LIS_CREATE_APPLICATION_PENDING,1290,
FULLERTON,2.LMTD,Fresh,,5.11,Loan offer accepted,LRE_FLOW_COMPLETED,24045,
NACL,2.LMTD,Fresh,,8.07,BRE2 completed,SETTLEMENT_BANK_DETAILS_FETCHED,1610,
FULLERTON_BUREAU,2.LMTD,Renewal,,8.17,BRE2 completed,BANK_VERIFICATION_FAILURE,24,
FULLERTON,2.LMTD,AD,,12.11,Application submitted by user,BUSINESS_PROOF_DOCUMENT_UPLOAD_SKIPPED,144,
NACL,2.LMTD,Fresh,,9.07,Disbursal acc verified,MOB_TO_UDYAM_REQUEST_FAILURE,105,
MFL,2.LMTD,Renewal,,13.11,Submit to LMS,LMS_CALLBACK_REJECTED,1,
FULLERTON,2.LMTD,TOP UP,,2.22,Workable leads,BUREAU_INITIATED,19872,
MFL,2.LMTD,Fresh,,11.28,Mandate done,KYB_FETCH_MPA_SUCCESS,343,
FULLERTON_BUREAU,2.LMTD,Fresh,,12.4,Application submitted by user,DIY_FI_DOC_UPLOADED,48,
SHRIRAM,2.LMTD,Fresh,,12.32,Application submitted by user,LOAN_APPLICATION_REJECTED,101,
FULLERTON,2.LMTD,AD,,12.24,Application submitted by user,BANK_QC_DOC_RE_UPLOADED,1,
MFL,2.LMTD,Renewal,,11.13,Mandate done,SETTLEMENT_BANK_VALIDATION_REQUIRED_V2,207,
FULLERTON,2.LMTD,Fresh,,11.32,Mandate done,BUSINESS_PROOF_PREFILL_FAILURE_V2,7729,
NACL,2.LMTD,Renewal,,7.07,KYC completed,BRE2_FAILURE,837,
SHRIRAM,2.LMTD,Renewal,,15.1,Lead closed,LEAD_SUCCESSFULLY_CLOSED,399,
MFL,2.LMTD,Renewal,,8.11,BRE2 completed,BANKING_ACTION_REQUIRED,244,
PIRAMAL,2.LMTD,TOP UP,,4.1,BRE1 completed,BRE1_SUCCESS,3027,
MFL,2.LMTD,Renewal,,11.1,Mandate done,EMANDATE_SUCCESS,207,
FULLERTON,2.LMTD,Fresh,,7.11,KYC completed,SERVICEABILITY_REJECTED,836,
PIRAMAL,2.LMTD,BT,,6.21,Selfie uploaded,KYC_RETRYABLE_FAILURE,7,
NACL,2.LMTD,Fresh,,12.15,Application submitted by user,BANK_QC_DOC_RE_UPLOADED,3,
FULLERTON_BUREAU,2.LMTD,Renewal,,7.13,KYC completed,BRE2_REQUESTED,2762,
PIRAMAL,2.LMTD,BT,,12.24,Application submitted by user,BANK_QC_DOC_UPLOADED,1,
FULLERTON,2.LMTD,TOP UP,,7.17,KYC completed,BRE2_FAILURE,5227,
SHRIRAM,2.LMTD,Fresh,,6.16,Selfie uploaded,KYC_SELFIE_REUPLOAD_REQUIRED,153,
NACL,2.LMTD,Fresh,,6.04,Selfie uploaded,LENDER_CREATE_APPLICATION_FAILURE,86,
MFL,2.LMTD,TOP UP,,10.13,Review submit,BUSINESS_PROOF_PREFILL_FAILURE,644,
MFL,2.LMTD,Renewal,,12.15,Application submitted by user,QC_REQUIRED,106,
PIRAMAL,2.LMTD,BT,,12.43,Application submitted by user,LAS_DATA_VERIFICATION_SUCCESS,294,
PIRAMAL,2.LMTD,TOP UP,,0,Total leads,BANK_QC_DOC_RE_UPLOADED,1,
PIRAMAL,1.MTD,BT,,12.43,Application submitted by user,LAS_DATA_VERIFICATION_SUCCESS,408,
FULLERTON_BUREAU,1.MTD,Renewal,,1.18,Total leads,LEAD_CLOSURE_INITIATED,1686,
FULLERTON_BUREAU,1.MTD,Fresh,,14.12,Disbursed,LAS_LENDER_AUDIT_SUCCESS,2963,
PIRAMAL,1.MTD,Fresh,,7.23,KYC completed,BRE2_SUCCESS,2219,
SHRIRAM,1.MTD,Renewal,,8.14,BRE2 completed,MAQUETTE_FRAUD_CHECK_FAILURE,18,
FULLERTON_BUREAU,1.MTD,Renewal,,2.1,Workable leads,LEAD_CREATED,4385,
NACL,1.MTD,Renewal,,12.28,Application submitted by user,DIY_FI_DOC_UPLOADED,91,
MFL,1.MTD,Fresh,,13.1,Submit to LMS,LMS_SUBMIT_APPLICATION_SUCCESS,414,
PIRAMAL,1.MTD,TOP UP,,9.1,Disbursal acc verified,BANKING_ACTION_DONE,910,
MFL,1.MTD,Fresh,,14.19,Disbursed,BUSINESS_PROOF_QC_SKIPPED,165,
FULLERTON,1.MTD,AD,,12.52,Application submitted by user,LENDER_LIMIT_ENHANCEMENT_SUCCESS,20,
NACL,1.MTD,TOP UP,,2.11,Workable leads,BUREAU_OTP_REQUIRED,4,
FULLERTON_BUREAU,1.MTD,Renewal,,6.13,Selfie uploaded,KYC_FAILED,3488,
FULLERTON,1.MTD,TOP UP,,1.1,Total leads,LEAD_FAILURE,64376,
NACL,1.MTD,Renewal,,12.07,Application submitted by user,QC_ACTION_PENDING,186,
NACL,1.MTD,TOP UP,,10.02,Review submit,EMANDATE_REQUIRED,801,
PIRAMAL,1.MTD,Fresh,,9.11,Disbursal acc verified,KYB_BUSINESS_DETAILS_REQUIRED,2184,
FULLERTON,1.MTD,Fresh,,5.12,Loan offer accepted,KYC_IN_PROGRESS,22123,
FULLERTON,1.MTD,Renewal,,12.1,Application submitted by user,BUSINESS_PROOF_VERIFICATION_SUCCESS,538,
FULLERTON_BUREAU,1.MTD,Renewal,,1.16,Total leads,LOM_OFFER_RANKING_REQUEST_FAILURE,9,
FULLERTON,1.MTD,Fresh,,0,Total leads,LMS_SANCTION_ID_CHECK_FAILURE,1,
NACL,1.MTD,TOP UP,,6.09,Selfie uploaded,KYC_RETRYABLE_FAILURE,60,
PIRAMAL,1.MTD,Fresh,,11.1,Mandate done,EMANDATE_SUCCESS,1975,
FULLERTON,1.MTD,TOP UP,,12.16,Application submitted by user,PREDISBURSAL_FAILED,71,
NACL,1.MTD,Fresh,,1.01,Total leads,LEAD_RESET_IN_PROCESS,2331,
MFL,1.MTD,Renewal,,0,Total leads,LOM_OFFER_RANKING_SUCCESS,57,
MFL,1.MTD,Renewal,,10.18,Review submit,EMANDATE_REQUIRED_V2,114,
FULLERTON,1.MTD,Fresh,,1.13,Total leads,LOM_LRE_MIGRATION_INITIATED,8612,
FULLERTON,1.MTD,Fresh,,2.17,Workable leads,PAN_VERIFICATION_SUCCESS,1,
MFL,1.MTD,TOP UP,,12.12,Application submitted by user,LENDER_UPDATE_APPLICATION_INITIATED,1325,
FULLERTON,1.MTD,Fresh,,8.19,BRE2 completed,FETCH_SETTLEMENT_BANK_ACCOUNT,11048,
PIRAMAL,1.MTD,Fresh,,5.1,Loan offer accepted,LIS_CREATE_APPLICATION_PENDING,6877,
FULLERTON_BUREAU,1.MTD,Renewal,,12.48,Application submitted by user,LMS_SANCTION_ID_NOT_FOUND,345,
FULLERTON_BUREAU,1.MTD,Renewal,,12.5,Application submitted by user,LMS_SUBMIT_APPLICATION_FAILED,7,
MFL,1.MTD,TOP UP,,11.23,Mandate done,BANK_QC_DOC_UPLOAD_REQUIRED,5,
FULLERTON,1.MTD,Renewal,,12.26,Application submitted by user,SETTLEMENT_BANK_QC_DOC_RE_UPLOADED,12,
NACL,1.MTD,Fresh,,12.33,Application submitted by user,BUSINESS_APPROVAL_NOT_REQUIRED,1113,
NACL,1.MTD,Fresh,,11.07,Mandate done,BUSINESS_PROOF_DOCUMENT_UPLOADED,40,
FULLERTON,1.MTD,Renewal,,12.39,Application submitted by user,DIY_FI_REQUIRED,325,
MFL,1.MTD,Fresh,,14.1,Disbursed,LMS_CALLBACK_SUCCESS,616,
PIRAMAL,1.MTD,TOP UP,,9.13,Disbursal acc verified,KYB_FETCH_MPA_SUCCESS,928,
SHRIRAM,1.MTD,Renewal,,8.16,BRE2 completed,SETTLEMENT_BANK_DETAILS_FETCHED,1261,
MFL,1.MTD,Renewal,,11.15,Mandate done,LENDER_ACCEPT_OFFER_INITIATED,98,
NACL,1.MTD,Fresh,,7.07,KYC completed,BRE2_FAILURE,915,
FULLERTON,1.MTD,Renewal,,8.17,BRE2 completed,BANK_VERIFICATION_FAILURE,65,
MFL,1.MTD,TOP UP,,5.11,Loan offer accepted,KYC_SELFIE_REQUIRED,2538,
FULLERTON_BUREAU,1.MTD,Renewal,,12.47,Application submitted by user,LIS_SUBMIT_SUCCESS,1194,
FULLERTON_BUREAU,2.LMTD,Renewal,,1.18,Total leads,LEAD_CLOSURE_INITIATED,1492,
FULLERTON_BUREAU,2.LMTD,Fresh,,2.17,Workable leads,PAN_VERIFICATION_SUCCESS,1,
FULLERTON_BUREAU,2.LMTD,Fresh,,14.12,Disbursed,LAS_LENDER_AUDIT_SUCCESS,2418,
PIRAMAL,2.LMTD,Fresh,,7.23,KYC completed,BRE2_SUCCESS,2828,
TCL,1.MTD,Fresh,,13.29,Application submitted by user,LENDER_DATALAKE_PRE_DISBURSAL,683,
PIRAMAL AA,1.MTD,Fresh,,0,Total leads,LRE_PARENT,84708,
,1.MTD,Renewal,false,1001,Unmapped,TF_UPDATE_OFFER_RE2,34,
PYFL,1.MTD,Renewal,,14.1,Submit to LMS,LMS_LAN_CREATE_INITIATE,5117,
PYFL,1.MTD,Renewal,,7.29,Selfie uploaded,KYC_FAILED_OFFLINE_AADHAAR,376,
,1.MTD,Fresh,,2.13,Workable leads,BUREAU_OTP_REQUIRED_WITH_SKIP_OTP,5,
PYFL,1.MTD,Fresh,,6.1,Child Lead Created,ML_CHILD_LEAD_CREATED,26031,
,1.MTD,Renewal,true,1001,Unmapped,TF_MQT_BRE_1,1646,
TCL,1.MTD,Renewal,,8.18,KYC completed,TF_LENDER_FETCH_ADDR,1,
TCL,1.MTD,Fresh,,12.19,Mandate done,AWAIT_LOAN_AGREEMENT_SIGNING,751,
PYFL,1.MTD,Renewal,,14.12,Submit to LMS,LMS_PDC_CHECK_INITIATE,7730,
UCL,1.MTD,REPEAT,,11.15,Review submit,BP_MOBILE_UDYAM_INIT,2,
,1.MTD,Renewal,false,4.11,BRE1 completed,MARKETPLACE_INPUT_REQUIRED,19751,
PIRAMAL AA,1.MTD,Fresh,,9.12,BRE2 completed,EMANDATE_REQUIRED,14666,
UCL,1.MTD,REPEAT,,0,Total leads,KYC_REUSABILITY_FAILURE,224,
UCL,1.MTD,MicroML,,11.11,Review submit,TF_LENDER_OFFER_UPDATE,6630,
VCL,1.MTD,BT,,0,Total leads,LENDER_BRE_RETRY,76,
UCL,1.MTD,REPEAT,,13.39,Application submitted by user,LENDER_AUDIT_TRAIL_UPLOAD_INIT,467,
,1.MTD,Renewal,false,5.15,Marketplace Offer Selected,OE_LEAD_CREATION_SUCCESS,7085,
TCL,1.MTD,Fresh,,8.14,KYC completed,SERVICEABILITY_CHECK,2013,
TCL,1.MTD,Fresh,,6.26,Child Lead Created,LENDER_PAN_AADHAR_LINKAGE_FAILED,660,
PYFL,1.MTD,Renewal,,6.13,Child Lead Created,TF_SHOP_SERVICIBILITY_CHECK,4,
UCL,1.MTD,Fresh,,0,Total leads,KYC_REUSABILITY_FOUND,2634,
UCL,1.MTD,REPEAT,,11.11,Review submit,TF_LENDER_OFFER_UPDATE,196,
TCL,1.MTD,Renewal,,1.1,Total leads,RESET_IN_PROCESS,569,
UCL,1.MTD,Fresh,,8.1,KYC completed,KYC_SUCCESS_DIGILOCKER,15820,
UCL,1.MTD,Fresh,,8.18,KYC completed,LENDER_BRE_INITIATED,16316,
PYFL,1.MTD,Renewal,,7.3,Selfie uploaded,KYC_ABORTED,86,
PYFL,1.MTD,Fresh,,14.1,Submit to LMS,LMS_LAN_CREATE_INITIATE,8713,
UCL,1.MTD,MicroML,,14.18,Submit to LMS,LMS_ACCOUNT_ACTIVE,6092,
PIRAMAL AA,1.MTD,Fresh,,8.2,KYC completed,BRE2_SUCCESS,17199,
KSF,1.MTD,Fresh,,13.22,Application submitted by user,FI_APPROVED,865,
,1.MTD,Renewal,true,4.12,BRE1 completed,MARKETPLACE_OFFER_EXPIRED,8440,
UCL,1.MTD,MicroML,,9.16,BRE2 completed,LENDER_BANK_SHARING_INITIATED,16150,
UCL,1.MTD,MicroML,,1.1400000000000001,Total leads,RESET_IN_PROCESS,12463,
UCL,1.MTD,REPEAT,,13.31,Application submitted by user,TF_LENDER_SHARING_MANDATE_DETAILS,11,
PIRAMAL AA,1.MTD,Fresh,,6.15,Child Lead Created,KYC_INITIATED_DIGILOCKER,301264,
PYFL,1.MTD,Renewal,,11.1,Review submit,EMANDATE_REQUIRED,6993,
KSF,1.MTD,TOP UP,,13.2,Application submitted by user,FI_ON_HOLD,4,
PYFL,1.MTD,Fresh,,13.45,Application submitted by user,LENDER_GMV_UPLOAD_SUCCESS,8479,
TCL,1.MTD,Fresh,,7.19,Selfie uploaded,KYC_FAILED_DIGILOCKER,120,
TCL,1.MTD,Renewal,,14.14,Submit to LMS,LMS_FETCH_RPS_INITIATED,508,
PYFL,1.MTD,Fresh,,13.1,Application submitted by user,ACCEPT_OFFER_INIT,9758,
SHRIRAM,2.LMTD,Renewal,,8.14,BRE2 completed,MAQUETTE_FRAUD_CHECK_FAILURE,6,
FULLERTON_BUREAU,2.LMTD,Renewal,,2.1,Workable leads,LEAD_CREATED,3513,
NACL,2.LMTD,Renewal,,12.28,Application submitted by user,DIY_FI_DOC_UPLOADED,46,
MFL,2.LMTD,Fresh,,13.1,Submit to LMS,LMS_SUBMIT_APPLICATION_SUCCESS,412,
PIRAMAL,2.LMTD,TOP UP,,9.1,Disbursal acc verified,BANKING_ACTION_DONE,1253,
MFL,2.LMTD,Fresh,,14.19,Disbursed,BUSINESS_PROOF_QC_SKIPPED,83,
FULLERTON,2.LMTD,AD,,12.52,Application submitted by user,LENDER_LIMIT_ENHANCEMENT_SUCCESS,40,
FULLERTON_BUREAU,2.LMTD,Renewal,,6.13,Selfie uploaded,KYC_FAILED,1233,
FULLERTON,2.LMTD,TOP UP,,1.1,Total leads,LEAD_FAILURE,20182,
NACL,2.LMTD,Renewal,,12.07,Application submitted by user,QC_ACTION_PENDING,69,
NACL,2.LMTD,TOP UP,,10.02,Review submit,EMANDATE_REQUIRED,912,
PIRAMAL,2.LMTD,Fresh,,9.11,Disbursal acc verified,KYB_BUSINESS_DETAILS_REQUIRED,2748,
FULLERTON,2.LMTD,Fresh,,5.12,Loan offer accepted,KYC_IN_PROGRESS,24419,
FULLERTON,2.LMTD,Renewal,,12.1,Application submitted by user,BUSINESS_PROOF_VERIFICATION_SUCCESS,443,
NACL,2.LMTD,TOP UP,,6.09,Selfie uploaded,KYC_RETRYABLE_FAILURE,43,
PIRAMAL,2.LMTD,Fresh,,11.1,Mandate done,EMANDATE_SUCCESS,2333,
FULLERTON,2.LMTD,TOP UP,,12.16,Application submitted by user,PREDISBURSAL_FAILED,536,
NACL,2.LMTD,Fresh,,1.01,Total leads,LEAD_RESET_IN_PROCESS,499,
MFL,2.LMTD,Renewal,,0,Total leads,LOM_OFFER_RANKING_SUCCESS,63,
MFL,2.LMTD,Renewal,,10.18,Review submit,EMANDATE_REQUIRED_V2,141,
FULLERTON,2.LMTD,Fresh,,1.13,Total leads,LOM_LRE_MIGRATION_INITIATED,4943,
FULLERTON,2.LMTD,Fresh,,2.17,Workable leads,PAN_VERIFICATION_SUCCESS,7,
MFL,2.LMTD,TOP UP,,12.12,Application submitted by user,LENDER_UPDATE_APPLICATION_INITIATED,780,
FULLERTON,2.LMTD,Fresh,,8.19,BRE2 completed,FETCH_SETTLEMENT_BANK_ACCOUNT,12688,
PIRAMAL,2.LMTD,Fresh,,5.1,Loan offer accepted,LIS_CREATE_APPLICATION_PENDING,6847,
FULLERTON_BUREAU,2.LMTD,Renewal,,12.48,Application submitted by user,LMS_SANCTION_ID_NOT_FOUND,248,
MFL,2.LMTD,TOP UP,,11.23,Mandate done,BANK_QC_DOC_UPLOAD_REQUIRED,11,
FULLERTON,2.LMTD,Renewal,,12.26,Application submitted by user,SETTLEMENT_BANK_QC_DOC_RE_UPLOADED,4,
NACL,2.LMTD,Fresh,,12.33,Application submitted by user,BUSINESS_APPROVAL_NOT_REQUIRED,906,
NACL,2.LMTD,Fresh,,11.07,Mandate done,BUSINESS_PROOF_DOCUMENT_UPLOADED,41,
FULLERTON,2.LMTD,Renewal,,12.39,Application submitted by user,DIY_FI_REQUIRED,276,
MFL,2.LMTD,Fresh,,14.1,Disbursed,LMS_CALLBACK_SUCCESS,360,
PIRAMAL,2.LMTD,TOP UP,,9.13,Disbursal acc verified,KYB_FETCH_MPA_SUCCESS,1274,
SHRIRAM,2.LMTD,Renewal,,8.16,BRE2 completed,SETTLEMENT_BANK_DETAILS_FETCHED,838,
MFL,2.LMTD,Renewal,,11.15,Mandate done,LENDER_ACCEPT_OFFER_INITIATED,207,
NACL,2.LMTD,Fresh,,7.07,KYC completed,BRE2_FAILURE,562,
FULLERTON,2.LMTD,Renewal,,8.17,BRE2 completed,BANK_VERIFICATION_FAILURE,43,
MFL,2.LMTD,TOP UP,,5.11,Loan offer accepted,KYC_SELFIE_REQUIRED,1833,
FULLERTON_BUREAU,2.LMTD,Renewal,,12.47,Application submitted by user,LIS_SUBMIT_SUCCESS,870,
PIRAMAL,2.LMTD,Fresh,,0,Total leads,LENDER_PENNY_DROP_SUCCESS,51,
SHRIRAM,2.LMTD,Renewal,,12.17,Application submitted by user,QC_ACTION_PENDING,162,
PIRAMAL,2.LMTD,TOP UP,,2.12,Workable leads,BUREAU_INITIATED,2490,
MFL,2.LMTD,Renewal,,11.12,Mandate done,MOB_TO_UDYAM_FETCHED,21,
FULLERTON,2.LMTD,Renewal,,12.35,Application submitted by user,LOAN_APPLICATION_REJECTED,77,
MFL,2.LMTD,Fresh,,12.28,Application submitted by user,APPROVED_BY_BUSINESS,10,
MFL,2.LMTD,TOP UP,,0,Total leads,LEAD_FAILURE,707,
FULLERTON,2.LMTD,Fresh,,6.12,Selfie uploaded,KYC_INITIATED,22215,
SHRIRAM,2.LMTD,Fresh,,12.15,Application submitted by user,UDYAM_VALIDATION_SUCCESS,340,
MFL,2.LMTD,TOP UP,,12.16,Application submitted by user,QC_ACTION_PENDING,63,
SHRIRAM,2.LMTD,Fresh,,6.14,Selfie uploaded,LENDER_CREATE_APPLICATION_REJECTED,720,
FULLERTON,2.LMTD,Renewal,,12.23,Application submitted by user,BANK_QC_DOC_RE_UPLOAD_REQUIRED,29,
PIRAMAL,1.MTD,Fresh,,0,Total leads,LENDER_PENNY_DROP_SUCCESS,11,
SHRIRAM,1.MTD,Renewal,,12.17,Application submitted by user,QC_ACTION_PENDING,230,
PIRAMAL,1.MTD,TOP UP,,2.12,Workable leads,BUREAU_INITIATED,2638,
MFL,1.MTD,Renewal,,11.12,Mandate done,MOB_TO_UDYAM_FETCHED,23,
FULLERTON,1.MTD,Renewal,,12.35,Application submitted by user,LOAN_APPLICATION_REJECTED,142,
MFL,1.MTD,Fresh,,12.28,Application submitted by user,APPROVED_BY_BUSINESS,73,
MFL,1.MTD,TOP UP,,0,Total leads,LEAD_FAILURE,5685,
FULLERTON,1.MTD,Fresh,,6.12,Selfie uploaded,KYC_INITIATED,21048,
PIRAMAL,1.MTD,Fresh,,10.12,Review submit,LUP_CREATION_FAILURE,4,
SHRIRAM,1.MTD,Fresh,,12.15,Application submitted by user,UDYAM_VALIDATION_SUCCESS,458,
MFL,1.MTD,TOP UP,,12.16,Application submitted by user,QC_ACTION_PENDING,53,
SHRIRAM,1.MTD,Fresh,,6.14,Selfie uploaded,LENDER_CREATE_APPLICATION_REJECTED,711,
FULLERTON,1.MTD,Renewal,,12.23,Application submitted by user,BANK_QC_DOC_RE_UPLOAD_REQUIRED,15,
SHRIRAM,1.MTD,Fresh,,11.25,Mandate done,MOB_TO_UDYAM_REQUEST_FAILURE,6,
MFL,1.MTD,TOP UP,,11.18,Mandate done,LOAN_AGREEMENT_PENDING,1343,
SHRIRAM,1.MTD,Renewal,,8.1,BRE2 completed,BRE2_COMPLETED,1262,
MFL,1.MTD,Renewal,,14.18,Disbursed,UDYAM_VALIDATION_SUCCESS_V2,80,
FULLERTON,1.MTD,Fresh,,12.4,Application submitted by user,DIY_FI_DOC_UPLOADED,1066,
FULLERTON,1.MTD,Fresh,,8.11,BRE2 completed,BRE3_NOT_REQUIRED,8,
PIRAMAL,1.MTD,Fresh,,0,Total leads,LENDER_UPDATE_SUCCESS,1,
MFL,1.MTD,Renewal,,12.16,Application submitted by user,QC_ACTION_PENDING,62,
NACL,1.MTD,TOP UP,,12.27,Application submitted by user,DIY_FI_REQUIRED,1,
NACL,1.MTD,Renewal,,12.02,Application submitted by user,UC_SKIPPED,149,
SHRIRAM,1.MTD,Renewal,,10.11,Review submit,LUP_CREATION_SUCCESS,1068,
NACL,1.MTD,TOP UP,,12.14,Application submitted by user,BANK_QC_DOC_RE_UPLOAD_REQUIRED,6,
PIRAMAL,1.MTD,TOP UP,,6.13,Selfie uploaded,KYC_INITIATED,1932,
FULLERTON_BUREAU,1.MTD,Renewal,,9.1,Disbursal acc verified,BANKING_ACTION_DONE,1726,
PIRAMAL,1.MTD,Fresh,,0,Total leads,BANK_QC_DOC_RE_UPLOADED,31,
MFL,1.MTD,Fresh,,10.12,Review submit,UDYAM_VALIDATION_FAILURE,288,
FULLERTON_BUREAU,1.MTD,Renewal,,12.54,Application submitted by user,LENDER_BANK_UPDATE_SUCCESS,849,
FULLERTON,1.MTD,Fresh,,12.38,Application submitted by user,BUSINESS_APPROVAL_AWAITED,521,
NACL,1.MTD,Renewal,,1.04,Total leads,LOM_OFFER_RANKING_REJECTED,201,
SHRIRAM,1.MTD,Renewal,,8.11,BRE2 completed,BANK_VALIDATION_PENDING,340,
FULLERTON_BUREAU,1.MTD,Fresh,,12.54,Application submitted by user,LENDER_BANK_UPDATE_SUCCESS,15,
SHRIRAM,1.MTD,Fresh,,14.11,Disbursed,LENDING_CIF_SUBMIT_SUCCESS,3043,
NACL,1.MTD,Renewal,,10.02,Review submit,EMANDATE_REQUIRED,979,
MFL,1.MTD,Renewal,,12.29,Application submitted by user,BUSINESS_APPROVAL_NOT_REQUIRED,151,
FULLERTON,1.MTD,TOP UP,,12.28,Application submitted by user,QC_REJECTED,3,
MFL,1.MTD,Fresh,,15.1,Lead closed,LEAD_SUCCESSFULLY_CLOSED,575,
FULLERTON,1.MTD,Renewal,,12.44,Application submitted by user,LENDER_DOCUMENT_UPLOAD_FAILURE,5,
NACL,1.MTD,TOP UP,,12.28,Application submitted by user,DIY_FI_DOC_UPLOADED,1,
FULLERTON,1.MTD,Fresh,,11.3,Mandate done,BUSINESS_PROOF_VERIFICATION_REQUIRED,9281,
MFL,1.MTD,Fresh,,10.15,Review submit,UDYAM_VALIDATION_SUCCESS,74,
MFL,1.MTD,Renewal,,6.15,Selfie uploaded,INITIATE_DEDUPE_CHECK,308,
FULLERTON,1.MTD,TOP UP,,8.15,BRE2 completed,BANK_VALIDATION_PENDING,41,
PIRAMAL,1.MTD,Fresh,,6.14,Selfie uploaded,KYC_SELFIE_UPLOADED,6962,
LRE,1.MTD,Renewal,,0,Unmapped,BUREAU_SUCCESS,9,
PIRAMAL,1.MTD,Fresh,,0,Total leads,SETTLEMENT_BANK_QC_DOC_RE_UPLOADED,1,
SHRIRAM,1.MTD,Fresh,,8.12,BRE2 completed,BANK_VALIDATION_FAILURE2,198,
PIRAMAL,1.MTD,TOP UP,,0,Total leads,BRE1_REQUESTED,6278,
MFL,1.MTD,Renewal,,6.23,Selfie uploaded,KYC_FAILED,206,
FULLERTON,1.MTD,Fresh,,12.2,Application submitted by user,SETTLEMENT_BANK_UPDATE_SUCCESS,19,
FULLERTON,1.MTD,TOP UP,,2.19,Workable leads,CUSTOMER_DATA_NOT_PREFILLED,10,
FULLERTON,1.MTD,Fresh,,11.21,Mandate done,GST_VERIFICATION_REQUEST_FAILURE_V2,4,
PIRAMAL,1.MTD,TOP UP,,12.1,Application submitted by user,PREDISBURSAL_INITIATED,764,
MFL,1.MTD,Renewal,,11.29,Mandate done,UC_LENDER_FORM_SUBMISSION_REQUIRED,84,
FULLERTON,1.MTD,TOP UP,,13.1,Submit to LMS,LMS_SUBMIT_APPLICATION_SUCCESS,11265,
FULLERTON,1.MTD,Fresh,,8.15,BRE2 completed,BANK_VALIDATION_PENDING,2301,
SHRIRAM,2.LMTD,Fresh,,11.25,Mandate done,MOB_TO_UDYAM_REQUEST_FAILURE,223,
MFL,2.LMTD,TOP UP,,11.18,Mandate done,LOAN_AGREEMENT_PENDING,861,
SHRIRAM,2.LMTD,Renewal,,8.1,BRE2 completed,BRE2_COMPLETED,838,
MFL,2.LMTD,Renewal,,14.18,Disbursed,UDYAM_VALIDATION_SUCCESS_V2,43,
FULLERTON,2.LMTD,Fresh,,12.4,Application submitted by user,DIY_FI_DOC_UPLOADED,1125,
FULLERTON,2.LMTD,Fresh,,8.11,BRE2 completed,BRE3_NOT_REQUIRED,689,
MFL,2.LMTD,Renewal,,12.16,Application submitted by user,QC_ACTION_PENDING,123,
PYFL,1.MTD,Fresh,,8.1,KYC completed,KYC_SUCCESS_SEARCH_BY_PAN,4758,
UCL,1.MTD,MicroML,,14.16,Submit to LMS,LMS_FETCH_RPS_INITIATED,6092,
KSF,1.MTD,Fresh,,6.11,Child Lead Created,FETCH_SETTLEMENT_ACCOUNT,114420,
,1.MTD,Fresh,,1001,Unmapped,DOC_UPLOAD_INIT,21,
,1.MTD,Fresh,,1001,Unmapped,LRE_PARENT,2223,
UCL,1.MTD,Fresh,,0,Total leads,TECHNICAL_FAILURE_LMS_FETCH_RPS,32,
PYFL,1.MTD,Renewal,,9.18,BRE2 completed,PENNY_DROP_INITIATED,13304,
KSF,1.MTD,TOP UP,,11.1,Review submit,REVIEW_OFFER_ACCEPTED,3674,
,1.MTD,REPEAT,true,5.16,Marketplace Offer Selected,LO_LEAD_CREATION_SUCCESS,2768,
UCL,1.MTD,REPEAT,,1.1,Total leads,LEAD_RESET,48,
PYFL,1.MTD,Renewal,,8.18,KYC completed,LENDER_BRE_REJECTED,2233,
KSF,1.MTD,Fresh,,13.15,Application submitted by user,AWAIT_MULTI_SIGN_DOCS,28375,
PYFL,1.MTD,Fresh,,7.23,Selfie uploaded,TF_KYC_INITIATED_SEARCH_BY_PAN,22,
UCL,1.MTD,Fresh,,0,Total leads,KYC_COMPLETED,15820,
TCL,1.MTD,Renewal,,6.25,Child Lead Created,LENDER_PAN_AADHAR_LINKAGE_SUCCESS,2780,
PYFL,1.MTD,Renewal,,7.15,Selfie uploaded,AWAIT_LENDER_APP_DROP,113,
PYFL,1.MTD,Fresh,,13.17,Application submitted by user,INITIATE_SETTLEMENT_ACCOUNT_NAME_MATCH_QC_DOC_UPLOAD,749,
VCL,1.MTD,BT,,0,Total leads,ADD_BANK,375,
PYFL,1.MTD,Renewal,,7.13,Selfie uploaded,LENDER_APP_CREATE_SUCCESS,11367,
PYFL,1.MTD,Renewal,,6.12,Child Lead Created,SERVICIBILITY_CHECK,14189,
PIRAMAL AA,1.MTD,Fresh,,0,Total leads,LOAN_AGREEMENT_SUCCESS,15761,
,1.MTD,Fresh,,1001,Unmapped,LENDER_DOC_UPLOAD_IN_PROGRESS_BUSINESS_PROOF,5,
KSF,1.MTD,Fresh,,11.11,Review submit,EMANDATE_REQUIRED,36845,
TCL,1.MTD,Fresh,,6.36,Child Lead Created,SELFIE_RE_UPLOAD,122,
PIRAMAL AA,1.MTD,Fresh,,8.21,KYC completed,AWAIT_OFFER_ACCEPT,17199,
PIRAMAL AA,1.MTD,Fresh,,0,Total leads,LMS_PDC_CHECK_INITIATE,6484,
PIRAMAL AA,1.MTD,Fresh,,9.1,BRE2 completed,AA_ACCOUNT_MATCH_FAILED,5,
,1.MTD,MicroML,false,2.17,Workable leads,RE_INITIATE_BUREAU,45,
VCL,1.MTD,BT,,8.1,KYC completed,FETCH_SHOP_NAME,2127,
UCL,1.MTD,Fresh,,0,Total leads,TF_LENDER_DOC_UPLOAD,20,
PIRAMAL AA,1.MTD,Fresh,,0,Total leads,FI_ON_HOLD,2488,
PYFL,1.MTD,Renewal,,13.4,Application submitted by user,LENDER_DOC_UPLOAD_IN_PROGRESS_LOAN_AGREEMENT,5120,
PYFL,1.MTD,Fresh,,9.19,BRE2 completed,PENNY_DROP_COMPLETED,18816,
VCL,1.MTD,BT,,9.12,BRE2 completed,BRE2_ENRICH_OFFER,1885,
TCL,1.MTD,Fresh,,0,Total leads,DIY_FI_DOC_UPLOADED,1,
NACL,2.LMTD,TOP UP,,12.27,Application submitted by user,DIY_FI_REQUIRED,2,
NACL,2.LMTD,Renewal,,12.02,Application submitted by user,UC_SKIPPED,61,
SHRIRAM,2.LMTD,Renewal,,10.11,Review submit,LUP_CREATION_SUCCESS,635,
MFL,2.LMTD,TOP UP,,0,Total leads,MOB_TO_UDYAM_REQUEST_FAILURE,2,
NACL,2.LMTD,TOP UP,,12.14,Application submitted by user,BANK_QC_DOC_RE_UPLOAD_REQUIRED,2,
PIRAMAL,2.LMTD,TOP UP,,6.13,Selfie uploaded,KYC_INITIATED,2235,
FULLERTON_BUREAU,2.LMTD,Renewal,,9.1,Disbursal acc verified,BANKING_ACTION_DONE,1324,
PIRAMAL,2.LMTD,Fresh,,0,Total leads,BANK_QC_DOC_RE_UPLOADED,39,
MFL,2.LMTD,Fresh,,10.12,Review submit,UDYAM_VALIDATION_FAILURE,488,
FULLERTON_BUREAU,2.LMTD,Renewal,,12.54,Application submitted by user,LENDER_BANK_UPDATE_SUCCESS,622,
FULLERTON,2.LMTD,Fresh,,12.38,Application submitted by user,BUSINESS_APPROVAL_AWAITED,730,
NACL,2.LMTD,Renewal,,1.04,Total leads,LOM_OFFER_RANKING_REJECTED,177,
SHRIRAM,2.LMTD,Renewal,,8.11,BRE2 completed,BANK_VALIDATION_PENDING,244,
FULLERTON_BUREAU,2.LMTD,Fresh,,12.54,Application submitted by user,LENDER_BANK_UPDATE_SUCCESS,13,
SHRIRAM,2.LMTD,Fresh,,14.11,Disbursed,LENDING_CIF_SUBMIT_SUCCESS,2025,
NACL,2.LMTD,Renewal,,10.02,Review submit,EMANDATE_REQUIRED,551,
MFL,2.LMTD,Renewal,,12.29,Application submitted by user,BUSINESS_APPROVAL_NOT_REQUIRED,137,
FULLERTON,2.LMTD,TOP UP,,12.28,Application submitted by user,QC_REJECTED,3,
MFL,2.LMTD,Fresh,,15.1,Lead closed,LEAD_SUCCESSFULLY_CLOSED,337,
FULLERTON,2.LMTD,Renewal,,12.44,Application submitted by user,LENDER_DOCUMENT_UPLOAD_FAILURE,6,
NACL,2.LMTD,TOP UP,,12.28,Application submitted by user,DIY_FI_DOC_UPLOADED,1,
FULLERTON,2.LMTD,Fresh,,11.3,Mandate done,BUSINESS_PROOF_VERIFICATION_REQUIRED,9595,
FULLERTON,2.LMTD,Fresh,,2.23,Workable leads,BUREAU_OTP_REQUIRED,1,
MFL,2.LMTD,Fresh,,10.15,Review submit,UDYAM_VALIDATION_SUCCESS,115,
MFL,2.LMTD,Renewal,,6.15,Selfie uploaded,INITIATE_DEDUPE_CHECK,386,
FULLERTON,2.LMTD,TOP UP,,8.15,BRE2 completed,BANK_VALIDATION_PENDING,47,
PIRAMAL,2.LMTD,Fresh,,6.14,Selfie uploaded,KYC_SELFIE_UPLOADED,6999,
FULLERTON,2.LMTD,AD,,2.18,Workable leads,PAN_DEDUPE_FAILED,2,
PIRAMAL,2.LMTD,Fresh,,0,Total leads,SETTLEMENT_BANK_QC_DOC_RE_UPLOADED,1,
SHRIRAM,2.LMTD,Fresh,,8.12,BRE2 completed,BANK_VALIDATION_FAILURE2,178,
FULLERTON,2.LMTD,Fresh,,3.19,Bureau pull success,LENDER_UPDATE_REJECTED,1,
PIRAMAL,2.LMTD,TOP UP,,0,Total leads,BRE1_REQUESTED,5977,
MFL,2.LMTD,Renewal,,6.23,Selfie uploaded,KYC_FAILED,220,
FULLERTON,2.LMTD,Fresh,,12.2,Application submitted by user,SETTLEMENT_BANK_UPDATE_SUCCESS,18,
FULLERTON,2.LMTD,TOP UP,,2.19,Workable leads,CUSTOMER_DATA_NOT_PREFILLED,10,
PIRAMAL,2.LMTD,TOP UP,,12.1,Application submitted by user,PREDISBURSAL_INITIATED,1053,
MFL,2.LMTD,Renewal,,11.29,Mandate done,UC_LENDER_FORM_SUBMISSION_REQUIRED,108,
FULLERTON,2.LMTD,TOP UP,,13.1,Submit to LMS,LMS_SUBMIT_APPLICATION_SUCCESS,11709,
FULLERTON,2.LMTD,Fresh,,8.15,BRE2 completed,BANK_VALIDATION_PENDING,2454,
FULLERTON,2.LMTD,Renewal,,11.14,Mandate done,PAN_QC_DOC_UPLOAD_REQUIRED,17,
PIRAMAL,2.LMTD,Fresh,,12.19,Application submitted by user,LAS_DATA_VERIFICATION_SUCCESS,2214,
FULLERTON,2.LMTD,Renewal,,12.27,Application submitted by user,LOAN_APPLICATION_ON_HOLD,68,
FULLERTON_BUREAU,2.LMTD,Fresh,,8.19,BRE2 completed,FETCH_SETTLEMENT_BANK_ACCOUNT,3620,
PIRAMAL,2.LMTD,TOP UP,,12.27,Application submitted by user,LOAN_APPLICATION_REJECTED,1,
NACL,2.LMTD,Renewal,,9.13,Disbursal acc verified,LOAN_AGREEMENT_PENDING,623,
NACL,2.LMTD,Fresh,,11.15,Mandate done,BANK_QC_DOC_UPLOAD_REQUIRED,42,
FULLERTON_BUREAU,2.LMTD,Fresh,,5.13,Loan offer accepted,EMAIL_VERIFICATION_REQUIRED_V2,246,
SHRIRAM,2.LMTD,Renewal,,13.11,Submit to LMS,LMS_CALLBACK_REJECTED,22,
FULLERTON,2.LMTD,TOP UP,,2.27,Workable leads,BUREAU_ALTERNATE_MOBILE_NUMBER_REQUIRED,51,
NACL,2.LMTD,TOP UP,,12.44,Application submitted by user,LENDER_GMV_SHARING_SUCCESS,811,
FULLERTON,1.MTD,Renewal,,11.14,Mandate done,PAN_QC_DOC_UPLOAD_REQUIRED,19,
PIRAMAL,1.MTD,Fresh,,12.19,Application submitted by user,LAS_DATA_VERIFICATION_SUCCESS,1893,
FULLERTON,1.MTD,Renewal,,12.27,Application submitted by user,LOAN_APPLICATION_ON_HOLD,30,
FULLERTON_BUREAU,1.MTD,Fresh,,8.19,BRE2 completed,FETCH_SETTLEMENT_BANK_ACCOUNT,4170,
PIRAMAL,1.MTD,TOP UP,,12.27,Application submitted by user,LOAN_APPLICATION_REJECTED,1,
NACL,1.MTD,Renewal,,9.13,Disbursal acc verified,LOAN_AGREEMENT_PENDING,1059,
NACL,1.MTD,Fresh,,11.15,Mandate done,BANK_QC_DOC_UPLOAD_REQUIRED,56,
FULLERTON_BUREAU,1.MTD,Fresh,,5.13,Loan offer accepted,EMAIL_VERIFICATION_REQUIRED_V2,262,
NACL,1.MTD,TOP UP,,14.02,Disbursed,LENDING_CIF_SUBMIT_FAILURE,2,
SHRIRAM,1.MTD,Renewal,,13.11,Submit to LMS,LMS_CALLBACK_REJECTED,467,
FULLERTON,1.MTD,TOP UP,,2.27,Workable leads,BUREAU_ALTERNATE_MOBILE_NUMBER_REQUIRED,58,
NACL,1.MTD,TOP UP,,12.44,Application submitted by user,LENDER_GMV_SHARING_SUCCESS,686,
FULLERTON_BUREAU,1.MTD,Fresh,,12.38,Application submitted by user,BUSINESS_APPROVAL_AWAITED,34,
MFL,1.MTD,Fresh,,11.2,Mandate done,LOAN_AGREEMENT_SUCCESS,351,
NACL,1.MTD,Fresh,,12.32,Application submitted by user,APPROVED_BY_BUSINESS,81,
NACL,1.MTD,Renewal,,12.2,Application submitted by user,PANEL_SUCCESS,101,
MFL,1.MTD,Renewal,,6.12,Selfie uploaded,LENDER_CREATE_APPLICATION_INITIATED,304,
SHRIRAM,1.MTD,Renewal,,5.11,Loan offer accepted,LRE_FLOW_COMPLETED,1962,
PIRAMAL,1.MTD,TOP UP,,7.16,KYC completed,BRE2_REQUESTED,1891,
MFL,1.MTD,TOP UP,,6.15,Selfie uploaded,INITIATE_DEDUPE_CHECK,2184,
NACL,1.MTD,TOP UP,,12.26,Application submitted by user,LOAN_APPLICATION_ACCEPTED,764,
FULLERTON_BUREAU,1.MTD,Renewal,,1.13,Total leads,LOM_LRE_MIGRATION_INITIATED,1766,
MFL,1.MTD,Renewal,,6.2,Selfie uploaded,KYC_INITIATED,396,
SHRIRAM,1.MTD,Fresh,,6.15,Selfie uploaded,LENDER_CREATE_APPLICATION_SUCCESS,6931,
FULLERTON,1.MTD,AD,,8.1,BRE2 completed,BRE2_COMPLETED,93,
SHRIRAM,1.MTD,Renewal,,2.11,Workable leads,BASIC_DETAILS,1,
FULLERTON,1.MTD,TOP UP,,7.12,KYC completed,SERVICEABILITY_ACCEPTED,17647,
PIRAMAL,1.MTD,Renewal,,12.27,Application submitted by user,LOAN_APPLICATION_REJECTED,16,
MFL,1.MTD,TOP UP,,12.29,Application submitted by user,BUSINESS_APPROVAL_NOT_REQUIRED,1282,
NACL,1.MTD,Fresh,,12.18,Application submitted by user,QC_REJECTED,1,
FULLERTON,1.MTD,Fresh,,5.14,Loan offer accepted,INITIATE_FETCH_EMI_INFO,16,
FULLERTON,1.MTD,AD,,14.1,Disbursed,LMS_CALLBACK_SUCCESS,87,
PIRAMAL,1.MTD,Fresh,,0,Total leads,KYC_RETRYABLE_FAILURE,88,
FULLERTON_BUREAU,1.MTD,Fresh,,10.12,Review submit,EMANDATE_REQUIRED,3617,
MFL,1.MTD,Fresh,,6.16,Selfie uploaded,DEDUPE_CHECK_REQUEST_SUCCESS,662,
SHRIRAM,1.MTD,Fresh,,11.16,Mandate done,BANK_QC_DOC_UPLOADED,99,
FULLERTON_BUREAU,1.MTD,Renewal,,12.29,Application submitted by user,LOAN_QC_REJECTED,42,
FULLERTON_BUREAU,1.MTD,Fresh,,1.13,Total leads,LOM_LRE_MIGRATION_INITIATED,5729,
MFL,1.MTD,Fresh,,11.12,Mandate done,MOB_TO_UDYAM_FETCHED,35,
NACL,1.MTD,Fresh,,8.01,BRE2 completed,BRE2_COMPLETED,1424,
SHRIRAM,1.MTD,Renewal,,1.19,Total leads,LEAD_CLOSURE_INITIATED,278,
FULLERTON,1.MTD,TOP UP,,7.16,KYC completed,BRE2_REQUEST_FAILURE,2,
SHRIRAM,1.MTD,Renewal,,6.16,Selfie uploaded,KYC_SELFIE_REUPLOAD_REQUIRED,22,
NACL,1.MTD,TOP UP,,12.15,Application submitted by user,BANK_QC_DOC_RE_UPLOADED,7,
FULLERTON,1.MTD,Fresh,,5.16,Loan offer accepted,FETCH_EMI_INFO_SUCCESS,16,
SHRIRAM,1.MTD,Fresh,,14.14,Disbursed,BUSINESS_PROOF_QC_REQUIRED,115,
FULLERTON,1.MTD,Renewal,,10.1,Review submit,LOAN_AGREEMENT_SUCCESS,3004,
MFL,1.MTD,Renewal,,6.16,Selfie uploaded,DEDUPE_CHECK_REQUEST_SUCCESS,308,
FULLERTON,1.MTD,AD,,7.17,KYC completed,BRE2_FAILURE,54,
PIRAMAL,1.MTD,Renewal,,8.14,BRE2 completed,BANK_VALIDATION_PENDING,173,
NACL,1.MTD,TOP UP,,7.09,KYC completed,BRE2_LOAN_OFFER_UPDATED,145,
SHRIRAM,1.MTD,Fresh,,12.1,Application submitted by user,BUSINESS_PROOF_VERIFICATION_SUCCESS,263,
MFL,1.MTD,Fresh,,8.15,BRE2 completed,BANK_VERIFICATION_FAILURE,7,
NACL,1.MTD,TOP UP,,12.46,Application submitted by user,LENDER_MVR_SHARING_INITIATED,683,
PIRAMAL,1.MTD,Fresh,,12.18,Application submitted by user,LAS_DATA_VERIFICATION_REQUESTED,1893,
PIRAMAL,1.MTD,Renewal,,12.15,Application submitted by user,QC_REJECTED,2,
MFL,1.MTD,Renewal,,15.1,Lead closed,LEAD_SUCCESSFULLY_CLOSED,196,
FULLERTON_BUREAU,2.LMTD,Fresh,,12.38,Application submitted by user,BUSINESS_APPROVAL_AWAITED,41,
MFL,2.LMTD,Fresh,,11.2,Mandate done,LOAN_AGREEMENT_SUCCESS,496,
NACL,2.LMTD,Renewal,,12.2,Application submitted by user,PANEL_SUCCESS,43,
NACL,2.LMTD,Fresh,,12.32,Application submitted by user,APPROVED_BY_BUSINESS,37,
MFL,2.LMTD,Renewal,,6.12,Selfie uploaded,LENDER_CREATE_APPLICATION_INITIATED,387,
SHRIRAM,2.LMTD,Renewal,,5.11,Loan offer accepted,LRE_FLOW_COMPLETED,1426,
PIRAMAL,2.LMTD,TOP UP,,7.16,KYC completed,BRE2_REQUESTED,2190,
PYFL,1.MTD,Fresh,,7.18,Selfie uploaded,INITIATE_MULTIMODE_KYC,39053,
,1.MTD,Fresh,,1001,Unmapped,PENNY_DROP_INITIATED,873,
PYFL,1.MTD,Renewal,,7.25,Selfie uploaded,KYC_INITIATED_DIGILOCKER,6089,
VCL,1.MTD,BT,,11.12,Review submit,EMANDATE_REQUIRED,1578,
UCL,1.MTD,Fresh,,12.19,Mandate done,UC_REQUIRED,5374,
,1.MTD,REPEAT,false,2.12,Workable leads,BUREAU_INIT,125,
PIRAMAL AA,1.MTD,Fresh,,8.15,KYC completed,LENDER_BRE2_INIT,54054,
,1.MTD,MicroML,true,4.12,BRE1 completed,MARKETPLACE_OFFER_EXPIRED,17148,
PIRAMAL AA,1.MTD,Fresh,,8.16,KYC completed,LENDER_BRE2_INIT_OFFER_PENDING,3810,
UCL,1.MTD,Fresh,,13.39,Application submitted by user,LENDER_AUDIT_TRAIL_UPLOAD_INIT,7704,
TCL,1.MTD,Fresh,,1.13,Total leads,LRE_PARENT,1548,
VCL,1.MTD,BT,,14.2,Submit to LMS,LMS_TRIGGER_USER_NOTIFICATIONS,572,
KSF,1.MTD,TOP UP,,1.1,Total leads,RESET_IN_PROCESS,56,
PYFL,1.MTD,Fresh,,13.38,Application submitted by user,LENDER_DOC_UPLOAD_IN_PROGRESS_APPLICATION_FORM,8521,
TCL,1.MTD,Fresh,,13.22,Application submitted by user,LENDER_DOC_UPLOAD_IN_PROGRESS_PAN_AADHAAR_LINKAGE,717,
PYFL,1.MTD,Fresh,,8.17,KYC completed,LENDER_BRE_INITIATED,34188,
TCL,1.MTD,Renewal,,7.13,Selfie uploaded,KYC_FAILED_SEARCH_BY_PAN,1289,
TCL,1.MTD,Fresh,,0,Total leads,TF_LENDER_DOC_UPLOAD,1,
KSF,1.MTD,Fresh,,0,Total leads,TF_LRE_RANKING,38,
,1.MTD,Fresh,,1001,Unmapped,LMS_PDC_CHECK_INITIATE_SUCCESS,71,
TCL,1.MTD,Fresh,,13.31,Application submitted by user,PDC_INITIATE,682,
TCL,1.MTD,Fresh,,1.1,Total leads,RESET_IN_PROCESS,256,
UCL,1.MTD,Fresh,,9.1,BRE2 completed,BRE2_ENRICH_OFFER,13750,
PYFL,1.MTD,Fresh,,6.16,Child Lead Created,AWAIT_SELFIE,25717,
VCL,1.MTD,BT,,7.1,Selfie uploaded,SELFIE_CAPTURED,2526,
KSF,1.MTD,Fresh,,10.1,Disbursal acc verified,AWAIT_OFFER_ACCEPT,39746,
TCL,1.MTD,Renewal,,14.19,Submit to LMS,LENDER_DATALAKE_POST_DISBURSAL,518,
UCL,1.MTD,REPEAT,,0,Total leads,LENDER_MVR_UPLOAD_SKIP,467,
PIRAMAL AA,1.MTD,Fresh,,1.1,Total leads,RESET_IN_PROCESS,156007,
,1.MTD,Fresh,,1001,Unmapped,LENDER_BRE_INITIATED,2007,
,1.MTD,MicroML,false,4.11,BRE1 completed,MARKETPLACE_INPUT_REQUIRED,6411,
KSF,1.MTD,Fresh,,0,Total leads,TF_LENDER_APP_CREATE,9,
UCL,1.MTD,REPEAT,,6.11,Child Lead Created,AWAIT_SELFIE,895,
KSF,1.MTD,TOP UP,,12.21,Mandate done,AUDITOR_REJECTED,1,
,1.MTD,Renewal,false,5.16,Marketplace Offer Selected,LO_LEAD_CREATION_SUCCESS,7310,
TCL,1.MTD,Fresh,,6.16,Child Lead Created,BANK_NAME_MATCH_FAILED,431,
PIRAMAL AA,1.MTD,Fresh,,10.12,Disbursal acc verified,LENDER_LEAD_UPDATE_UPDATE_LOAN_OFFER_DETAILS,13541,
TCL,1.MTD,Fresh,,13.2,Application submitted by user,LENDER_LEAD_UPDATE_UPDATE_BP_DETAILS,614,
PIRAMAL AA,1.MTD,Fresh,,0,Total leads,TECHNICAL_FAILURE_LMS_LAN_CREATE,374,
,1.MTD,BT,false,3.13,Bureau pull success,BRE1_FAILED,1655,
TCL,1.MTD,Fresh,,14.19,Submit to LMS,LENDER_DATALAKE_POST_DISBURSAL,463,
,1.MTD,Fresh,false,1001,Unmapped,BP_PAN_GST_VINTAGE,64264,
VCL,1.MTD,BT,,13.25,Application submitted by user,PDC_INITIATE,670,
PYFL,1.MTD,Fresh,,13.4,Application submitted by user,LENDER_DOC_UPLOAD_IN_PROGRESS_LOAN_AGREEMENT,8515,
KSF,1.MTD,Fresh,,9.13,BRE2 completed,LENDER_KYC_VALIDATION_SUCCESS,39749,
UCL,1.MTD,MicroML,,13.34,Application submitted by user,LENDER_DOC_UPLOAD_IN_PROGRESS_LOAN_AGREEMENT,7893,
PYFL,1.MTD,Fresh,,7.27,Selfie uploaded,KYC_FAILED_DIGILOCKER,1545,
MFL,2.LMTD,TOP UP,,6.15,Selfie uploaded,INITIATE_DEDUPE_CHECK,1440,
NACL,2.LMTD,TOP UP,,12.26,Application submitted by user,LOAN_APPLICATION_ACCEPTED,817,
FULLERTON_BUREAU,2.LMTD,Renewal,,1.13,Total leads,LOM_LRE_MIGRATION_INITIATED,1552,
MFL,2.LMTD,Renewal,,6.2,Selfie uploaded,KYC_INITIATED,424,
SHRIRAM,2.LMTD,Fresh,,6.15,Selfie uploaded,LENDER_CREATE_APPLICATION_SUCCESS,5764,
FULLERTON,2.LMTD,AD,,8.1,BRE2 completed,BRE2_COMPLETED,243,
FULLERTON,2.LMTD,TOP UP,,7.12,KYC completed,SERVICEABILITY_ACCEPTED,19420,
PIRAMAL,2.LMTD,Renewal,,12.27,Application submitted by user,LOAN_APPLICATION_REJECTED,8,
MFL,2.LMTD,TOP UP,,12.29,Application submitted by user,BUSINESS_APPROVAL_NOT_REQUIRED,741,
NACL,2.LMTD,Fresh,,12.18,Application submitted by user,QC_REJECTED,2,
FULLERTON,2.LMTD,Fresh,,5.14,Loan offer accepted,INITIATE_FETCH_EMI_INFO,28,
FULLERTON,2.LMTD,AD,,14.1,Disbursed,LMS_CALLBACK_SUCCESS,207,
PIRAMAL,2.LMTD,Fresh,,0,Total leads,KYC_RETRYABLE_FAILURE,114,
FULLERTON_BUREAU,2.LMTD,Fresh,,10.12,Review submit,EMANDATE_REQUIRED,3022,
MFL,2.LMTD,Fresh,,6.16,Selfie uploaded,DEDUPE_CHECK_REQUEST_SUCCESS,1079,
SHRIRAM,2.LMTD,Fresh,,11.16,Mandate done,BANK_QC_DOC_UPLOADED,76,
FULLERTON_BUREAU,2.LMTD,Renewal,,12.29,Application submitted by user,LOAN_QC_REJECTED,26,
FULLERTON_BUREAU,2.LMTD,Fresh,,1.13,Total leads,LOM_LRE_MIGRATION_INITIATED,4734,
MFL,2.LMTD,Fresh,,11.12,Mandate done,MOB_TO_UDYAM_FETCHED,39,
NACL,2.LMTD,Fresh,,8.01,BRE2 completed,BRE2_COMPLETED,1609,
SHRIRAM,2.LMTD,Renewal,,1.19,Total leads,LEAD_CLOSURE_INITIATED,199,
SHRIRAM,2.LMTD,Renewal,,6.16,Selfie uploaded,KYC_SELFIE_REUPLOAD_REQUIRED,7,
NACL,2.LMTD,TOP UP,,12.15,Application submitted by user,BANK_QC_DOC_RE_UPLOADED,1,
FULLERTON,2.LMTD,Fresh,,5.16,Loan offer accepted,FETCH_EMI_INFO_SUCCESS,28,
SHRIRAM,2.LMTD,Fresh,,14.14,Disbursed,BUSINESS_PROOF_QC_REQUIRED,87,
FULLERTON,2.LMTD,Renewal,,10.1,Review submit,LOAN_AGREEMENT_SUCCESS,2571,
MFL,2.LMTD,Renewal,,6.16,Selfie uploaded,DEDUPE_CHECK_REQUEST_SUCCESS,386,
FULLERTON,2.LMTD,AD,,7.17,KYC completed,BRE2_FAILURE,128,
PIRAMAL,2.LMTD,Renewal,,8.14,BRE2 completed,BANK_VALIDATION_PENDING,126,
NACL,2.LMTD,TOP UP,,7.09,KYC completed,BRE2_LOAN_OFFER_UPDATED,124,
SHRIRAM,2.LMTD,Fresh,,12.1,Application submitted by user,BUSINESS_PROOF_VERIFICATION_SUCCESS,191,
PIRAMAL,2.LMTD,BT,,12.29,Application submitted by user,LOAN_APPLICATION_REJECTED,1,
MFL,2.LMTD,Fresh,,8.15,BRE2 completed,BANK_VERIFICATION_FAILURE,14,
NACL,2.LMTD,TOP UP,,12.46,Application submitted by user,LENDER_MVR_SHARING_INITIATED,797,
PIRAMAL,2.LMTD,Fresh,,12.18,Application submitted by user,LAS_DATA_VERIFICATION_REQUESTED,2214,
MFL,2.LMTD,Renewal,,15.1,Lead closed,LEAD_SUCCESSFULLY_CLOSED,118,
SHRIRAM,2.LMTD,Renewal,,1.1400000000000001,Total leads,LOM_LRE_MIGRATION_INITIATED,269,
FULLERTON_BUREAU,2.LMTD,Fresh,,12.19,Application submitted by user,RE_SUBMIT_SETTLEMENT_BANK,4,
FULLERTON_BUREAU,2.LMTD,Fresh,,12.37,Application submitted by user,BUSINESS_APPROVAL_NOT_REQUIRED,2581,
NACL,2.LMTD,TOP UP,,2.03,Workable leads,DATA_PREFILL_SUCCESS,5049,
PIRAMAL,2.LMTD,BT,,7.11,KYC completed,LAS_KYC_AUDIT_REQUESTED,914,
SHRIRAM,2.LMTD,Renewal,,7.13,KYC completed,BRE2_FAILURE,108,
FULLERTON,2.LMTD,Renewal,,12.4,Application submitted by user,DIY_FI_DOC_UPLOADED,226,
FULLERTON,2.LMTD,AD,,10.11,Review submit,LUP_CREATION_SUCCESS,213,
SHRIRAM,1.MTD,Renewal,,1.1400000000000001,Total leads,LOM_LRE_MIGRATION_INITIATED,395,
FULLERTON_BUREAU,1.MTD,Fresh,,12.19,Application submitted by user,RE_SUBMIT_SETTLEMENT_BANK,5,
FULLERTON_BUREAU,1.MTD,Fresh,,12.37,Application submitted by user,BUSINESS_APPROVAL_NOT_REQUIRED,3119,
NACL,1.MTD,TOP UP,,2.03,Workable leads,DATA_PREFILL_SUCCESS,7125,
PIRAMAL,1.MTD,BT,,7.11,KYC completed,LAS_KYC_AUDIT_REQUESTED,3702,
SHRIRAM,1.MTD,Renewal,,7.13,KYC completed,BRE2_FAILURE,141,
FULLERTON,1.MTD,Renewal,,12.4,Application submitted by user,DIY_FI_DOC_UPLOADED,315,
FULLERTON,1.MTD,AD,,10.11,Review submit,LUP_CREATION_SUCCESS,82,
PIRAMAL,1.MTD,Renewal,,12.2,Application submitted by user,BUSINESS_APPROVAL_NOT_REQUIRED,318,
PIRAMAL,1.MTD,TOP UP,,0,Total leads,DATA_PREFILL_FAILURE,2,
FULLERTON_BUREAU,1.MTD,Fresh,,11.17,Mandate done,BANK_QC_DOC_UPLOADED,71,
MFL,1.MTD,TOP UP,,14.18,Disbursed,UDYAM_VALIDATION_SUCCESS_V2,551,
FULLERTON,1.MTD,Fresh,,12.35,Application submitted by user,LOAN_APPLICATION_REJECTED,443,
NACL,1.MTD,Renewal,,9.05,Disbursal acc verified,BUSINESS_PROOF_UDYAM_VERIFICATION_FAILURE,689,
FULLERTON,1.MTD,Renewal,,7.17,KYC completed,BRE2_FAILURE,1342,
PIRAMAL,1.MTD,TOP UP,,10.11,Review submit,EMANDATE_REQUIRED,783,
FULLERTON_BUREAU,1.MTD,Fresh,,15.1,Lead closed,LEAD_SUCCESSFULLY_CLOSED,2963,
FULLERTON_BUREAU,1.MTD,Fresh,,12.17,Application submitted by user,QC_ACTION_PENDING,283,
PIRAMAL,1.MTD,Fresh,,0,Total leads,VAN_CREATION_SUCCESS,5,
NACL,1.MTD,Fresh,,12.45,Application submitted by user,LENDER_MVR_SHARING_INIT_FAILURE,2467,
NACL,1.MTD,Fresh,,9.02,Disbursal acc verified,BUSINESS_PROOF_VERIFICATION_REQUIRED,1422,
FULLERTON,1.MTD,TOP UP,,12.11,Application submitted by user,BUSINESS_PROOF_DOCUMENT_UPLOAD_SKIPPED,5723,
FULLERTON_BUREAU,1.MTD,Fresh,,5.11,Loan offer accepted,LRE_FLOW_COMPLETED,12316,
NACL,1.MTD,Fresh,,11.03,Mandate done,SETTLEMENT_BANK_VALIDATION_SUCCESS_V2,1223,
FULLERTON,1.MTD,Fresh,,9.1,Disbursal acc verified,BANKING_ACTION_DONE,11026,
FULLERTON,1.MTD,TOP UP,,7.1,KYC completed,KYC_COMPLETED,17686,
NACL,1.MTD,Fresh,,14.03,Disbursed,LENDING_CIF_SUBMIT_SUCCESS,880,
SHRIRAM,1.MTD,Renewal,,14.14,Disbursed,BUSINESS_PROOF_QC_REQUIRED,76,
PIRAMAL,1.MTD,Renewal,,12.25,Application submitted by user,BUSINESS_APPROVAL_AWAITED,19,
FULLERTON_BUREAU,1.MTD,Renewal,,3.15,Bureau pull success,OFFER_RANKING_INITIATED,2147,
MFL,1.MTD,TOP UP,,6.1,Selfie uploaded,KYC_SELFIE_UPLOADED,2367,
NACL,1.MTD,Renewal,,12.27,Application submitted by user,DIY_FI_REQUIRED,96,
MFL,1.MTD,Renewal,,14.13,Disbursed,BUSINESS_PROOF_QC_ACTION_PENDING,36,
MFL,1.MTD,TOP UP,,11.14,Mandate done,SETTLEMENT_BANK_VALIDATION_SUCCESS_V2,1352,
FULLERTON,1.MTD,TOP UP,,12.14,Application submitted by user,UDYAM_VALIDATION_FAILURE,310,
SHRIRAM,1.MTD,Fresh,,1.17,Total leads,LOM_OFFER_RANKING_REQUEST_FAILURE,13,
MFL,1.MTD,TOP UP,,2.1,Workable leads,LEAD_CREATED,4881,
FULLERTON,1.MTD,Fresh,,12.26,Application submitted by user,SETTLEMENT_BANK_QC_DOC_RE_UPLOADED,12,
FULLERTON,1.MTD,Renewal,,14.14,Disbursed,BUSINESS_PROOF_QC_REQUIRED,248,
PIRAMAL,1.MTD,Renewal,,9.13,Disbursal acc verified,KYB_FETCH_MPA_SUCCESS,431,
FULLERTON,1.MTD,AD,,7.12,KYC completed,SERVICEABILITY_ACCEPTED,122,
MFL,1.MTD,TOP UP,,12.15,Application submitted by user,QC_REQUIRED,53,
MFL,1.MTD,Renewal,,7.1,KYC completed,KYC_COMPLETED,283,
NACL,1.MTD,Fresh,,11.09,Mandate done,BUSINESS_PROOF_VERIFICATION_SUCCESS,96,
PIRAMAL,1.MTD,Renewal,,4.11,BRE1 completed,LRE_FLOW_COMPLETED,1315,
NACL,1.MTD,Renewal,,11.16,Mandate done,BANK_QC_DOC_UPLOADED,36,
PIRAMAL,1.MTD,Renewal,,9.11,Disbursal acc verified,KYB_BUSINESS_DETAILS_REQUIRED,425,
SHRIRAM,1.MTD,Fresh,,1.12,Total leads,LOM_OFFER_RANKING_SUCCESS,1269,
PIRAMAL,1.MTD,BT,,8.21,BRE2 completed,INITIATE_LENDER_PENNY_DROP,603,
NACL,1.MTD,Renewal,,7.01,KYC completed,KYC_COMPLETED,1585,
FULLERTON,1.MTD,Fresh,,12.17,Application submitted by user,QC_ACTION_PENDING,1011,
SHRIRAM,1.MTD,Renewal,,7.14,KYC completed,BRE2_SUCCESS,1262,
FULLERTON,1.MTD,AD,,7.1,KYC completed,KYC_COMPLETED,140,
FULLERTON,1.MTD,TOP UP,,12.38,Application submitted by user,BUSINESS_APPROVAL_AWAITED,17,
FULLERTON,1.MTD,AD,,0,Total leads,LENDER_LOAN_AGREEMENT_UPLOAD_SUCCESS,17,
PIRAMAL,2.LMTD,Renewal,,12.2,Application submitted by user,BUSINESS_APPROVAL_NOT_REQUIRED,321,
FULLERTON_BUREAU,2.LMTD,Fresh,,11.17,Mandate done,BANK_QC_DOC_UPLOADED,49,
,1.MTD,MicroML,true,3.12,Bureau pull success,TF_TRIGGER_ML_LO_JOURNEY,62,
TCL,1.MTD,Fresh,,6.22,Child Lead Created,LENDER_PAN_VERIFICATION_SUCCESS,3768,
KSF,1.MTD,Fresh,,14.1,Submit to LMS,LMS_LAN_CREATE_INITIATE,28087,
,1.MTD,Fresh,,1001,Unmapped,PENNY_DROP_COMPLETED,872,
VCL,1.MTD,BT,,13.13,Application submitted by user,BP_LENDER_SHARE_INIT,788,
,1.MTD,Fresh,false,5.1,Marketplace Offer Selected,MARKETPLACE_OFFER_SELECTED,153683,
PYFL,1.MTD,Renewal,,8.19,KYC completed,FETCH_LENDER_OFFER,8107,
PYFL,1.MTD,Renewal,,13.38,Application submitted by user,LENDER_DOC_UPLOAD_IN_PROGRESS_APPLICATION_FORM,5125,
PIRAMAL AA,1.MTD,Fresh,,0,Total leads,BRE1_FAILED,2,
VCL,1.MTD,BT,,7.16,Selfie uploaded,KYC_REJECTED,74,
UCL,1.MTD,Fresh,,14.18,Submit to LMS,LMS_ACCOUNT_ACTIVE,5682,
UCL,1.MTD,MicroML,,9.13,BRE2 completed,PENNY_DROP_INITIATED,26549,
PYFL,1.MTD,Fresh,,10.13,Disbursal acc verified,LENDER_KYC_CONFIRMATION_IN_PROGRESS,11724,
TCL,1.MTD,Renewal,,6.26,Child Lead Created,LENDER_PAN_AADHAR_LINKAGE_FAILED,390,
PIRAMAL AA,1.MTD,Fresh,,0,Total leads,PENNY_DROP_FAILED,124,
,1.MTD,Renewal,false,2.12,Workable leads,BUREAU_INIT,28593,
PYFL,1.MTD,Fresh,,15.1,Disbursed,LOAN_DISBURSEMENT_COMPLETED,6826,
KSF,1.MTD,TOP UP,,7.19,Selfie uploaded,KYC_EXPIRED,322,
UCL,1.MTD,Fresh,,13.36,Application submitted by user,LENDER_MVR_UPLOAD,5818,
PYFL,1.MTD,Renewal,,12.12,Mandate done,LENDER_MANDATE_DETAILS_SHARING_INITIATED,6136,
UCL,1.MTD,MicroML,,11.1,Review submit,REVIEW_OFFER_ACCEPTED,12549,
UCL,1.MTD,MicroML,,13.35,Application submitted by user,LENDER_MVR_UPLOAD_INIT,7735,
PYFL,1.MTD,Fresh,,12.14,Mandate done,INITIATE_DISBURSAL_ACCOUNT_NAME_MATCH_QC_DOC_UPLOAD,611,
UCL,1.MTD,REPEAT,,13.34,Application submitted by user,LENDER_DOC_UPLOAD_IN_PROGRESS_LOAN_AGREEMENT,467,
UCL,1.MTD,MicroML,,12.1,Mandate done,EMANDATE_SUCCESS,9650,
PIRAMAL AA,1.MTD,Fresh,,0,Total leads,LENDER_DOC_UPLOAD_IN_PROGRESS_DIYFI_REPORT,3189,
,1.MTD,MicroML,false,3.13,Bureau pull success,BRE1_FAILED,23350,
PIRAMAL AA,1.MTD,Fresh,,0,Total leads,CHECK_LRE_RANKING,221436,
UCL,1.MTD,REPEAT,,14.17,Submit to LMS,LMS_FETCH_DOCUMENTS_INIT,447,
KSF,1.MTD,Fresh,,12.2,Mandate done,AGENT_APPROVED,22672,
,1.MTD,REPEAT,true,3.11,Bureau pull success,BRE1_INITIATE,7717,
VCL,1.MTD,BT,,14.15,Submit to LMS,LOAN_DISBURSEMENT_INITIATED_T2,679,
VCL,1.MTD,BT,,12.12,Mandate done,BP_PAN_UDHYAM_INITIATE,1257,
TCL,1.MTD,Fresh,,0,Total leads,KYC_COMPLETED,2019,
,1.MTD,TOP UP,false,2.15,Workable leads,BUREAU_ALT_MOBILE_REQUIRED,5,
UCL,1.MTD,MicroML,,13.32,Application submitted by user,LENDER_MANDATE_DETAILS_SHARING_INITIATED,7871,
PYFL,1.MTD,Fresh,,1.1,Total leads,RESET_IN_PROCESS,747,
,1.MTD,Fresh,,1001,Unmapped,LENDER_APPICATION_CREATE_INITIATED,1878,
UCL,1.MTD,REPEAT,,7.14,Selfie uploaded,LENDER_APP_CREATE_SUCCESS,838,
KSF,1.MTD,Fresh,,6.2,Child Lead Created,LENDER_APP_CREATE_SUCCESS,74994,
,1.MTD,MicroML,false,1.11,Total leads,LEAD_RESET,13709,
UCL,1.MTD,REPEAT,,9.15,BRE2 completed,ADD_BANK,238,
PYFL,1.MTD,Fresh,,13.39,Application submitted by user,LENDER_DOC_UPLOAD_IN_PROGRESS_KFS_LETTER,8524,
PIRAMAL AA,1.MTD,Fresh,,10.14,Disbursal acc verified,LENDER_DOC_UPLOAD_IN_PROGRESS_SANCTION_LETTER,13541,
MFL,2.LMTD,TOP UP,,14.18,Disbursed,UDYAM_VALIDATION_SUCCESS_V2,207,
FULLERTON,2.LMTD,Fresh,,12.35,Application submitted by user,LOAN_APPLICATION_REJECTED,367,
NACL,2.LMTD,Renewal,,9.05,Disbursal acc verified,BUSINESS_PROOF_UDYAM_VERIFICATION_FAILURE,404,
FULLERTON,2.LMTD,Renewal,,7.17,KYC completed,BRE2_FAILURE,1088,
PIRAMAL,2.LMTD,TOP UP,,10.11,Review submit,EMANDATE_REQUIRED,1092,
FULLERTON_BUREAU,2.LMTD,Fresh,,15.1,Lead closed,LEAD_SUCCESSFULLY_CLOSED,2418,
FULLERTON_BUREAU,2.LMTD,Fresh,,12.17,Application submitted by user,QC_ACTION_PENDING,206,
PIRAMAL,2.LMTD,Fresh,,0,Total leads,VAN_CREATION_SUCCESS,26,
NACL,2.LMTD,Fresh,,12.45,Application submitted by user,LENDER_MVR_SHARING_INIT_FAILURE,739,
NACL,2.LMTD,Fresh,,9.02,Disbursal acc verified,BUSINESS_PROOF_VERIFICATION_REQUIRED,1508,
FULLERTON,2.LMTD,TOP UP,,12.11,Application submitted by user,BUSINESS_PROOF_DOCUMENT_UPLOAD_SKIPPED,5942,
FULLERTON_BUREAU,2.LMTD,Fresh,,5.11,Loan offer accepted,LRE_FLOW_COMPLETED,11292,
NACL,2.LMTD,Fresh,,11.03,Mandate done,SETTLEMENT_BANK_VALIDATION_SUCCESS_V2,1185,
FULLERTON,2.LMTD,Fresh,,9.1,Disbursal acc verified,BANKING_ACTION_DONE,13362,
FULLERTON,2.LMTD,TOP UP,,7.1,KYC completed,KYC_COMPLETED,19473,
NACL,2.LMTD,Fresh,,14.03,Disbursed,LENDING_CIF_SUBMIT_SUCCESS,712,
SHRIRAM,2.LMTD,Renewal,,14.14,Disbursed,BUSINESS_PROOF_QC_REQUIRED,34,
PIRAMAL,2.LMTD,Renewal,,12.25,Application submitted by user,BUSINESS_APPROVAL_AWAITED,25,
FULLERTON_BUREAU,2.LMTD,Renewal,,3.15,Bureau pull success,OFFER_RANKING_INITIATED,1618,
MFL,2.LMTD,TOP UP,,6.1,Selfie uploaded,KYC_SELFIE_UPLOADED,1530,
NACL,2.LMTD,Renewal,,9.07,Disbursal acc verified,MOB_TO_UDYAM_REQUEST_FAILURE,41,
NACL,2.LMTD,Renewal,,12.27,Application submitted by user,DIY_FI_REQUIRED,58,
MFL,2.LMTD,Renewal,,14.13,Disbursed,BUSINESS_PROOF_QC_ACTION_PENDING,14,
FULLERTON,2.LMTD,AD,,11.17,Mandate done,BANK_QC_DOC_UPLOADED,4,
MFL,2.LMTD,TOP UP,,11.14,Mandate done,SETTLEMENT_BANK_VALIDATION_SUCCESS_V2,864,
FULLERTON,2.LMTD,TOP UP,,12.14,Application submitted by user,UDYAM_VALIDATION_FAILURE,306,
MFL,2.LMTD,TOP UP,,2.1,Workable leads,LEAD_CREATED,3487,
FULLERTON,2.LMTD,Fresh,,12.26,Application submitted by user,SETTLEMENT_BANK_QC_DOC_RE_UPLOADED,22,
FULLERTON,2.LMTD,Renewal,,14.14,Disbursed,BUSINESS_PROOF_QC_REQUIRED,207,
PIRAMAL,2.LMTD,Renewal,,9.13,Disbursal acc verified,KYB_FETCH_MPA_SUCCESS,452,
FULLERTON,2.LMTD,AD,,7.12,KYC completed,SERVICEABILITY_ACCEPTED,310,
MFL,2.LMTD,TOP UP,,12.15,Application submitted by user,QC_REQUIRED,57,
MFL,2.LMTD,Renewal,,7.1,KYC completed,KYC_COMPLETED,327,
NACL,2.LMTD,Fresh,,11.09,Mandate done,BUSINESS_PROOF_VERIFICATION_SUCCESS,124,
PIRAMAL,2.LMTD,Renewal,,4.11,BRE1 completed,LRE_FLOW_COMPLETED,1401,
NACL,2.LMTD,Renewal,,11.16,Mandate done,BANK_QC_DOC_UPLOADED,15,
PIRAMAL,2.LMTD,Renewal,,9.11,Disbursal acc verified,KYB_BUSINESS_DETAILS_REQUIRED,448,
SHRIRAM,2.LMTD,Fresh,,1.12,Total leads,LOM_OFFER_RANKING_SUCCESS,815,
PIRAMAL,2.LMTD,BT,,8.21,BRE2 completed,INITIATE_LENDER_PENNY_DROP,444,
NACL,2.LMTD,Renewal,,7.01,KYC completed,KYC_COMPLETED,1388,
FULLERTON,2.LMTD,Fresh,,12.17,Application submitted by user,QC_ACTION_PENDING,1196,
SHRIRAM,2.LMTD,Renewal,,7.14,KYC completed,BRE2_SUCCESS,855,
FULLERTON,2.LMTD,AD,,7.1,KYC completed,KYC_COMPLETED,356,
FULLERTON,2.LMTD,TOP UP,,12.38,Application submitted by user,BUSINESS_APPROVAL_AWAITED,80,
PIRAMAL,2.LMTD,TOP UP,,12.18,Application submitted by user,LAS_DATA_VERIFICATION_REQUESTED,1053,
FULLERTON_BUREAU,2.LMTD,Renewal,,6.1,Selfie uploaded,KYC_SELFIE_UPLOADED,3229,
PIRAMAL,2.LMTD,Fresh,,12.25,Application submitted by user,BUSINESS_APPROVAL_AWAITED,172,
PIRAMAL,2.LMTD,TOP UP,,7.1,KYC completed,KYC_COMPLETED,2190,
FULLERTON_BUREAU,2.LMTD,Renewal,,12.36,Application submitted by user,LOAN_APPLICATION_ACCEPTED,1039,
PIRAMAL,2.LMTD,BT,,0,Total leads,OFFER_RANKING_INITIATED,8,
NACL,2.LMTD,Fresh,,11.12,Mandate done,KYB_SAVE_BUSINESS_DETAILS_SUCCESS,1,
FULLERTON,2.LMTD,AD,,12.36,Application submitted by user,LOAN_APPLICATION_ACCEPTED,216,
PIRAMAL,1.MTD,TOP UP,,12.18,Application submitted by user,LAS_DATA_VERIFICATION_REQUESTED,764,
FULLERTON_BUREAU,1.MTD,Renewal,,6.1,Selfie uploaded,KYC_SELFIE_UPLOADED,4223,
PIRAMAL,1.MTD,Fresh,,12.25,Application submitted by user,BUSINESS_APPROVAL_AWAITED,98,
PIRAMAL,1.MTD,TOP UP,,7.1,KYC completed,KYC_COMPLETED,1892,
FULLERTON_BUREAU,1.MTD,Renewal,,12.36,Application submitted by user,LOAN_APPLICATION_ACCEPTED,1383,
PIRAMAL,1.MTD,BT,,0,Total leads,OFFER_RANKING_INITIATED,53,
NACL,1.MTD,Fresh,,11.12,Mandate done,KYB_SAVE_BUSINESS_DETAILS_SUCCESS,1,
FULLERTON,1.MTD,AD,,12.36,Application submitted by user,LOAN_APPLICATION_ACCEPTED,83,
FULLERTON,1.MTD,TOP UP,,6.1,Selfie uploaded,KYC_SELFIE_UPLOADED,18786,
SHRIRAM,1.MTD,Fresh,,11.21,Mandate done,GST_VERIFICATION_FAILURE,14,
FULLERTON,1.MTD,Renewal,,14.15,Disbursed,BUSINESS_PROOF_QC_ACTION_PENDING,248,
FULLERTON,1.MTD,Renewal,,12.2,Application submitted by user,SETTLEMENT_BANK_UPDATE_SUCCESS,10,
FULLERTON_BUREAU,1.MTD,Renewal,,8.18,BRE2 completed,MAQUETTE_FRAUD_CHECK_FAILURE,32,
PIRAMAL,1.MTD,BT,,6.13,Selfie uploaded,KYC_SELFIE_UPLOADED,4570,
MFL,1.MTD,Fresh,,12.27,Application submitted by user,LOAN_APPLICATION_REJECTED,31,
PIRAMAL,1.MTD,Renewal,,8.15,BRE2 completed,BANK_VERIFICATION_FAILURE,5,
PIRAMAL,1.MTD,Fresh,,6.13,Selfie uploaded,KYC_INITIATED,6075,
FULLERTON,1.MTD,Renewal,,12.48,Application submitted by user,LMS_SANCTION_ID_NOT_FOUND,862,
PIRAMAL,1.MTD,Renewal,,12.1,Application submitted by user,PREDISBURSAL_INITIATED,362,
NACL,1.MTD,Renewal,,9.08,Disbursal acc verified,MOB_TO_UDYAM_REQUESTED,688,
FULLERTON_BUREAU,1.MTD,Fresh,,12.23,Application submitted by user,BANK_QC_DOC_RE_UPLOAD_REQUIRED,10,
FULLERTON,1.MTD,Renewal,,13.1,Submit to LMS,LMS_SUBMIT_APPLICATION_SUCCESS,2478,
MFL,1.MTD,TOP UP,,15.1,Lead closed,LEAD_SUCCESSFULLY_CLOSED,1151,
PIRAMAL,1.MTD,Renewal,,11.1,Mandate done,EMANDATE_SUCCESS,385,
MFL,1.MTD,TOP UP,,2.16,Workable leads,BUREAU_OTP_REQUIRED,4,
NACL,1.MTD,Fresh,,12.17,Application submitted by user,SETTLEMENT_BANK_QC_DOC_RE_UPLOADED,12,
PIRAMAL,1.MTD,TOP UP,,7.11,KYC completed,LAS_KYC_AUDIT_REQUESTED,1892,
MFL,1.MTD,Renewal,,6.19,Selfie uploaded,INITIATE_KYC,308,
NACL,1.MTD,TOP UP,,7.05,KYC completed,BRE2_REQUESTED,1820,
FULLERTON,1.MTD,AD,,11.3,Mandate done,BUSINESS_PROOF_VERIFICATION_REQUIRED,86,
FULLERTON_BUREAU,1.MTD,Renewal,,6.11,Selfie uploaded,KYC_SELFIE_REUPLOAD_REQUIRED,116,
FULLERTON_BUREAU,1.MTD,Fresh,,0,Total leads,LENDER_LOAN_AGREEMENT_UPLOAD_FAILED,1,
SHRIRAM,1.MTD,Renewal,,14.15,Disbursed,BUSINESS_PROOF_QC_ACTION_PENDING,76,
PIRAMAL,1.MTD,Renewal,,10.1,Review submit,LOAN_AGREEMENT_SUCCESS,398,
MFL,1.MTD,TOP UP,,14.17,Disbursed,UDYAM_VALIDATION_FAILURE_V2,59,
SHRIRAM,1.MTD,Fresh,,11.29,Mandate done,BUSINESS_PROOF_PREFILL_FAILURE_V2,2982,
FULLERTON,1.MTD,AD,,8.15,BRE2 completed,BANK_VALIDATION_PENDING,4,
FULLERTON,1.MTD,TOP UP,,8.1,BRE2 completed,BRE2_COMPLETED,13568,
FULLERTON_BUREAU,1.MTD,Renewal,,11.18,Mandate done,SETTLEMENT_BANK_QC_DOC_UPLOADED,5,
PIRAMAL,1.MTD,Fresh,,0,Total leads,LOM_OFFER_RANKING_REQUEST_FAILURE,10,
FULLERTON_BUREAU,1.MTD,Fresh,,12.26,Application submitted by user,SETTLEMENT_BANK_QC_DOC_RE_UPLOADED,1,
SHRIRAM,1.MTD,Fresh,,12.27,Application submitted by user,PANEL_SUCCESS,308,
FULLERTON,1.MTD,Fresh,,12.49,Application submitted by user,LMS_SANCTION_ID_FOUND,39,
FULLERTON,1.MTD,Fresh,,12.27,Application submitted by user,LOAN_APPLICATION_ON_HOLD,173,
FULLERTON,1.MTD,Renewal,,12.38,Application submitted by user,BUSINESS_APPROVAL_AWAITED,130,
NACL,1.MTD,Fresh,,12.19,Application submitted by user,LOAN_QC_REJECTED,51,
SHRIRAM,1.MTD,Fresh,,14.13,Disbursed,UDYAM_VALIDATION_PENDING,524,
SHRIRAM,1.MTD,Fresh,,11.17,Mandate done,SETTLEMENT_BANK_QC_DOC_UPLOADED,77,
NACL,1.MTD,Renewal,,11.17,Mandate done,UC_REQUIRED,513,
FULLERTON_BUREAU,1.MTD,Renewal,,8.1,BRE2 completed,BRE2_COMPLETED,1733,
NACL,1.MTD,Renewal,,1.06,Total leads,LOM_OFFER_RANKING_REQUEST_FAILURE,3,
NACL,1.MTD,Renewal,,9.02,Disbursal acc verified,BUSINESS_PROOF_VERIFICATION_REQUIRED,1059,
PIRAMAL,1.MTD,BT,,8.23,BRE2 completed,LENDER_PENNY_DROP_FAILURE,48,
FULLERTON,1.MTD,Renewal,,14.19,Disbursed,LENDING_CIF_UPDATE_SUCCESS,991,
FULLERTON,1.MTD,TOP UP,,7.18,KYC completed,BRE2_SUCCESS,13568,
SHRIRAM,1.MTD,Renewal,,11.16,Mandate done,BANK_QC_DOC_UPLOADED,24,
PIRAMAL,1.MTD,Renewal,,0,Total leads,RE_SUBMIT_SETTLEMENT_BANK,5,
FULLERTON,1.MTD,AD,,6.14,Selfie uploaded,KYC_RETRYABLE_FAILURE,6,
FULLERTON,1.MTD,Fresh,,0,Total leads,SERVICEABILITY_REQUEST_FAILURE,4,
FULLERTON,1.MTD,TOP UP,,11.28,Mandate done,MOB_TO_UDYAM_FETCHED_V2,1381,
PIRAMAL,1.MTD,Fresh,,11.18,Mandate done,BANK_QC_DOC_UPLOADED,65,
SHRIRAM,1.MTD,Renewal,,12.15,Application submitted by user,UDYAM_VALIDATION_SUCCESS,214,
NACL,1.MTD,Fresh,,12.22,Application submitted by user,PREDISBURSAL_FAILED,4,
FULLERTON,1.MTD,Fresh,,11.29,Mandate done,MOB_TO_UDYAM_FETCH_FAILURE_V2,1,
PIRAMAL,1.MTD,Fresh,,4.15,BRE1 completed,LOM_LRE_MIGRATION_INITIATED,5130,
FULLERTON,2.LMTD,TOP UP,,6.1,Selfie uploaded,KYC_SELFIE_UPLOADED,20638,
SHRIRAM,2.LMTD,Fresh,,11.21,Mandate done,GST_VERIFICATION_FAILURE,9,
FULLERTON,2.LMTD,Renewal,,14.15,Disbursed,BUSINESS_PROOF_QC_ACTION_PENDING,207,
FULLERTON,2.LMTD,Renewal,,12.2,Application submitted by user,SETTLEMENT_BANK_UPDATE_SUCCESS,6,
FULLERTON_BUREAU,2.LMTD,Renewal,,8.18,BRE2 completed,MAQUETTE_FRAUD_CHECK_FAILURE,12,
PIRAMAL,2.LMTD,BT,,6.13,Selfie uploaded,KYC_SELFIE_UPLOADED,1382,
MFL,2.LMTD,Fresh,,12.27,Application submitted by user,LOAN_APPLICATION_REJECTED,11,
PIRAMAL,2.LMTD,Renewal,,8.15,BRE2 completed,BANK_VERIFICATION_FAILURE,9,
PIRAMAL AA,1.MTD,Fresh,,0,Total leads,ML_CHILD_LEAD_CREATED,445042,
KSF,1.MTD,Fresh,,13.21,Application submitted by user,FI_REJECTED,1072,
UCL,1.MTD,REPEAT,,6.12,Child Lead Created,SELFIE_UPLOADING,850,
,1.MTD,Fresh,,1.11,Total leads,LEAD_RESET,2218,
,1.MTD,Fresh,,1001,Unmapped,LENDER_LEAD_UPDATE_UPDATE_ADDITIONAL_DETAILS,1475,
TCL,1.MTD,Renewal,,1.17,Total leads,TF_LRE_RANKING,2,
UCL,1.MTD,MicroML,,1.1,Total leads,LEAD_RESET,12491,
PYFL,1.MTD,Renewal,,13.39,Application submitted by user,LENDER_DOC_UPLOAD_IN_PROGRESS_KFS_LETTER,5123,
UCL,1.MTD,Fresh,,8.11,KYC completed,FETCH_SHOP_NAME_FALLBACK_NSDL_NAME,15821,
UCL,1.MTD,REPEAT,,13.15,Application submitted by user,QC_REJECTED,2,
UCL,1.MTD,MicroML,,13.39,Application submitted by user,LENDER_AUDIT_TRAIL_UPLOAD_INIT,7868,
UCL,1.MTD,Fresh,,9.12,BRE2 completed,FETCH_SETTLEMENT_ACCOUNT,13750,
TCL,1.MTD,Fresh,,13.1,Application submitted by user,BP_PAN_GST_INITIATE,717,
VCL,1.MTD,BT,,12.11,Mandate done,BP_MOBILE_UDYAM_INITIATE,1318,
PIRAMAL AA,1.MTD,Fresh,,10.15,Disbursal acc verified,ESIGN_INITIATE,13541,
KSF,1.MTD,Fresh,,12.11,Mandate done,LENDER_BANK_DETAILS_SHARING_INITIATED,31875,
TCL,1.MTD,Fresh,,1.18,Total leads,LRE_LEAD_OFFER_CHANGED,1651,
KSF,1.MTD,Fresh,,1.12,Total leads,CHECK_LRE_RANKING,23984,
PIRAMAL AA,1.MTD,Fresh,,0,Total leads,LMS_ACCOUNT_ACTIVE,5249,
,1.MTD,Fresh,,1001,Unmapped,ESIGN_COMPLETED,21,
TCL,1.MTD,Fresh,,14.11,Submit to LMS,LOAN_DISBURSEMENT_FAILURE,16,
PYFL,1.MTD,Renewal,,14.27,Submit to LMS,TF_LMS_FETCH_DOCUMENTS,110,
TCL,1.MTD,Fresh,,1.1400000000000001,Total leads,LRE_MIGRATION,1548,
UCL,1.MTD,Fresh,,8.12,KYC completed,SERVICIBILITY_CHECK,15820,
,1.MTD,Fresh,false,1001,Unmapped,TF_MQT_BRE_1,1130,
,1.MTD,Fresh,,1001,Unmapped,ESIGN_INITIATE,21,
,1.MTD,REPEAT,true,3.12,Bureau pull success,TF_TRIGGER_ML_LO_JOURNEY,5,
,1.MTD,Fresh,true,3.12,Bureau pull success,TF_TRIGGER_ML_LO_JOURNEY,446,
TCL,1.MTD,Renewal,,6.15,Child Lead Created,BANK_NAME_MATCH,3469,
PYFL,1.MTD,Renewal,,7.11,Selfie uploaded,AWAIT_LENDER_APP_CREATE,11801,
VCL,1.MTD,BT,,14.14,Submit to LMS,LOAN_DISBURSEMENT_T1_SUCCESS,516,
UCL,1.MTD,MicroML,,0,Total leads,TF_FETCH_SETTLEMENT_AC,5,
PYFL,1.MTD,Renewal,,12.11,Mandate done,TF_LENDER_BANK_SHARING,44,
,1.MTD,TOP UP,false,2.1,Workable leads,LEAD_CREATE,7621,
VCL,1.MTD,BT,,0,Total leads,TF_MULTI_SIGN_DOCS,27,
PYFL,1.MTD,Fresh,,0,Total leads,TF_FETCH_SHOP_ADDR,5,
TCL,1.MTD,Renewal,,12.22,Mandate done,MOBILE_VERIFICATION_INITIATED,820,
PYFL,1.MTD,Renewal,,7.23,Selfie uploaded,TF_KYC_INITIATED_SEARCH_BY_PAN,34,
,1.MTD,Fresh,,1001,Unmapped,FI_APPROVED,21,
UCL,1.MTD,Fresh,,13.33,Application submitted by user,DOC_UPLOAD_INIT,7704,
TCL,1.MTD,Renewal,,6.34,Child Lead Created,AWAIT_SELFIE,2763,
TCL,1.MTD,Renewal,,12.14,Mandate done,AGENT_APPROVED,3074,
PYFL,1.MTD,Fresh,,13.15,Application submitted by user,QC_SUCCESS,683,
TCL,1.MTD,Renewal,,0,Total leads,VKYC_AUTO_SKIPPED,21,
,1.MTD,MicroML,false,2.13,Workable leads,BUREAU_OTP_REQUIRED_WITH_SKIP_OTP,324,
PIRAMAL AA,1.MTD,Fresh,,0,Total leads,INITIATE_MULTIMODE_KYC,379550,
TCL,1.MTD,Fresh,,14.18,Submit to LMS,LMS_ACCOUNT_ACTIVE,442,
,1.MTD,Fresh,,1001,Unmapped,LENDER_DOC_UPLOAD_IN_PROGRESS_SANCTION_LETTER,21,
,1.MTD,Renewal,true,5.11,Marketplace Offer Selected,LRE_RESET_MARKETPLACE_INPUT_REQUIRED,22788,
UCL,1.MTD,MicroML,,7.11,Selfie uploaded,FETCH_SHOP_ADDR,32586,
PIRAMAL AA,1.MTD,Fresh,,13.1,Application submitted by user,LOAN_DISBURSEMENT_COMPLETED,5249,
PIRAMAL,2.LMTD,Fresh,,6.13,Selfie uploaded,KYC_INITIATED,6239,
FULLERTON,2.LMTD,Renewal,,12.48,Application submitted by user,LMS_SANCTION_ID_NOT_FOUND,636,
PIRAMAL,2.LMTD,Renewal,,12.1,Application submitted by user,PREDISBURSAL_INITIATED,360,
NACL,2.LMTD,Renewal,,9.08,Disbursal acc verified,MOB_TO_UDYAM_REQUESTED,403,
FULLERTON_BUREAU,2.LMTD,Fresh,,12.23,Application submitted by user,BANK_QC_DOC_RE_UPLOAD_REQUIRED,38,
FULLERTON,2.LMTD,Renewal,,13.1,Submit to LMS,LMS_SUBMIT_APPLICATION_SUCCESS,2006,
FULLERTON,2.LMTD,AD,,12.4,Application submitted by user,DIY_FI_DOC_UPLOADED,3,
MFL,2.LMTD,TOP UP,,15.1,Lead closed,LEAD_SUCCESSFULLY_CLOSED,505,
PIRAMAL,2.LMTD,Renewal,,11.1,Mandate done,EMANDATE_SUCCESS,388,
MFL,2.LMTD,TOP UP,,2.16,Workable leads,BUREAU_OTP_REQUIRED,2,
NACL,2.LMTD,Fresh,,12.17,Application submitted by user,SETTLEMENT_BANK_QC_DOC_RE_UPLOADED,9,
PIRAMAL,2.LMTD,TOP UP,,7.11,KYC completed,LAS_KYC_AUDIT_REQUESTED,2190,
MFL,2.LMTD,Renewal,,6.19,Selfie uploaded,INITIATE_KYC,386,
NACL,2.LMTD,TOP UP,,7.05,KYC completed,BRE2_REQUESTED,1637,
FULLERTON,2.LMTD,AD,,11.3,Mandate done,BUSINESS_PROOF_VERIFICATION_REQUIRED,218,
FULLERTON_BUREAU,2.LMTD,Renewal,,6.11,Selfie uploaded,KYC_SELFIE_REUPLOAD_REQUIRED,138,
SHRIRAM,2.LMTD,Renewal,,14.15,Disbursed,BUSINESS_PROOF_QC_ACTION_PENDING,34,
PIRAMAL,2.LMTD,Renewal,,10.1,Review submit,LOAN_AGREEMENT_SUCCESS,414,
MFL,2.LMTD,TOP UP,,14.17,Disbursed,UDYAM_VALIDATION_FAILURE_V2,18,
SHRIRAM,2.LMTD,Fresh,,11.29,Mandate done,BUSINESS_PROOF_PREFILL_FAILURE_V2,2193,
FULLERTON,2.LMTD,AD,,8.15,BRE2 completed,BANK_VALIDATION_PENDING,16,
FULLERTON,2.LMTD,TOP UP,,8.1,BRE2 completed,BRE2_COMPLETED,14093,
FULLERTON,2.LMTD,Renewal,,2.22,Workable leads,BUREAU_INITIATED,3,
FULLERTON_BUREAU,2.LMTD,Renewal,,11.18,Mandate done,SETTLEMENT_BANK_QC_DOC_UPLOADED,4,
FULLERTON_BUREAU,2.LMTD,Fresh,,12.26,Application submitted by user,SETTLEMENT_BANK_QC_DOC_RE_UPLOADED,3,
SHRIRAM,2.LMTD,Fresh,,12.27,Application submitted by user,PANEL_SUCCESS,250,
FULLERTON,2.LMTD,Fresh,,12.49,Application submitted by user,LMS_SANCTION_ID_FOUND,151,
FULLERTON,2.LMTD,Fresh,,12.27,Application submitted by user,LOAN_APPLICATION_ON_HOLD,273,
FULLERTON,2.LMTD,Renewal,,12.38,Application submitted by user,BUSINESS_APPROVAL_AWAITED,157,
NACL,2.LMTD,Fresh,,12.19,Application submitted by user,LOAN_QC_REJECTED,49,
SHRIRAM,2.LMTD,Fresh,,14.13,Disbursed,UDYAM_VALIDATION_PENDING,399,
SHRIRAM,2.LMTD,Fresh,,11.17,Mandate done,SETTLEMENT_BANK_QC_DOC_UPLOADED,81,
NACL,2.LMTD,Renewal,,11.17,Mandate done,UC_REQUIRED,273,
FULLERTON_BUREAU,2.LMTD,Renewal,,8.1,BRE2 completed,BRE2_COMPLETED,1331,
MFL,2.LMTD,TOP UP,,6.17,Selfie uploaded,DEDUPE_FAILURE,8,
NACL,2.LMTD,Renewal,,9.02,Disbursal acc verified,BUSINESS_PROOF_VERIFICATION_REQUIRED,622,
PIRAMAL,2.LMTD,BT,,8.23,BRE2 completed,LENDER_PENNY_DROP_FAILURE,20,
FULLERTON,2.LMTD,Renewal,,14.19,Disbursed,LENDING_CIF_UPDATE_SUCCESS,695,
FULLERTON,2.LMTD,TOP UP,,7.18,KYC completed,BRE2_SUCCESS,14093,
SHRIRAM,2.LMTD,Renewal,,11.16,Mandate done,BANK_QC_DOC_UPLOADED,18,
PIRAMAL,2.LMTD,Renewal,,0,Total leads,RE_SUBMIT_SETTLEMENT_BANK,4,
FULLERTON,2.LMTD,AD,,6.14,Selfie uploaded,KYC_RETRYABLE_FAILURE,18,
FULLERTON,2.LMTD,TOP UP,,11.28,Mandate done,MOB_TO_UDYAM_FETCHED_V2,894,
PIRAMAL,2.LMTD,Fresh,,11.18,Mandate done,BANK_QC_DOC_UPLOADED,88,
SHRIRAM,2.LMTD,Renewal,,12.15,Application submitted by user,UDYAM_VALIDATION_SUCCESS,149,
NACL,2.LMTD,Fresh,,12.22,Application submitted by user,PREDISBURSAL_FAILED,18,
PIRAMAL,2.LMTD,Fresh,,4.15,BRE1 completed,LOM_LRE_MIGRATION_INITIATED,3412,
NACL,2.LMTD,TOP UP,,9.07,Disbursal acc verified,MOB_TO_UDYAM_REQUEST_FAILURE,11,
FULLERTON_BUREAU,2.LMTD,Fresh,,2.13,Workable leads,INITIATE_SETTLEMENT_BANK_VALIDATION,2,
SHRIRAM,2.LMTD,Fresh,,8.16,BRE2 completed,SETTLEMENT_BANK_DETAILS_FETCHED,3514,
PIRAMAL,2.LMTD,Renewal,,5.13,Loan offer accepted,KYC_SELFIE_REQUIRED,1401,
MFL,2.LMTD,Fresh,,8.14,BRE2 completed,BANK_VALIDATION_PENDING,123,
SHRIRAM,2.LMTD,Renewal,,1.15,Total leads,LOM_OFFER_RANKING_REJECTED,111,
SHRIRAM,2.LMTD,Fresh,,11.12,Mandate done,SETTLEMENT_BANK_VALIDATION_SUCCESS_V2,2838,
SHRIRAM,1.MTD,Fresh,,8.16,BRE2 completed,SETTLEMENT_BANK_DETAILS_FETCHED,4454,
PIRAMAL,1.MTD,Renewal,,5.13,Loan offer accepted,KYC_SELFIE_REQUIRED,1315,
MFL,1.MTD,Fresh,,8.14,BRE2 completed,BANK_VALIDATION_PENDING,97,
SHRIRAM,1.MTD,Renewal,,1.15,Total leads,LOM_OFFER_RANKING_REJECTED,177,
SHRIRAM,1.MTD,Fresh,,11.12,Mandate done,SETTLEMENT_BANK_VALIDATION_SUCCESS_V2,3761,
FULLERTON,1.MTD,Renewal,,0,Total leads,LENDER_LOAN_AGREEMENT_UPLOAD_FAILED,2,
FULLERTON,1.MTD,Fresh,,4.1,BRE1 completed,BRE1_SUCCESS,42,
SHRIRAM,1.MTD,Renewal,,11.21,Mandate done,GST_VERIFICATION_FAILURE,5,
FULLERTON_BUREAU,1.MTD,Fresh,,3.16,Bureau pull success,OFFER_RANKING_REJECTED,5,
NACL,1.MTD,Fresh,,7.05,KYC completed,BRE2_REQUESTED,2131,
FULLERTON,1.MTD,Fresh,,7.1,KYC completed,KYC_COMPLETED,15207,
PIRAMAL,1.MTD,TOP UP,,12.19,Application submitted by user,LAS_DATA_VERIFICATION_SUCCESS,764,
PIRAMAL,1.MTD,TOP UP,,0,Total leads,LENDER_SUBMIT_SUCCESS,2525,
FULLERTON,1.MTD,TOP UP,,12.26,Application submitted by user,SETTLEMENT_BANK_QC_DOC_RE_UPLOADED,26,
NACL,1.MTD,Renewal,,12.14,Application submitted by user,BANK_QC_DOC_RE_UPLOAD_REQUIRED,10,
PIRAMAL,1.MTD,Renewal,,8.11,BRE2 completed,FETCH_SETTLEMENT_BANK_ACCOUNT,428,
FULLERTON,1.MTD,TOP UP,,11.23,Mandate done,BUSINESS_PROOF_UDYAM_VERIFICATION_PENDING,10098,
FULLERTON_BUREAU,1.MTD,Renewal,,5.13,Loan offer accepted,EMAIL_VERIFICATION_REQUIRED_V2,64,
NACL,1.MTD,TOP UP,,3.04,Bureau pull success,BRE1_FAILURE,4852,
PIRAMAL,1.MTD,BT,,0,Total leads,SETTLEMENT_BANK_QC_DOC_UPLOADED,3,
NACL,1.MTD,Renewal,,11.01,Mandate done,EMANDATE_SUCCESS,920,
MFL,1.MTD,TOP UP,,0,Total leads,PAN_DEDUPE_FAILED,1,
LRE,1.MTD,Fresh,,0,Unmapped,INITIATE_BUREAU,3,
MFL,1.MTD,Renewal,,14.19,Disbursed,BUSINESS_PROOF_QC_SKIPPED,80,
PIRAMAL,1.MTD,TOP UP,,12.14,Application submitted by user,QC_ACTION_PENDING,16,
FULLERTON,1.MTD,TOP UP,,2.2800000000000002,Workable leads,BUREAU_ERROR,2,
SHRIRAM,1.MTD,Fresh,,6.19,Selfie uploaded,KYC_RETRYABLE_FAILURE,124,
MFL,1.MTD,Fresh,,12.33,Application submitted by user,LUP_CREATION_SUCCESS,414,
FULLERTON,1.MTD,Fresh,,11.28,Mandate done,MOB_TO_UDYAM_FETCHED_V2,230,
FULLERTON,1.MTD,Fresh,,12.39,Application submitted by user,DIY_FI_REQUIRED,1104,
SHRIRAM,1.MTD,Fresh,,11.18,Mandate done,SETTLEMENT_BANK_QC_DOC_REQUIRED,75,
MFL,1.MTD,TOP UP,,14.19,Disbursed,BUSINESS_PROOF_QC_SKIPPED,551,
MFL,1.MTD,TOP UP,,0,Total leads,LENDING_CIF_SUBMIT_FAILURE,23,
NACL,1.MTD,TOP UP,,7.04,KYC completed,SERVICEABILITY_ACCEPTED,1821,
NACL,1.MTD,TOP UP,,9.12,Disbursal acc verified,KYB_FETCH_MPA_SUCCESS,927,
FULLERTON,1.MTD,Renewal,,7.18,KYC completed,BRE2_SUCCESS,3267,
FULLERTON,1.MTD,Fresh,,10.1,Review submit,LOAN_AGREEMENT_SUCCESS,10023,
NACL,1.MTD,TOP UP,,12.01,Application submitted by user,UC_IN_PROGRESS,33,
NACL,1.MTD,Renewal,,12.3,Application submitted by user,LOAN_APPLICATION_ON_HOLD,7,
NACL,1.MTD,Renewal,,12.32,Application submitted by user,APPROVED_BY_BUSINESS,55,
PIRAMAL,1.MTD,Fresh,,11.12,Mandate done,SETTLEMENT_BANK_VALIDATION_SUCCESS_V2,1970,
PIRAMAL,1.MTD,Renewal,,10.11,Review submit,EMANDATE_REQUIRED,399,
SHRIRAM,1.MTD,Fresh,,11.14,Mandate done,PAN_QC_DOC_UPLOADED,47,
SHRIRAM,1.MTD,Fresh,,11.22,Mandate done,BUSINESS_PROOF_UDYAM_VERIFICATION_PENDING,3558,
PIRAMAL,1.MTD,Fresh,,0,Total leads,E_SIGN_SUCCESS,5,
NACL,1.MTD,Fresh,,8.12,BRE2 completed,BANK_VALIDATION_FAILURE2,10,
FULLERTON,1.MTD,Fresh,,11.12,Mandate done,SETTLEMENT_BANK_VALIDATION_FAILURE_V2,2,
FULLERTON,1.MTD,Renewal,,12.3,Application submitted by user,PANEL_SUCCESS,236,
SHRIRAM,1.MTD,Fresh,,10.11,Review submit,LUP_CREATION_SUCCESS,3379,
FULLERTON,1.MTD,Fresh,,5.13,Loan offer accepted,EMAIL_VERIFICATION_REQUIRED_V2,452,
PIRAMAL,1.MTD,TOP UP,,8.16,BRE2 completed,MAQUETTE_FRAUD_CHECK_FAILURE,7,
FULLERTON,1.MTD,AD,,12.3,Application submitted by user,PANEL_SUCCESS,3,
NACL,1.MTD,Renewal,,7.05,KYC completed,BRE2_REQUESTED,1524,
FULLERTON,1.MTD,AD,,8.14,BRE2 completed,ADDITIONAL_DATA_NOT_REQUIRED,93,
FULLERTON,2.LMTD,Fresh,,4.1,BRE1 completed,BRE1_SUCCESS,44,
SHRIRAM,2.LMTD,Renewal,,11.21,Mandate done,GST_VERIFICATION_FAILURE,8,
SHRIRAM,2.LMTD,Fresh,,2.11,Workable leads,BASIC_DETAILS,5,
FULLERTON_BUREAU,2.LMTD,Fresh,,3.16,Bureau pull success,OFFER_RANKING_REJECTED,3,
NACL,2.LMTD,Fresh,,7.05,KYC completed,BRE2_REQUESTED,2055,
FULLERTON,2.LMTD,Fresh,,7.1,KYC completed,KYC_COMPLETED,17015,
PIRAMAL AA,1.MTD,Fresh,,0,Total leads,ESIGN_COMPLETED,12822,
PYFL,1.MTD,Fresh,,8.19,KYC completed,FETCH_LENDER_OFFER,12928,
KSF,1.MTD,TOP UP,,6.19,Child Lead Created,LENDER_PAN_DEDUP_FAILED,38,
TCL,1.MTD,Fresh,,13.21,Application submitted by user,DOC_UPLOAD_INIT,1399,
,1.MTD,Fresh,,1.1,Total leads,RESET_IN_PROCESS,16,
,1.MTD,Fresh,false,5.16,Marketplace Offer Selected,LO_LEAD_CREATION_SUCCESS,90591,
TCL,1.MTD,Fresh,,6.35,Child Lead Created,SELFIE_UPLOADING,2706,
,1.MTD,Fresh,true,3.11,Bureau pull success,BRE1_INITIATE,2951277,
,1.MTD,Fresh,,1001,Unmapped,AA_REQUIRED,1843,
PYFL,1.MTD,Renewal,,6.14,Child Lead Created,SERVICEABILITY_ACCEPTED,14043,
KSF,1.MTD,Fresh,,0,Total leads,KYC_FAILED_SEARCH_BY_PAN,4,
KSF,1.MTD,TOP UP,,14.16,Submit to LMS,LOAN_DISBURSEMENT_SUCCESS,2079,
PYFL,1.MTD,Fresh,,13.24,Application submitted by user,FI_ON_HOLD,190,
UCL,1.MTD,REPEAT,,13.14,Application submitted by user,QC_CHECK,484,
,1.MTD,BT,,5.14,Marketplace Offer Selected,ML_CHILD_LEAD_CREATED,2,
KSF,1.MTD,Fresh,,12.16,Mandate done,VKYC_DOCS_INIT_SUCCESS,29769,
TCL,1.MTD,Renewal,,12.16,Mandate done,AUDITOR_APPROVED,173,
UCL,1.MTD,REPEAT,,8.18,KYC completed,LENDER_BRE_INITIATED,646,
,1.MTD,Fresh,,1001,Unmapped,AA_SUCCESS,252,
PYFL,1.MTD,Fresh,,7.3,Selfie uploaded,KYC_ABORTED,228,
PIRAMAL AA,1.MTD,Fresh,,0,Total leads,BP_PAN_GST_VINTAGE,3,
KSF,1.MTD,TOP UP,,8.15,KYC completed,LENDER_GMV_UPLOAD_INIT,4362,
VCL,1.MTD,BT,,0,Total leads,TF_BP_MOBILE_UDYAM_INIT,80,
VCL,1.MTD,BT,,13.22,Application submitted by user,QC_REJECTED,4,
,1.MTD,Fresh,,1001,Unmapped,KYC_EXPIRED,6,
VCL,1.MTD,BT,,0,Total leads,LOAN_DISBURSEMENT_TEMP_FAILURE,14,
,1.MTD,Fresh,,1001,Unmapped,LENDER_CREATE_APPLICATION_REJECTED,3,
UCL,1.MTD,MicroML,,14.15,Submit to LMS,LOAN_DISBURSEMENT_FAILURE,3,
,1.MTD,TOP UP,false,2.12,Workable leads,BUREAU_INIT,4687,
KSF,1.MTD,Fresh,,8.18,KYC completed,LENDER_BRE_REJECTED,12328,
VCL,1.MTD,BT,,0,Total leads,TECHNICAL_FAILURE_LOAN_DISBURSEMENT_INITIATED,14,
TCL,1.MTD,Renewal,,13.2,Application submitted by user,LENDER_LEAD_UPDATE_UPDATE_BP_DETAILS,724,
KSF,1.MTD,TOP UP,,14.2,Submit to LMS,LMS_FETCH_DOCUMENTS_INIT,2092,
,1.MTD,Fresh,,1001,Unmapped,ML_DISTRIBUTION_PROGRAM,9,
KSF,1.MTD,TOP UP,,6.15,Child Lead Created,BANK_NAME_MATCH_FAILED,19,
,1.MTD,Fresh,,3.13,Bureau pull success,BRE1_FAILED,238,
VCL,1.MTD,BT,,11.13,Review submit,BP_MOBILE_UDYAM_INIT,1658,
VCL,1.MTD,BT,,0,Total leads,LENDER_BRE_REJECTED,178,
PYFL,1.MTD,Renewal,,12.13,Mandate done,LENDER_UPDATE_APPLICATION_INITIATED,6136,
,1.MTD,Fresh,,1001,Unmapped,FETCH_DOC_INIT_SUCCESS,21,
PIRAMAL AA,1.MTD,Fresh,,0,Total leads,FETCH_SETTLEMENT_ACCOUNT,112029,
TCL,1.MTD,Renewal,,11.1,Review submit,REVIEW_OFFER_ACCEPTED,949,
,1.MTD,Renewal,false,1.11,Total leads,LEAD_RESET,15271,
TCL,1.MTD,Fresh,,7.21,Selfie uploaded,KYC_REJECTED,142,
PIRAMAL,2.LMTD,TOP UP,,12.19,Application submitted by user,LAS_DATA_VERIFICATION_SUCCESS,1053,
PIRAMAL,2.LMTD,TOP UP,,0,Total leads,LENDER_SUBMIT_SUCCESS,3027,
FULLERTON,2.LMTD,TOP UP,,12.26,Application submitted by user,SETTLEMENT_BANK_QC_DOC_RE_UPLOADED,37,
NACL,2.LMTD,Renewal,,12.14,Application submitted by user,BANK_QC_DOC_RE_UPLOAD_REQUIRED,6,
PIRAMAL,2.LMTD,Renewal,,8.11,BRE2 completed,FETCH_SETTLEMENT_BANK_ACCOUNT,455,
FULLERTON,2.LMTD,TOP UP,,11.23,Mandate done,BUSINESS_PROOF_UDYAM_VERIFICATION_PENDING,10635,
FULLERTON_BUREAU,2.LMTD,Renewal,,5.13,Loan offer accepted,EMAIL_VERIFICATION_REQUIRED_V2,44,
NACL,2.LMTD,TOP UP,,3.04,Bureau pull success,BRE1_FAILURE,2805,
NACL,2.LMTD,Renewal,,11.01,Mandate done,EMANDATE_SUCCESS,494,
LRE,2.LMTD,Fresh,,0,Unmapped,INITIATE_BUREAU,5,
MFL,2.LMTD,Renewal,,14.19,Disbursed,BUSINESS_PROOF_QC_SKIPPED,43,
PIRAMAL,2.LMTD,TOP UP,,12.14,Application submitted by user,QC_ACTION_PENDING,18,
FULLERTON,2.LMTD,TOP UP,,2.2800000000000002,Workable leads,BUREAU_ERROR,3,
SHRIRAM,2.LMTD,Fresh,,6.19,Selfie uploaded,KYC_RETRYABLE_FAILURE,153,
MFL,2.LMTD,Fresh,,12.33,Application submitted by user,LUP_CREATION_SUCCESS,412,
FULLERTON,2.LMTD,Fresh,,11.28,Mandate done,MOB_TO_UDYAM_FETCHED_V2,266,
FULLERTON,2.LMTD,Fresh,,12.39,Application submitted by user,DIY_FI_REQUIRED,1330,
SHRIRAM,2.LMTD,Fresh,,11.18,Mandate done,SETTLEMENT_BANK_QC_DOC_REQUIRED,82,
MFL,2.LMTD,TOP UP,,14.19,Disbursed,BUSINESS_PROOF_QC_SKIPPED,207,
NACL,2.LMTD,TOP UP,,7.04,KYC completed,SERVICEABILITY_ACCEPTED,1637,
NACL,2.LMTD,TOP UP,,9.12,Disbursal acc verified,KYB_FETCH_MPA_SUCCESS,1144,
FULLERTON,2.LMTD,Renewal,,7.18,KYC completed,BRE2_SUCCESS,2892,
FULLERTON,2.LMTD,Fresh,,10.1,Review submit,LOAN_AGREEMENT_SUCCESS,11601,
NACL,2.LMTD,TOP UP,,12.01,Application submitted by user,UC_IN_PROGRESS,34,
NACL,2.LMTD,Renewal,,12.3,Application submitted by user,LOAN_APPLICATION_ON_HOLD,3,
NACL,2.LMTD,Renewal,,12.32,Application submitted by user,APPROVED_BY_BUSINESS,20,
PIRAMAL,2.LMTD,Fresh,,11.12,Mandate done,SETTLEMENT_BANK_VALIDATION_SUCCESS_V2,2305,
PIRAMAL,2.LMTD,Renewal,,10.11,Review submit,EMANDATE_REQUIRED,415,
SHRIRAM,2.LMTD,Fresh,,11.14,Mandate done,PAN_QC_DOC_UPLOADED,37,
SHRIRAM,2.LMTD,Fresh,,11.22,Mandate done,BUSINESS_PROOF_UDYAM_VERIFICATION_PENDING,2689,
PIRAMAL,2.LMTD,Fresh,,0,Total leads,E_SIGN_SUCCESS,26,
NACL,2.LMTD,Fresh,,8.12,BRE2 completed,BANK_VALIDATION_FAILURE2,14,
FULLERTON,2.LMTD,Renewal,,12.3,Application submitted by user,PANEL_SUCCESS,192,
SHRIRAM,2.LMTD,Fresh,,10.11,Review submit,LUP_CREATION_SUCCESS,2375,
FULLERTON,2.LMTD,Fresh,,5.13,Loan offer accepted,EMAIL_VERIFICATION_REQUIRED_V2,411,
FULLERTON,2.LMTD,AD,,12.3,Application submitted by user,PANEL_SUCCESS,12,
NACL,2.LMTD,Renewal,,7.05,KYC completed,BRE2_REQUESTED,1326,
FULLERTON,2.LMTD,AD,,8.14,BRE2 completed,ADDITIONAL_DATA_NOT_REQUIRED,243,
NACL,2.LMTD,Renewal,,2.05,Workable leads,PAN_DEDUPE_FAILED,1,
FULLERTON_BUREAU,2.LMTD,Fresh,,2.18,Workable leads,PAN_DEDUPE_FAILED,3,
PIRAMAL,2.LMTD,Renewal,,8.16,BRE2 completed,MAQUETTE_FRAUD_CHECK_FAILURE,6,
FULLERTON,2.LMTD,TOP UP,,2.26,Workable leads,BUREAU_ADDITIONAL_DATA_REQUIRED,143,
FULLERTON,2.LMTD,Fresh,,11.11,Mandate done,SETTLEMENT_BANK_VALIDATION_REQUIRED_V2,10085,
FULLERTON,2.LMTD,TOP UP,,11.1,Mandate done,EMANDATE_SUCCESS,11947,
NACL,1.MTD,Renewal,,2.05,Workable leads,PAN_DEDUPE_FAILED,4,
FULLERTON_BUREAU,1.MTD,Fresh,,2.18,Workable leads,PAN_DEDUPE_FAILED,8,
PIRAMAL,1.MTD,Renewal,,8.16,BRE2 completed,MAQUETTE_FRAUD_CHECK_FAILURE,5,
FULLERTON,1.MTD,TOP UP,,2.26,Workable leads,BUREAU_ADDITIONAL_DATA_REQUIRED,147,
FULLERTON,1.MTD,Fresh,,11.11,Mandate done,SETTLEMENT_BANK_VALIDATION_REQUIRED_V2,9310,
FULLERTON,1.MTD,TOP UP,,11.1,Mandate done,EMANDATE_SUCCESS,11364,
NACL,1.MTD,Fresh,,8.02,BRE2 completed,BRE3_NOT_REQUIRED,1424,
NACL,1.MTD,Renewal,,5.05,Loan offer accepted,KYC_SELFIE_REQUIRED,1930,
FULLERTON,1.MTD,AD,,12.45,Application submitted by user,LENDER_DOCUMENT_UPLOAD_SUCCESS,82,
NACL,1.MTD,Renewal,,6.07,Selfie uploaded,KYC_FAILED,3049,
MFL,1.MTD,Fresh,,6.12,Selfie uploaded,LENDER_CREATE_APPLICATION_INITIATED,653,
MFL,1.MTD,Renewal,,12.25,Application submitted by user,BUSINESS_APPROVAL_AWAITED,10,
FULLERTON_BUREAU,1.MTD,Renewal,,11.1,Mandate done,EMANDATE_SUCCESS,1439,
MFL,1.MTD,Renewal,,11.2,Mandate done,LOAN_AGREEMENT_SUCCESS,178,
PIRAMAL,1.MTD,Fresh,,11.17,Mandate done,BANK_QC_DOC_UPLOAD_REQUIRED,66,
SHRIRAM,1.MTD,Fresh,,12.24,Application submitted by user,LOAN_APPLICATION_ON_HOLD,76,
FULLERTON,1.MTD,AD,,12.54,Application submitted by user,LENDER_BANK_UPDATE_SUCCESS,20,
SHRIRAM,1.MTD,Renewal,,3.16,Bureau pull success,OFFER_RANKING_INITIATED,573,
FULLERTON_BUREAU,1.MTD,Fresh,,11.14,Mandate done,PAN_QC_DOC_UPLOAD_REQUIRED,15,
PIRAMAL,1.MTD,BT,,3.12,Bureau pull success,BRE1_REQUESTED,7025,
SHRIRAM,1.MTD,Fresh,,1.15,Total leads,LOM_OFFER_RANKING_REJECTED,501,
MFL,1.MTD,Renewal,,5.1,Loan offer accepted,LRE_FLOW_COMPLETED,301,
MFL,1.MTD,TOP UP,,2.13,Workable leads,BUREAU_INITIATED,2279,
FULLERTON_BUREAU,1.MTD,Renewal,,12.52,Application submitted by user,LENDER_LIMIT_ENHANCEMENT_SUCCESS,849,
FULLERTON,1.MTD,Fresh,,2.18,Workable leads,PAN_DEDUPE_FAILED,4,
MFL,1.MTD,Fresh,,8.13,BRE2 completed,SETTLEMENT_BANK_DETAILS_FETCHED,384,
SHRIRAM,1.MTD,Fresh,,11.11,Mandate done,SETTLEMENT_BANK_VALIDATION_REQUIRED_V2,3762,
MFL,1.MTD,Renewal,,14.1,Disbursed,LMS_CALLBACK_SUCCESS,232,
NACL,1.MTD,Renewal,,6.01,Selfie uploaded,KYC_SELFIE_UPLOADED,1934,
MFL,1.MTD,Fresh,,0,Total leads,LENDER_KFS_FETCH_SUCCESS,159,
PIRAMAL,1.MTD,Renewal,,8.1,BRE2 completed,BRE2_COMPLETED,427,
FULLERTON_BUREAU,1.MTD,Renewal,,12.2,Application submitted by user,SETTLEMENT_BANK_UPDATE_SUCCESS,6,
PIRAMAL,1.MTD,BT,,13.12,Submit to LMS,LMS_CALLBACK_REJECTED,7,
FULLERTON,1.MTD,Fresh,,8.14,BRE2 completed,ADDITIONAL_DATA_NOT_REQUIRED,11042,
FULLERTON,1.MTD,TOP UP,,10.11,Review submit,LUP_CREATION_SUCCESS,11267,
MFL,1.MTD,Renewal,,0,Total leads,LENDER_KFS_FETCH_SUCCESS,81,
FULLERTON,1.MTD,Fresh,,11.27,Mandate done,MOB_TO_UDYAM_NOT_FOUND_V2,6285,
FULLERTON,1.MTD,TOP UP,,12.27,Application submitted by user,LOAN_APPLICATION_ON_HOLD,1,
SHRIRAM,1.MTD,Fresh,,12.34,Application submitted by user,BUSINESS_APPROVAL_NOT_REQUIRED,3025,
MFL,1.MTD,Renewal,,0,Total leads,LOM_OFFER_RANKING_REJECTED,39,
PIRAMAL,1.MTD,Fresh,,12.14,Application submitted by user,QC_ACTION_PENDING,228,
FULLERTON_BUREAU,1.MTD,Renewal,,10.11,Review submit,LUP_CREATION_SUCCESS,1350,
FULLERTON_BUREAU,1.MTD,Renewal,,5.11,Loan offer accepted,LRE_FLOW_COMPLETED,4379,
PIRAMAL,1.MTD,BT,,12.47,Application submitted by user,VAN_CREATION_SUCCESS,408,
FULLERTON,1.MTD,Renewal,,12.34,Application submitted by user,APPROVED_BY_BUSINESS,189,
SHRIRAM,1.MTD,Renewal,,11.17,Mandate done,SETTLEMENT_BANK_QC_DOC_UPLOADED,74,
FULLERTON,1.MTD,AD,,11.25,Mandate done,INITIATE_MOB_TO_UDYAM_REQUEST,59,
PIRAMAL,1.MTD,Fresh,,0,Total leads,SETTLEMENT_BANK_QC_DOC_REQUIRED,2,
FULLERTON,1.MTD,AD,,11.28,Mandate done,MOB_TO_UDYAM_FETCHED_V2,11,
PIRAMAL,1.MTD,Fresh,,11.11,Mandate done,SETTLEMENT_BANK_VALIDATION_REQUIRED_V2,1970,
MFL,1.MTD,TOP UP,,12.25,Application submitted by user,BUSINESS_APPROVAL_AWAITED,7,
PIRAMAL,1.MTD,BT,,2.14,Workable leads,INITIATE_BUREAU,7094,
MFL,1.MTD,Fresh,,8.11,BRE2 completed,BANKING_ACTION_REQUIRED,384,
FULLERTON_BUREAU,1.MTD,Renewal,,7.11,KYC completed,SERVICEABILITY_REJECTED,211,
MFL,1.MTD,TOP UP,,2.15,Workable leads,BUREAU_ALTERNATE_MOBILE_NUMBER_REQUIRED,19,
MFL,1.MTD,Fresh,,5.11,Loan offer accepted,KYC_SELFIE_REQUIRED,616,
FULLERTON_BUREAU,1.MTD,Fresh,,12.44,Application submitted by user,LENDER_DOCUMENT_UPLOAD_FAILURE,3,
FULLERTON_BUREAU,1.MTD,Renewal,,4.1,BRE1 completed,BRE1_SUCCESS,6,
NACL,2.LMTD,Fresh,,8.02,BRE2 completed,BRE3_NOT_REQUIRED,1537,
NACL,2.LMTD,Renewal,,5.05,Loan offer accepted,KYC_SELFIE_REQUIRED,1825,
FULLERTON,2.LMTD,AD,,12.45,Application submitted by user,LENDER_DOCUMENT_UPLOAD_SUCCESS,213,
NACL,2.LMTD,Renewal,,6.07,Selfie uploaded,KYC_FAILED,1062,
MFL,2.LMTD,Fresh,,6.12,Selfie uploaded,LENDER_CREATE_APPLICATION_INITIATED,1081,
MFL,2.LMTD,Renewal,,12.25,Application submitted by user,BUSINESS_APPROVAL_AWAITED,18,
FULLERTON_BUREAU,2.LMTD,Renewal,,11.1,Mandate done,EMANDATE_SUCCESS,1072,
MFL,2.LMTD,Renewal,,11.2,Mandate done,LOAN_AGREEMENT_SUCCESS,206,
PIRAMAL,2.LMTD,Fresh,,11.17,Mandate done,BANK_QC_DOC_UPLOAD_REQUIRED,89,
TCL,1.MTD,Renewal,,8.14,KYC completed,SERVICEABILITY_CHECK,1859,
UCL,1.MTD,MicroML,,0,Total leads,TF_BP_FETCH_DATA,8636,
VCL,1.MTD,BT,,13.15,Application submitted by user,TF_CREATE_AND_UPDATE_VAN_DETAILS,243,
KSF,1.MTD,Fresh,,0,Total leads,TF_LENDER_FETCH_ADDR,263,
UCL,1.MTD,REPEAT,,7.12,Selfie uploaded,LENDER_APPICATION_CREATE_INITIATED,845,
UCL,1.MTD,REPEAT,,8.17,KYC completed,LENDER_BRE_INIT,646,
TCL,1.MTD,Renewal,,11.11,Review submit,EMANDATE_REQUIRED,949,
UCL,1.MTD,MicroML,,0,Total leads,KYC_REUSABILITY_FOUND,153,
PYFL,1.MTD,Fresh,,14.26,Submit to LMS,LMS_FETCH_DOCUMENTS_INIT,7088,
KSF,1.MTD,TOP UP,,12.11,Mandate done,LENDER_BANK_DETAILS_SHARING_INITIATED,3465,
KSF,1.MTD,Fresh,,12.15,Mandate done,VKYC_DOCS_INIT,162399,
VCL,1.MTD,BT,,14.18,Submit to LMS,LMS_ACCOUNT_ACTIVE,481,
UCL,1.MTD,MicroML,,0,Total leads,LENDER_MVR_UPLOAD_SKIP,102,
,1.MTD,Renewal,false,1001,Unmapped,BUREAU_EXPIRY,1374,
PIRAMAL AA,1.MTD,Fresh,,0,Total leads,TF_GENERATE_DIYFI_DOC,252,
PIRAMAL AA,1.MTD,Fresh,,8.11,KYC completed,AA_CONSENT_RECEIVED,929520,
,1.MTD,Fresh,,1001,Unmapped,EMANDATE_REQUIRED,176,
PYFL,1.MTD,Fresh,,7.28,Selfie uploaded,KYC_INITIATED_OFFLINE_AADHAAR,3874,
PYFL,1.MTD,Fresh,,10.14,Disbursal acc verified,TF_LENDER_KYC_CONFIRM,37,
KSF,1.MTD,TOP UP,,9.1,BRE2 completed,BRE2_SUCCESS,4217,
,1.MTD,Renewal,true,4.11,BRE1 completed,MARKETPLACE_INPUT_REQUIRED,306779,
,1.MTD,REPEAT,true,2.1,Workable leads,LEAD_CREATE,7717,
PYFL,1.MTD,Renewal,,7.17,Selfie uploaded,LEAD_REJECTED,8,
UCL,1.MTD,Fresh,,13.34,Application submitted by user,LENDER_DOC_UPLOAD_IN_PROGRESS_LOAN_AGREEMENT,7719,
TCL,1.MTD,Fresh,,13.35,Application submitted by user,FI_AWAITED,67,
,1.MTD,Fresh,true,5.11,Marketplace Offer Selected,LRE_RESET_MARKETPLACE_INPUT_REQUIRED,65555,
UCL,1.MTD,REPEAT,,13.12,Application submitted by user,INITIATE_SETTLEMENT_ACCOUNT_NAME_MATCH_QC_DOC_UPLOAD,24,
TCL,1.MTD,Renewal,,13.22,Application submitted by user,LENDER_DOC_UPLOAD_IN_PROGRESS_PAN_AADHAAR_LINKAGE,818,
TCL,1.MTD,Renewal,,6.11,Child Lead Created,FETCH_SETTLEMENT_ACCOUNT,4326,
,1.MTD,MicroML,true,2.16,Workable leads,BUREAU_ADR_REQUIRED,4800,
UCL,1.MTD,Fresh,,14.1,Submit to LMS,LMS_LAN_CREATE_INITIATE,6590,
,1.MTD,MicroML,false,2.11,Workable leads,PAN_DEDUPE_FAILED,920,
UCL,1.MTD,Fresh,,12.16,Mandate done,TF_LENDER_BP_SHARE,11,
UCL,1.MTD,MicroML,,1.15,Total leads,LENDER_APP_REJECT_INITIATE,147,
PYFL,1.MTD,Fresh,,13.21,Application submitted by user,DIY_FI_DOC_UPLOADED,987,
SHRIRAM,2.LMTD,Fresh,,12.24,Application submitted by user,LOAN_APPLICATION_ON_HOLD,103,
FULLERTON,2.LMTD,AD,,12.54,Application submitted by user,LENDER_BANK_UPDATE_SUCCESS,40,
SHRIRAM,2.LMTD,Fresh,,3.12,Bureau pull success,BRE1_REQUESTED,5,
SHRIRAM,2.LMTD,Renewal,,3.16,Bureau pull success,OFFER_RANKING_INITIATED,381,
FULLERTON_BUREAU,2.LMTD,Fresh,,11.14,Mandate done,PAN_QC_DOC_UPLOAD_REQUIRED,4,
PIRAMAL,2.LMTD,BT,,3.12,Bureau pull success,BRE1_REQUESTED,4307,
SHRIRAM,2.LMTD,Fresh,,1.15,Total leads,LOM_OFFER_RANKING_REJECTED,409,
MFL,2.LMTD,Renewal,,5.1,Loan offer accepted,LRE_FLOW_COMPLETED,426,
MFL,2.LMTD,TOP UP,,2.13,Workable leads,BUREAU_INITIATED,1663,
FULLERTON_BUREAU,2.LMTD,Renewal,,12.52,Application submitted by user,LENDER_LIMIT_ENHANCEMENT_SUCCESS,622,
FULLERTON,2.LMTD,Fresh,,2.18,Workable leads,PAN_DEDUPE_FAILED,7,
MFL,2.LMTD,Fresh,,8.13,BRE2 completed,SETTLEMENT_BANK_DETAILS_FETCHED,624,
SHRIRAM,2.LMTD,Fresh,,11.11,Mandate done,SETTLEMENT_BANK_VALIDATION_REQUIRED_V2,2838,
MFL,2.LMTD,Renewal,,14.1,Disbursed,LMS_CALLBACK_SUCCESS,132,
NACL,2.LMTD,Renewal,,6.01,Selfie uploaded,KYC_SELFIE_UPLOADED,1691,
PIRAMAL,2.LMTD,Renewal,,8.1,BRE2 completed,BRE2_COMPLETED,453,
FULLERTON,2.LMTD,Fresh,,8.14,BRE2 completed,ADDITIONAL_DATA_NOT_REQUIRED,12677,
FULLERTON,2.LMTD,TOP UP,,10.11,Review submit,LUP_CREATION_SUCCESS,11709,
FULLERTON,2.LMTD,AD,,11.15,Mandate done,PAN_QC_DOC_UPLOADED,1,
FULLERTON,2.LMTD,Fresh,,11.27,Mandate done,MOB_TO_UDYAM_NOT_FOUND_V2,6243,
FULLERTON,2.LMTD,TOP UP,,12.27,Application submitted by user,LOAN_APPLICATION_ON_HOLD,23,
SHRIRAM,2.LMTD,Fresh,,12.34,Application submitted by user,BUSINESS_APPROVAL_NOT_REQUIRED,2238,
MFL,2.LMTD,Renewal,,0,Total leads,LOM_OFFER_RANKING_REJECTED,33,
PIRAMAL,2.LMTD,Fresh,,12.14,Application submitted by user,QC_ACTION_PENDING,278,
FULLERTON_BUREAU,2.LMTD,Renewal,,10.11,Review submit,LUP_CREATION_SUCCESS,1012,
FULLERTON_BUREAU,2.LMTD,Renewal,,5.11,Loan offer accepted,LRE_FLOW_COMPLETED,3513,
PIRAMAL,2.LMTD,BT,,12.47,Application submitted by user,VAN_CREATION_SUCCESS,290,
FULLERTON,2.LMTD,Renewal,,12.34,Application submitted by user,APPROVED_BY_BUSINESS,76,
SHRIRAM,2.LMTD,Renewal,,11.17,Mandate done,SETTLEMENT_BANK_QC_DOC_UPLOADED,60,
FULLERTON,2.LMTD,AD,,11.25,Mandate done,INITIATE_MOB_TO_UDYAM_REQUEST,144,
PIRAMAL,2.LMTD,Fresh,,0,Total leads,SETTLEMENT_BANK_QC_DOC_REQUIRED,1,
FULLERTON,2.LMTD,AD,,11.28,Mandate done,MOB_TO_UDYAM_FETCHED_V2,11,
PIRAMAL,2.LMTD,Fresh,,11.11,Mandate done,SETTLEMENT_BANK_VALIDATION_REQUIRED_V2,2305,
MFL,2.LMTD,TOP UP,,12.25,Application submitted by user,BUSINESS_APPROVAL_AWAITED,18,
PIRAMAL,2.LMTD,BT,,2.14,Workable leads,INITIATE_BUREAU,4344,
MFL,2.LMTD,Fresh,,8.11,BRE2 completed,BANKING_ACTION_REQUIRED,624,
FULLERTON_BUREAU,2.LMTD,Renewal,,7.11,KYC completed,SERVICEABILITY_REJECTED,118,
MFL,2.LMTD,TOP UP,,2.15,Workable leads,BUREAU_ALTERNATE_MOBILE_NUMBER_REQUIRED,12,
MFL,2.LMTD,Fresh,,5.11,Loan offer accepted,KYC_SELFIE_REQUIRED,1095,
FULLERTON_BUREAU,2.LMTD,Fresh,,12.44,Application submitted by user,LENDER_DOCUMENT_UPLOAD_FAILURE,7,
FULLERTON,2.LMTD,Fresh,,10.12,Review submit,EMANDATE_REQUIRED,11606,
PIRAMAL,2.LMTD,Fresh,,7.13,KYC completed,LAS_KYC_AUDIT_SUCCESS,4622,
NACL,2.LMTD,Fresh,,13.01,Submit to LMS,LMS_SUBMIT_APPLICATION_SUCCESS,814,
FULLERTON_BUREAU,2.LMTD,Fresh,,12.25,Application submitted by user,SETTLEMENT_BANK_QC_DOC_RE_UPLOAD_REQUIRED,3,
FULLERTON_BUREAU,1.MTD,Fresh,,0,Total leads,LENDING_CIF_SUBMIT_FAILURE,10,
FULLERTON,1.MTD,Fresh,,10.12,Review submit,EMANDATE_REQUIRED,10036,
PIRAMAL,1.MTD,Fresh,,7.13,KYC completed,LAS_KYC_AUDIT_SUCCESS,4274,
NACL,1.MTD,Fresh,,13.01,Submit to LMS,LMS_SUBMIT_APPLICATION_SUCCESS,974,
FULLERTON_BUREAU,1.MTD,Fresh,,12.25,Application submitted by user,SETTLEMENT_BANK_QC_DOC_RE_UPLOAD_REQUIRED,1,
FULLERTON_BUREAU,1.MTD,Renewal,,8.2,BRE2 completed,SETTLEMENT_BANK_DETAILS_FETCHED,1730,
NACL,1.MTD,Fresh,,1.07,Total leads,LOM_OFFER_RANKING_SUCCESS,1327,
NACL,1.MTD,Fresh,,6.06,Selfie uploaded,INITIATE_KYC,3016,
FULLERTON_BUREAU,1.MTD,Fresh,,12.29,Application submitted by user,LOAN_QC_REJECTED,91,
FULLERTON,1.MTD,Fresh,,12.43,Application submitted by user,LIS_DATA_UPDATE_REQUEST_SUCCESS,8485,
NACL,1.MTD,TOP UP,,13.01,Submit to LMS,LMS_SUBMIT_APPLICATION_SUCCESS,683,
FULLERTON,1.MTD,Fresh,,2.1,Workable leads,LEAD_CREATED,21826,
MFL,1.MTD,Fresh,,6.15,Selfie uploaded,INITIATE_DEDUPE_CHECK,662,
SHRIRAM,1.MTD,Fresh,,12.31,Application submitted by user,LUP_CREATION_FAILURE,6,
PIRAMAL,1.MTD,Fresh,,0,Total leads,LEAD_CLOSURE_INITIATED,3112,
PIRAMAL,1.MTD,TOP UP,,6.12,Selfie uploaded,KYC_FAILED,17,
PIRAMAL,1.MTD,Renewal,,6.1,Selfie uploaded,KYC_SELFIE_REUPLOAD_REQUIRED,14,
FULLERTON,1.MTD,AD,,6.11,Selfie uploaded,KYC_SELFIE_REUPLOAD_REQUIRED,6,
PIRAMAL,1.MTD,Renewal,,0,Total leads,LEAD_CLOSURE_INITIATED,479,
FULLERTON,1.MTD,AD,,3.15,Bureau pull success,OFFER_RANKING_INITIATED,177,
NACL,1.MTD,TOP UP,,2.1,Workable leads,BUREAU_ADDITIONAL_DATA_REQUIRED,16,
NACL,1.MTD,TOP UP,,9.1,Disbursal acc verified,KYB_BUSINESS_DETAILS_NOT_REQUIRED,904,
PIRAMAL,1.MTD,Fresh,,0,Total leads,LENDER_UPDATE_INITIATED,1,
LRE,1.MTD,Renewal,,0,Unmapped,BRE1_REQUESTED,9,
FULLERTON,1.MTD,AD,,7.11,KYC completed,SERVICEABILITY_REJECTED,36,
FULLERTON,1.MTD,Renewal,,11.25,Mandate done,INITIATE_MOB_TO_UDYAM_REQUEST,1611,
FULLERTON_BUREAU,1.MTD,Fresh,,12.24,Application submitted by user,BANK_QC_DOC_RE_UPLOADED,9,
MFL,1.MTD,Fresh,,11.16,Mandate done,LENDER_ACCEPT_OFFER_FAILURE,2,
FULLERTON,1.MTD,Renewal,,11.32,Mandate done,BUSINESS_PROOF_PREFILL_FAILURE_V2,1609,
NACL,1.MTD,Fresh,,2.05,Workable leads,PAN_DEDUPE_FAILED,1,
MFL,1.MTD,Renewal,,11.23,Mandate done,BANK_QC_DOC_UPLOAD_REQUIRED,4,
PIRAMAL,1.MTD,TOP UP,,11.11,Mandate done,SETTLEMENT_BANK_VALIDATION_REQUIRED_V2,760,
NACL,1.MTD,Fresh,,8.11,BRE2 completed,BANK_VERIFICATION_FAILURE,23,
PIRAMAL,1.MTD,Renewal,,0,Total leads,APPROVED_BY_BUSINESS,25,
NACL,1.MTD,Renewal,,6.09,Selfie uploaded,KYC_RETRYABLE_FAILURE,53,
PIRAMAL,1.MTD,TOP UP,,15.12,Lead closed,LENDING_CIF_SUBMIT_SUCCESS,864,
MFL,1.MTD,Fresh,,14.17,Disbursed,UDYAM_VALIDATION_FAILURE_V2,17,
FULLERTON,1.MTD,Fresh,,8.18,BRE2 completed,MAQUETTE_FRAUD_CHECK_FAILURE,162,
MFL,1.MTD,TOP UP,,0,Total leads,BANK_QC_DOC_RE_UPLOAD_REQUIRED,1,
FULLERTON,1.MTD,AD,,2.12,Workable leads,EMAIL_VERIFICATION_SUCCESS,1,
SHRIRAM,1.MTD,Renewal,,11.1,Mandate done,EMANDATE_SUCCESS,1143,
PIRAMAL,1.MTD,Fresh,,0,Total leads,BRE1_REQUESTED,1,
FULLERTON_BUREAU,1.MTD,Fresh,,4.1,BRE1 completed,BRE1_SUCCESS,9,
SHRIRAM,1.MTD,Fresh,,7.11,KYC completed,BRE2_REQUESTED,5417,
PIRAMAL,1.MTD,Renewal,,7.11,KYC completed,LAS_KYC_AUDIT_REQUESTED,995,
FULLERTON,1.MTD,Fresh,,12.48,Application submitted by user,LMS_SANCTION_ID_NOT_FOUND,8273,
FULLERTON,1.MTD,Renewal,,11.24,Mandate done,BUSINESS_PROOF_UDYAM_VERIFICATION_FAILURE,1840,
FULLERTON_BUREAU,2.LMTD,Renewal,,8.2,BRE2 completed,SETTLEMENT_BANK_DETAILS_FETCHED,1331,
NACL,2.LMTD,Fresh,,1.07,Total leads,LOM_OFFER_RANKING_SUCCESS,387,
SHRIRAM,2.LMTD,Fresh,,3.1,Bureau pull success,BUREAU_SUCCESS,5,
NACL,2.LMTD,Fresh,,6.06,Selfie uploaded,INITIATE_KYC,2610,
FULLERTON,2.LMTD,AD,,11.16,Mandate done,BANK_QC_DOC_UPLOAD_REQUIRED,4,
FULLERTON_BUREAU,2.LMTD,Fresh,,12.29,Application submitted by user,LOAN_QC_REJECTED,42,
FULLERTON,2.LMTD,Fresh,,12.43,Application submitted by user,LIS_DATA_UPDATE_REQUEST_SUCCESS,8552,
NACL,2.LMTD,TOP UP,,13.01,Submit to LMS,LMS_SUBMIT_APPLICATION_SUCCESS,797,
FULLERTON,2.LMTD,Fresh,,2.1,Workable leads,LEAD_CREATED,24103,
UCL,1.MTD,REPEAT,,12.1,Mandate done,EMANDATE_SUCCESS,475,
UCL,1.MTD,MicroML,,8.21,KYC completed,LENDER_BRE_REJECTED,1497,
,1.MTD,Renewal,false,5.12,Marketplace Offer Selected,BUREAU_PROGRAM_TYPE,577,
PYFL,1.MTD,Renewal,,14.18,Submit to LMS,LOAN_DISBURSEMENT_FAILURE,42,
,1.MTD,TOP UP,false,3.1,Bureau pull success,BUREAU_PULL_SUCCESS,7597,
,1.MTD,Fresh,,1001,Unmapped,DIY_FI_DOC_UPLOADED,28,
,1.MTD,REPEAT,false,2.1,Workable leads,LEAD_CREATE,250,
,1.MTD,Fresh,,1001,Unmapped,PDC_SUCCESS,85,
,1.MTD,Fresh,,1001,Unmapped,BANK_LINKING_SUCCESS,732,
,1.MTD,Fresh,,1001,Unmapped,KYC_FAILED_EKYC,47,
,1.MTD,Fresh,,1001,Unmapped,KYC_SUCCESS_EKYC,313,
UCL,1.MTD,MicroML,,13.14,Application submitted by user,QC_CHECK,8231,
UCL,1.MTD,REPEAT,,13.11,Application submitted by user,BP_SUCCESS,2,
PYFL,1.MTD,Fresh,,14.22,Submit to LMS,LMS_FETCH_RPS_FETCHED,6861,
TCL,1.MTD,Fresh,,0,Total leads,SERVICEABILITY_ACCEPTED,1741,
UCL,1.MTD,Fresh,,9.13,BRE2 completed,PENNY_DROP_INITIATED,25600,
PYFL,1.MTD,Renewal,,7.1,Selfie uploaded,SELFIE_CAPTURED,12329,
VCL,1.MTD,BT,,0,Total leads,DIY_FI_DOC_UPLOADED,4,
,1.MTD,Renewal,true,4.1,BRE1 completed,BRE1_SUCCESS,389302,
,1.MTD,REPEAT,true,1001,Unmapped,TF_MQT_BRE_1,7,
PYFL,1.MTD,Renewal,,0,Total leads,EMANDATE_SUCCESS,6148,
,1.MTD,REPEAT,true,5.1,Marketplace Offer Selected,MARKETPLACE_OFFER_SELECTED,2765,
,1.MTD,Renewal,true,2.18,Workable leads,BUREAU_PULL_FAILED,56,
UCL,1.MTD,MicroML,,0,Total leads,TF_BP_MOBILE_UDYAM_INIT,852,
TCL,1.MTD,Fresh,,8.17,KYC completed,LENDER_LEAD_UPDATE_UPDATE_POST_KYC_DETAILS,1980,
TCL,1.MTD,Renewal,,6.28,Child Lead Created,LENDER_CREATE_WEBTOP_SUCCESS,2780,
,1.MTD,Renewal,false,1001,Unmapped,BP_PAN_GST_VINTAGE,3349,
,1.MTD,Renewal,true,1001,Unmapped,TF_UPDATE_OFFER_RE2,451,
,1.MTD,TOP UP,false,1.11,Total leads,LEAD_RESET,87,
TCL,1.MTD,Fresh,,6.13,Child Lead Created,PENNY_DROP_FAILED,75,
,1.MTD,Fresh,true,1001,Unmapped,ML_DISTRIBUTION_PROGRAM,414931,
,1.MTD,REPEAT,true,2.12,Workable leads,BUREAU_INIT,2584,
KSF,1.MTD,TOP UP,,8.18,KYC completed,LENDER_BRE_REJECTED,89,
TCL,1.MTD,Fresh,,8.2,KYC completed,TF_LENDER_BRE_INIT,10,
UCL,1.MTD,Fresh,,1.15,Total leads,LENDER_APP_REJECT_INITIATE,58,
,1.MTD,MicroML,true,3.13,Bureau pull success,BRE1_FAILED,253739,
,1.MTD,REPEAT,true,2.15,Workable leads,BUREAU_ALT_MOBILE_REQUIRED,4,
TCL,1.MTD,Renewal,,13.26,Application submitted by user,LENDER_DOC_UPLOAD_IN_PROGRESS_BUSINESS_PROOF,780,
,1.MTD,Fresh,,1001,Unmapped,DIY_FI_REQUIRED,30,
,1.MTD,Fresh,,1001,Unmapped,LMS_ACCOUNT_ACTIVE,72,
VCL,1.MTD,BT,,0,Total leads,INITIATE_SETTLEMENT_ACCOUNT_NAME_MATCH_QC_DOC_REUPLOAD,7,
UCL,1.MTD,MicroML,,12.17,Mandate done,BP_LENDER_SHARE_INIT,3028,
TCL,1.MTD,Fresh,,0,Total leads,KYC_INITIATED_success,2,
UCL,1.MTD,MicroML,,12.16,Mandate done,TF_LENDER_BP_SHARE,173,
KSF,1.MTD,Fresh,,13.12,Application submitted by user,LENDER_DOC_UPLOAD_IN_PROGRESS_KFS_LETTER,33053,
PIRAMAL AA,1.MTD,Fresh,,0,Total leads,LENDER_DOC_UPLOAD_IN_PROGRESS_BUSINESS_PROOF,1460,
KSF,1.MTD,Fresh,,14.19,Submit to LMS,LMS_ACCOUNT_ACTIVE,22850,
UCL,1.MTD,MicroML,,10.1,Disbursal acc verified,BANK_LINKING_SUCCESS,15465,
MFL,2.LMTD,Fresh,,6.15,Selfie uploaded,INITIATE_DEDUPE_CHECK,1079,
PIRAMAL,2.LMTD,Fresh,,0,Total leads,LEAD_CLOSURE_INITIATED,1366,
PIRAMAL,2.LMTD,TOP UP,,6.12,Selfie uploaded,KYC_FAILED,15,
PIRAMAL,2.LMTD,Renewal,,6.1,Selfie uploaded,KYC_SELFIE_REUPLOAD_REQUIRED,8,
FULLERTON,2.LMTD,AD,,6.11,Selfie uploaded,KYC_SELFIE_REUPLOAD_REQUIRED,18,
PIRAMAL,2.LMTD,Renewal,,0,Total leads,LEAD_CLOSURE_INITIATED,344,
FULLERTON,2.LMTD,AD,,3.15,Bureau pull success,OFFER_RANKING_INITIATED,444,
NACL,2.LMTD,TOP UP,,2.1,Workable leads,BUREAU_ADDITIONAL_DATA_REQUIRED,12,
NACL,2.LMTD,TOP UP,,9.1,Disbursal acc verified,KYB_BUSINESS_DETAILS_NOT_REQUIRED,1127,
SHRIRAM,2.LMTD,Fresh,,2.13,Workable leads,BUREAU_INITIATED,4,
FULLERTON,2.LMTD,AD,,7.11,KYC completed,SERVICEABILITY_REJECTED,91,
FULLERTON,2.LMTD,Renewal,,11.25,Mandate done,INITIATE_MOB_TO_UDYAM_REQUEST,1396,
FULLERTON_BUREAU,2.LMTD,Fresh,,12.24,Application submitted by user,BANK_QC_DOC_RE_UPLOADED,36,
FULLERTON,2.LMTD,Renewal,,11.32,Mandate done,BUSINESS_PROOF_PREFILL_FAILURE_V2,1395,
NACL,2.LMTD,Fresh,,2.05,Workable leads,PAN_DEDUPE_FAILED,2,
MFL,2.LMTD,Renewal,,11.23,Mandate done,BANK_QC_DOC_UPLOAD_REQUIRED,3,
PIRAMAL,2.LMTD,TOP UP,,11.11,Mandate done,SETTLEMENT_BANK_VALIDATION_REQUIRED_V2,1057,
NACL,2.LMTD,Fresh,,8.11,BRE2 completed,BANK_VERIFICATION_FAILURE,39,
PIRAMAL,2.LMTD,Renewal,,0,Total leads,APPROVED_BY_BUSINESS,12,
NACL,2.LMTD,Renewal,,6.09,Selfie uploaded,KYC_RETRYABLE_FAILURE,70,
PIRAMAL,2.LMTD,TOP UP,,15.12,Lead closed,LENDING_CIF_SUBMIT_SUCCESS,1000,
MFL,2.LMTD,Fresh,,14.17,Disbursed,UDYAM_VALIDATION_FAILURE_V2,10,
FULLERTON,2.LMTD,Fresh,,8.18,BRE2 completed,MAQUETTE_FRAUD_CHECK_FAILURE,99,
MFL,2.LMTD,TOP UP,,0,Total leads,BANK_QC_DOC_RE_UPLOAD_REQUIRED,8,
FULLERTON,2.LMTD,AD,,2.12,Workable leads,EMAIL_VERIFICATION_SUCCESS,1,
SHRIRAM,2.LMTD,Renewal,,11.1,Mandate done,EMANDATE_SUCCESS,744,
FULLERTON_BUREAU,2.LMTD,Fresh,,4.1,BRE1 completed,BRE1_SUCCESS,10,
SHRIRAM,2.LMTD,Fresh,,7.11,KYC completed,BRE2_REQUESTED,4380,
PIRAMAL,2.LMTD,Renewal,,7.11,KYC completed,LAS_KYC_AUDIT_REQUESTED,962,
FULLERTON,2.LMTD,Fresh,,12.48,Application submitted by user,LMS_SANCTION_ID_NOT_FOUND,7799,
FULLERTON,2.LMTD,Renewal,,11.24,Mandate done,BUSINESS_PROOF_UDYAM_VERIFICATION_FAILURE,1595,
SHRIRAM,2.LMTD,Renewal,,14.11,Disbursed,LENDING_CIF_SUBMIT_SUCCESS,433,
MFL,2.LMTD,TOP UP,,6.2,Selfie uploaded,KYC_INITIATED,1977,
SHRIRAM,2.LMTD,Renewal,,13.1,Submit to LMS,LMS_SUBMIT_APPLICATION_SUCCESS,635,
NACL,2.LMTD,Fresh,,6.03,Selfie uploaded,LENDER_CREATE_APPLICATION_INITIATED,2748,
MFL,2.LMTD,Renewal,,12.28,Application submitted by user,APPROVED_BY_BUSINESS,12,
PIRAMAL,2.LMTD,BT,,2.12,Workable leads,BUREAU_ADDITIONAL_DATA_REQUIRED,14,
FULLERTON_BUREAU,2.LMTD,Fresh,,12.3,Application submitted by user,PANEL_SUCCESS,108,
NACL,2.LMTD,Fresh,,12.3,Application submitted by user,LOAN_APPLICATION_ON_HOLD,27,
SHRIRAM,2.LMTD,Renewal,,11.22,Mandate done,BUSINESS_PROOF_UDYAM_VERIFICATION_PENDING,631,
NACL,2.LMTD,TOP UP,,14.01,Disbursed,LMS_CALLBACK_SUCCESS,622,
NACL,2.LMTD,Fresh,,11.18,Mandate done,MOB_TO_UDYAM_FETCHED,92,
SHRIRAM,2.LMTD,Renewal,,12.12,Application submitted by user,BUSINESS_PROOF_UDYAM_VERIFICATION_SUCCESS,239,
MFL,2.LMTD,Fresh,,11.18,Mandate done,LOAN_AGREEMENT_PENDING,504,
FULLERTON,2.LMTD,Renewal,,1.1400000000000001,Total leads,LOM_OFFER_RANKING_REJECTED,117,
PIRAMAL,2.LMTD,Renewal,,7.22,KYC completed,KYC_CALLBACK_SUCCESS,962,
NACL,2.LMTD,Fresh,,12.24,Application submitted by user,LENDER_OFFER_EXPIRED,12,
SHRIRAM,1.MTD,Renewal,,14.11,Disbursed,LENDING_CIF_SUBMIT_SUCCESS,680,
MFL,1.MTD,TOP UP,,6.2,Selfie uploaded,KYC_INITIATED,3095,
SHRIRAM,1.MTD,Renewal,,13.1,Submit to LMS,LMS_SUBMIT_APPLICATION_SUCCESS,1068,
NACL,1.MTD,Fresh,,6.03,Selfie uploaded,LENDER_CREATE_APPLICATION_INITIATED,3070,
MFL,1.MTD,Renewal,,12.28,Application submitted by user,APPROVED_BY_BUSINESS,25,
PIRAMAL,1.MTD,BT,,2.12,Workable leads,BUREAU_ADDITIONAL_DATA_REQUIRED,30,
FULLERTON_BUREAU,1.MTD,Fresh,,12.3,Application submitted by user,PANEL_SUCCESS,169,
NACL,1.MTD,Fresh,,12.3,Application submitted by user,LOAN_APPLICATION_ON_HOLD,14,
SHRIRAM,1.MTD,Renewal,,11.22,Mandate done,BUSINESS_PROOF_UDYAM_VERIFICATION_PENDING,997,
NACL,1.MTD,TOP UP,,14.01,Disbursed,LMS_CALLBACK_SUCCESS,380,
NACL,1.MTD,Fresh,,11.18,Mandate done,MOB_TO_UDYAM_FETCHED,57,
SHRIRAM,1.MTD,Renewal,,12.12,Application submitted by user,BUSINESS_PROOF_UDYAM_VERIFICATION_SUCCESS,306,
MFL,1.MTD,Fresh,,11.18,Mandate done,LOAN_AGREEMENT_PENDING,197,
FULLERTON,1.MTD,Renewal,,1.1400000000000001,Total leads,LOM_OFFER_RANKING_REJECTED,89,
PIRAMAL,1.MTD,Renewal,,7.22,KYC completed,KYC_CALLBACK_SUCCESS,995,
NACL,1.MTD,Fresh,,12.24,Application submitted by user,LENDER_OFFER_EXPIRED,186,
PIRAMAL,1.MTD,Fresh,,9.1,Disbursal acc verified,BANKING_ACTION_DONE,2196,
NACL,1.MTD,Fresh,,13.02,Submit to LMS,LMS_CALLBACK_REJECTED,14,
FULLERTON,1.MTD,Renewal,,5.11,Loan offer accepted,LRE_FLOW_COMPLETED,6096,
FULLERTON_BUREAU,1.MTD,Fresh,,12.52,Application submitted by user,LENDER_LIMIT_ENHANCEMENT_SUCCESS,15,
SHRIRAM,1.MTD,Fresh,,3.16,Bureau pull success,OFFER_RANKING_INITIATED,2662,
PIRAMAL,1.MTD,Renewal,,11.11,Mandate done,SETTLEMENT_BANK_VALIDATION_REQUIRED_V2,385,
PIRAMAL,1.MTD,Fresh,,15.13,Lead closed,LAS_LENDER_AUDIT_SUCCESS,2043,
FULLERTON,1.MTD,AD,,5.12,Loan offer accepted,KYC_IN_PROGRESS,161,
FULLERTON,1.MTD,Fresh,,11.13,Mandate done,SETTLEMENT_BANK_VALIDATION_SUCCESS_V2,9307,
SHRIRAM,1.MTD,Fresh,,3.18,Bureau pull success,OFFER_RANKING_SUCCESS,2,
FULLERTON_BUREAU,1.MTD,Renewal,,11.14,Mandate done,PAN_QC_DOC_UPLOAD_REQUIRED,7,
FULLERTON,1.MTD,Fresh,,11.18,Mandate done,SETTLEMENT_BANK_QC_DOC_UPLOADED,28,
MFL,1.MTD,Renewal,,7.13,KYC completed,BRE2_FAILURE,126,
FULLERTON,1.MTD,Fresh,,11.15,Mandate done,PAN_QC_DOC_UPLOADED,98,
FULLERTON,1.MTD,AD,,12.43,Application submitted by user,LIS_DATA_UPDATE_REQUEST_SUCCESS,82,
FULLERTON,1.MTD,TOP UP,,12.29,Application submitted by user,LOAN_QC_REJECTED,20,
SHRIRAM,1.MTD,Fresh,,10.1,Review submit,LOAN_AGREEMENT_SUCCESS,4001,
PIRAMAL,1.MTD,Fresh,,8.14,BRE2 completed,BANK_VALIDATION_PENDING,501,
FULLERTON_BUREAU,1.MTD,Fresh,,2.21,Workable leads,INITIATE_BUREAU,11,
NACL,1.MTD,Fresh,,12.46,Application submitted by user,LENDER_MVR_SHARING_INITIATED,974,
PIRAMAL,1.MTD,Fresh,,5.11,Loan offer accepted,LIS_CREATE_APPLICATION_SUCCESS,6873,
SHRIRAM,1.MTD,Fresh,,6.11,Selfie uploaded,LIS_CREATE_APPLICATION_PENDING,7482,
MFL,1.MTD,TOP UP,,3.12,Bureau pull success,BRE1_FAILURE,2332,
PIRAMAL,1.MTD,Fresh,,12.27,Application submitted by user,LOAN_APPLICATION_REJECTED,70,
FULLERTON,1.MTD,Fresh,,3.16,Bureau pull success,OFFER_RANKING_REJECTED,3,
NACL,1.MTD,TOP UP,,3.02,Bureau pull success,BRE1_REQUESTED,7124,
NACL,1.MTD,TOP UP,,6.03,Selfie uploaded,LENDER_CREATE_APPLICATION_INITIATED,1991,
SHRIRAM,1.MTD,Fresh,,12.35,Application submitted by user,PAN_DEDUPE_FAILED,1,
MFL,1.MTD,TOP UP,,2.17,Workable leads,BUREAU_OTP_SKIPPED,1,
NACL,1.MTD,TOP UP,,6.01,Selfie uploaded,KYC_SELFIE_UPLOADED,1992,
MFL,1.MTD,Renewal,,12.14,Application submitted by user,LENDER_UPDATE_APPLICATION_SUCCESS,178,
FULLERTON,1.MTD,Fresh,,12.24,Application submitted by user,BANK_QC_DOC_RE_UPLOADED,46,
SHRIRAM,1.MTD,Renewal,,11.11,Mandate done,SETTLEMENT_BANK_VALIDATION_REQUIRED_V2,1143,
MFL,1.MTD,Renewal,,0,Total leads,LENDER_ACCEPT_OFFER_INITIATED_V2,97,
SHRIRAM,1.MTD,Fresh,,12.19,Application submitted by user,PAN_QC_DOC_RE_UPLOADED,32,
PIRAMAL,1.MTD,BT,,6.18,Selfie uploaded,KYC_SELFIE_REUPLOAD_REQUIRED,41,
PIRAMAL,2.LMTD,Fresh,,9.1,Disbursal acc verified,BANKING_ACTION_DONE,2800,
FULLERTON,2.LMTD,Renewal,,5.11,Loan offer accepted,LRE_FLOW_COMPLETED,5260,
FULLERTON_BUREAU,2.LMTD,Fresh,,12.52,Application submitted by user,LENDER_LIMIT_ENHANCEMENT_SUCCESS,13,
SHRIRAM,2.LMTD,Fresh,,3.16,Bureau pull success,OFFER_RANKING_INITIATED,2178,
PIRAMAL,2.LMTD,Renewal,,11.11,Mandate done,SETTLEMENT_BANK_VALIDATION_REQUIRED_V2,388,
PIRAMAL,2.LMTD,Fresh,,15.13,Lead closed,LAS_LENDER_AUDIT_SUCCESS,1903,
FULLERTON,2.LMTD,AD,,5.12,Loan offer accepted,KYC_IN_PROGRESS,437,
FULLERTON,2.LMTD,Fresh,,11.13,Mandate done,SETTLEMENT_BANK_VALIDATION_SUCCESS_V2,10085,
PYFL,1.MTD,Fresh,,13.13,Application submitted by user,QC_ACTION_PENDING,1360,
PIRAMAL AA,1.MTD,Fresh,,10.1,Disbursal acc verified,PENNY_DROP_COMPLETED,13903,
,1.MTD,Fresh,,1001,Unmapped,LENDER_LEAD_UPDATE_UPDATE_LOAN_OFFER_DETAILS,25,
,1.MTD,Fresh,true,5.16,Marketplace Offer Selected,LO_LEAD_CREATION_SUCCESS,350867,
VCL,1.MTD,BT,,14.16,Submit to LMS,LOAN_DISBURSEMENT_T2_FAILURE,2,
,1.MTD,Fresh,false,3.13,Bureau pull success,BRE1_FAILED,213648,
TCL,1.MTD,Renewal,,6.13,Child Lead Created,PENNY_DROP_FAILED,52,
TCL,1.MTD,Renewal,,12.12,Mandate done,VKYC_USER_SKIP,315,
KSF,1.MTD,Fresh,,13.13,Application submitted by user,LENDER_AUDIT_TRAIL_UPLOAD_INIT,28372,
UCL,1.MTD,MicroML,,7.13,Selfie uploaded,LENDER_CREATE_APPLICATION_REJECTED,1857,
PYFL,1.MTD,Renewal,,14.24,Submit to LMS,LMS_ACCOUNT_ACTIVE,4315,
,1.MTD,BT,false,3.1,Bureau pull success,BUREAU_PULL_SUCCESS,3103,
,1.MTD,Fresh,,2.16,Workable leads,BUREAU_ADR_REQUIRED,10,
,1.MTD,Fresh,false,1.1,Total leads,RESET_IN_PROCESS,138408,
,1.MTD,Fresh,,1001,Unmapped,KYC_REJECTED,54,
UCL,1.MTD,Fresh,,13.4,Application submitted by user,TECHNICAL_FAILURE_LMS_LAN_CREATE,2,
VCL,1.MTD,BT,,11.11,Review submit,LENDER_SHARE_RPS,1580,
,1.MTD,BT,false,4.11,BRE1 completed,MARKETPLACE_INPUT_REQUIRED,1439,
,1.MTD,MicroML,true,2.11,Workable leads,PAN_DEDUPE_FAILED,2201,
TCL,1.MTD,Fresh,,13.34,Application submitted by user,PDC_SUCCESS,682,
KSF,1.MTD,Fresh,,0,Total leads,TF_MAQUETTE_BRE2,3,
TCL,1.MTD,Renewal,,1.13,Total leads,LRE_PARENT,1229,
,1.MTD,Fresh,,1001,Unmapped,ADDITIONAL_DATA_REQUIRED,703,
PIRAMAL AA,1.MTD,Fresh,,0,Total leads,LENDER_BANK_DETAILS_SHARING_INITIATED,17435,
UCL,1.MTD,Fresh,,9.16,BRE2 completed,LENDER_BANK_SHARING_INITIATED,13087,
KSF,1.MTD,TOP UP,,12.2,Mandate done,AGENT_APPROVED,2428,
PYFL,1.MTD,Renewal,,15.1,Disbursed,LOAN_DISBURSEMENT_COMPLETED,4309,
PYFL,1.MTD,Fresh,,0,Total leads,TF_LRE_RANKING,24,
PYFL,1.MTD,Fresh,,0,Total leads,EMANDATE_SUCCESS,9760,
VCL,1.MTD,BT,,14.11,Submit to LMS,LMS_PDC_CHECK_INITIATE,949,
KSF,1.MTD,Fresh,,8.17,KYC completed,LENDER_BRE_INITIATED,51907,
PYFL,1.MTD,Fresh,,13.18,Application submitted by user,INITIATE_DISBURSAL_ACCOUNT_NAME_MATCH_QC_DOC_REUPLOAD,16,
,1.MTD,Fresh,,1001,Unmapped,KYC_INITIATED_EKYC,360,
UCL,1.MTD,Fresh,,14.16,Submit to LMS,LMS_FETCH_RPS_INITIATED,5714,
KSF,1.MTD,Fresh,,0,Total leads,TF_LENDER_BANK_SHARING,5,
VCL,1.MTD,BT,,14.24,Submit to LMS,LMS_PG_STATUS_FAILED,1,
,1.MTD,Fresh,true,3.13,Bureau pull success,BRE1_FAILED,778365,
UCL,1.MTD,MicroML,,0,Total leads,KYC_REUSABILITY_FAILURE,587,
TCL,1.MTD,Fresh,,10.11,Disbursal acc verified,ADDRESS_VALIDATION_FAILURE,30,
TCL,1.MTD,Fresh,,10.1,Disbursal acc verified,AWAIT_OFFER_ACCEPT,1037,
TCL,1.MTD,Fresh,,0,Total leads,FI_ON_HOLD,18,
UCL,1.MTD,Fresh,,11.17,Review submit,EMANDATE_REQUIRED,8553,
PYFL,1.MTD,Renewal,,13.25,Application submitted by user,FI_REJECTED,359,
,1.MTD,MicroML,true,2.17,Workable leads,RE_INITIATE_BUREAU,242,
,1.MTD,Fresh,,1001,Unmapped,LENDER_LEAD_UPDATE_UPDATE_CONSENTS_DETAILS,21,
VCL,1.MTD,BT,,1.15,Total leads,LRE_PARENT,1,
UCL,1.MTD,Fresh,,12.15,Mandate done,BP_FAILURE,200,
TCL,1.MTD,Renewal,,13.24,Application submitted by user,LENDER_MVR_UPLOAD_INIT,818,
,1.MTD,REPEAT,false,3.11,Bureau pull success,BRE1_INITIATE,249,
UCL,1.MTD,Fresh,,13.15,Application submitted by user,QC_REJECTED,54,
SHRIRAM,2.LMTD,Fresh,,3.18,Bureau pull success,OFFER_RANKING_SUCCESS,1,
FULLERTON_BUREAU,2.LMTD,Renewal,,11.14,Mandate done,PAN_QC_DOC_UPLOAD_REQUIRED,5,
PIRAMAL,2.LMTD,BT,,12.38,Application submitted by user,LOAN_APPLICATION_ON_HOLD,1,
FULLERTON,2.LMTD,Fresh,,11.18,Mandate done,SETTLEMENT_BANK_QC_DOC_UPLOADED,22,
FULLERTON,2.LMTD,Renewal,,15.1,Lead closed,LEAD_SUCCESSFULLY_CLOSED,1675,
PIRAMAL,2.LMTD,Fresh,,12.15,Application submitted by user,QC_REJECTED,1,
MFL,2.LMTD,Fresh,,12.1,Application submitted by user,UC_SKIPPED,27,
SHRIRAM,2.LMTD,Renewal,,12.22,Application submitted by user,SETTLEMENT_BANK_QC_DOC_RE_UPLOAD_REQUIRED,15,
NACL,2.LMTD,Fresh,,12.26,Application submitted by user,LOAN_APPLICATION_ACCEPTED,1025,
MFL,2.LMTD,Renewal,,7.13,KYC completed,BRE2_FAILURE,105,
FULLERTON,2.LMTD,Fresh,,11.15,Mandate done,PAN_QC_DOC_UPLOADED,86,
FULLERTON,2.LMTD,AD,,12.43,Application submitted by user,LIS_DATA_UPDATE_REQUEST_SUCCESS,213,
FULLERTON,2.LMTD,TOP UP,,12.29,Application submitted by user,LOAN_QC_REJECTED,20,
SHRIRAM,2.LMTD,Fresh,,10.1,Review submit,LOAN_AGREEMENT_SUCCESS,3129,
PIRAMAL,2.LMTD,Fresh,,8.14,BRE2 completed,BANK_VALIDATION_PENDING,583,
FULLERTON_BUREAU,2.LMTD,Fresh,,2.21,Workable leads,INITIATE_BUREAU,10,
NACL,2.LMTD,Fresh,,12.46,Application submitted by user,LENDER_MVR_SHARING_INITIATED,822,
PIRAMAL,2.LMTD,Fresh,,5.11,Loan offer accepted,LIS_CREATE_APPLICATION_SUCCESS,6838,
SHRIRAM,2.LMTD,Fresh,,6.11,Selfie uploaded,LIS_CREATE_APPLICATION_PENDING,6346,
MFL,2.LMTD,TOP UP,,3.12,Bureau pull success,BRE1_FAILURE,1649,
PIRAMAL,2.LMTD,Fresh,,12.27,Application submitted by user,LOAN_APPLICATION_REJECTED,60,
FULLERTON,2.LMTD,Fresh,,3.16,Bureau pull success,OFFER_RANKING_REJECTED,2,
NACL,2.LMTD,TOP UP,,3.02,Bureau pull success,BRE1_REQUESTED,5049,
NACL,2.LMTD,TOP UP,,6.03,Selfie uploaded,LENDER_CREATE_APPLICATION_INITIATED,1751,
NACL,2.LMTD,TOP UP,,6.01,Selfie uploaded,KYC_SELFIE_UPLOADED,1751,
MFL,2.LMTD,Renewal,,12.14,Application submitted by user,LENDER_UPDATE_APPLICATION_SUCCESS,202,
FULLERTON,2.LMTD,Fresh,,12.24,Application submitted by user,BANK_QC_DOC_RE_UPLOADED,78,
SHRIRAM,2.LMTD,Renewal,,11.11,Mandate done,SETTLEMENT_BANK_VALIDATION_REQUIRED_V2,744,
SHRIRAM,2.LMTD,Fresh,,12.19,Application submitted by user,PAN_QC_DOC_RE_UPLOADED,4,
PIRAMAL,2.LMTD,BT,,6.18,Selfie uploaded,KYC_SELFIE_REUPLOAD_REQUIRED,7,
MFL,2.LMTD,Fresh,,12.14,Application submitted by user,LENDER_UPDATE_APPLICATION_SUCCESS,482,
FULLERTON_BUREAU,2.LMTD,Fresh,,2.14,Workable leads,INITIATE_PAN_MERCHANT_AADHAAR_VALIDATION,1,
FULLERTON,2.LMTD,Renewal,,14.18,Disbursed,BUSINESS_PROOF_QC_SKIPPED,695,
SHRIRAM,2.LMTD,Fresh,,2.14,Workable leads,BUREAU_OTP_REQUIRED,2,
FULLERTON,2.LMTD,Fresh,,14.1,Disbursed,LMS_CALLBACK_SUCCESS,7930,
FULLERTON,2.LMTD,AD,,2.1,Workable leads,LEAD_CREATED,770,
FULLERTON_BUREAU,2.LMTD,Renewal,,5.12,Loan offer accepted,KYC_IN_PROGRESS,3552,
MFL,2.LMTD,TOP UP,,3.11,Bureau pull success,BRE1_REQUESTED,3483,
FULLERTON,2.LMTD,TOP UP,,5.12,Loan offer accepted,KYC_IN_PROGRESS,25567,
SHRIRAM,2.LMTD,Renewal,,11.29,Mandate done,BUSINESS_PROOF_PREFILL_FAILURE_V2,348,
PIRAMAL,2.LMTD,Renewal,,7.23,KYC completed,BRE2_SUCCESS,453,
MFL,1.MTD,Fresh,,12.14,Application submitted by user,LENDER_UPDATE_APPLICATION_SUCCESS,344,
FULLERTON,1.MTD,Renewal,,14.18,Disbursed,BUSINESS_PROOF_QC_SKIPPED,991,
FULLERTON,1.MTD,Fresh,,14.1,Disbursed,LMS_CALLBACK_SUCCESS,8243,
FULLERTON,1.MTD,Renewal,,0,Total leads,LUP_CREATION_FAILURE,5,
FULLERTON,1.MTD,AD,,2.1,Workable leads,LEAD_CREATED,293,
MFL,1.MTD,TOP UP,,0,Total leads,BRE1_REQUEST_FAILURE,1,
FULLERTON_BUREAU,1.MTD,Renewal,,5.12,Loan offer accepted,KYC_IN_PROGRESS,4432,
MFL,1.MTD,TOP UP,,3.11,Bureau pull success,BRE1_REQUESTED,4874,
FULLERTON,1.MTD,TOP UP,,5.12,Loan offer accepted,KYC_IN_PROGRESS,22193,
SHRIRAM,1.MTD,Renewal,,11.29,Mandate done,BUSINESS_PROOF_PREFILL_FAILURE_V2,615,
PIRAMAL,1.MTD,Renewal,,7.23,KYC completed,BRE2_SUCCESS,427,
FULLERTON,1.MTD,Fresh,,3.11,Bureau pull success,BRE1_REQUESTED,58,
NACL,1.MTD,Fresh,,12.16,Application submitted by user,SETTLEMENT_BANK_QC_DOC_RE_UPLOAD_REQUIRED,12,
FULLERTON,1.MTD,Renewal,,8.14,BRE2 completed,ADDITIONAL_DATA_NOT_REQUIRED,3267,
FULLERTON_BUREAU,1.MTD,Renewal,,8.19,BRE2 completed,FETCH_SETTLEMENT_BANK_ACCOUNT,1733,
SHRIRAM,1.MTD,Renewal,,14.18,Disbursed,BUSINESS_PROOF_QC_SKIPPED,300,
MFL,1.MTD,Fresh,,11.21,Mandate done,PAN_QC_DOC_UPLOAD_REQUIRED,14,
SHRIRAM,1.MTD,Renewal,,5.12,Loan offer accepted,KYC_SELFIE_REQUIRED,1963,
MFL,1.MTD,TOP UP,,2.11,Workable leads,DATA_PREFILL_SUCCESS,4876,
FULLERTON,1.MTD,Fresh,,12.42,Application submitted by user,LIS_DATA_UPDATE_FAILED,61,
FULLERTON_BUREAU,1.MTD,Fresh,,6.1,Selfie uploaded,KYC_SELFIE_UPLOADED,11994,
FULLERTON,1.MTD,TOP UP,,7.11,KYC completed,SERVICEABILITY_REJECTED,39,
PIRAMAL,1.MTD,Fresh,,7.2,KYC completed,BRE2_FAILURE,2070,
PIRAMAL,1.MTD,BT,,12.41,Application submitted by user,LAS_DATA_VERIFICATION_REQUESTED,408,
FULLERTON_BUREAU,1.MTD,Renewal,,12.37,Application submitted by user,BUSINESS_APPROVAL_NOT_REQUIRED,1365,
FULLERTON,1.MTD,Fresh,,14.19,Disbursed,LENDING_CIF_UPDATE_SUCCESS,1828,
MFL,1.MTD,TOP UP,,11.1,Mandate done,EMANDATE_SUCCESS,1354,
FULLERTON,1.MTD,Fresh,,12.47,Application submitted by user,LIS_SUBMIT_SUCCESS,8325,
FULLERTON,1.MTD,AD,,15.1,Lead closed,LEAD_SUCCESSFULLY_CLOSED,81,
FULLERTON,1.MTD,TOP UP,,11.11,Mandate done,SETTLEMENT_BANK_VALIDATION_REQUIRED_V2,11364,
PIRAMAL,1.MTD,BT,,13.1,Submit to LMS,LMS_SUBMIT_APPLICATION_SUCCESS,408,
MFL,1.MTD,Fresh,,0,Total leads,LENDER_ACCEPT_OFFER_FAILURE_V2,2,
PIRAMAL,1.MTD,BT,,8.13,BRE2 completed,KYB_FETCH_MPA_SUCCESS,557,
FULLERTON_BUREAU,1.MTD,Renewal,,12.45,Application submitted by user,LENDER_DOCUMENT_UPLOAD_SUCCESS,1346,
PIRAMAL,1.MTD,TOP UP,,8.15,BRE2 completed,BANK_VERIFICATION_FAILURE,16,
SHRIRAM,1.MTD,Renewal,,1.11,Total leads,LEAD_FAILURE,1271,
FULLERTON,2.LMTD,Fresh,,3.11,Bureau pull success,BRE1_REQUESTED,56,
NACL,2.LMTD,Fresh,,12.16,Application submitted by user,SETTLEMENT_BANK_QC_DOC_RE_UPLOAD_REQUIRED,11,
FULLERTON,2.LMTD,Renewal,,8.14,BRE2 completed,ADDITIONAL_DATA_NOT_REQUIRED,2892,
FULLERTON_BUREAU,2.LMTD,Renewal,,8.19,BRE2 completed,FETCH_SETTLEMENT_BANK_ACCOUNT,1331,
KSF,1.MTD,TOP UP,,14.18,Submit to LMS,LMS_FETCH_RPS_FETCHED,2088,
,1.MTD,Fresh,,1001,Unmapped,LENDER_MANDATE_DETAILS_SHARING_INITIATED,125,
PYFL,1.MTD,Renewal,,0,Total leads,TF_FETCH_SHOP_ADDR,1,
TCL,1.MTD,Renewal,,14.2,Submit to LMS,TF_LENDER_RPS_CALCULATION,271,
,1.MTD,MicroML,true,1.1,Total leads,RESET_IN_PROCESS,87872,
,1.MTD,REPEAT,true,4.1,BRE1 completed,BRE1_SUCCESS,4447,
,1.MTD,Renewal,true,5.16,Marketplace Offer Selected,LO_LEAD_CREATION_SUCCESS,69488,
UCL,1.MTD,MicroML,,12.2,Mandate done,UC_DETAILS_CAPTURED,6884,
PYFL,1.MTD,Renewal,,13.17,Application submitted by user,INITIATE_SETTLEMENT_ACCOUNT_NAME_MATCH_QC_DOC_UPLOAD,787,
UCL,1.MTD,MicroML,,11.15,Review submit,BP_MOBILE_UDYAM_INIT,12021,
,1.MTD,Fresh,true,2.18,Workable leads,BUREAU_PULL_FAILED,162,
UCL,1.MTD,REPEAT,,8.21,KYC completed,LENDER_BRE_REJECTED,41,
,1.MTD,Fresh,,1001,Unmapped,OFFER_REVIEW,182,
UCL,1.MTD,MicroML,,9.14,BRE2 completed,PENNY_DROP_COMPLETED,24834,
PYFL,1.MTD,Fresh,,14.12,Submit to LMS,LMS_PDC_CHECK_INITIATE,13959,
,1.MTD,Fresh,,1001,Unmapped,KYC_INITIATED_DIGILOCKER,1895,
UCL,1.MTD,MicroML,,13.2,Application submitted by user,PDC_SUCCESS,7859,
TCL,1.MTD,Fresh,,12.1,Mandate done,EMANDATE_SUCCESS,754,
PYFL,1.MTD,Renewal,,7.28,Selfie uploaded,KYC_INITIATED_OFFLINE_AADHAAR,1678,
PYFL,1.MTD,Renewal,,9.19,BRE2 completed,PENNY_DROP_COMPLETED,12114,
,1.MTD,Fresh,true,1.1,Total leads,RESET_IN_PROCESS,772664,
PYFL,1.MTD,Renewal,,8.11,KYC completed,KYC_SUCCESS_DIGILOCKER,5532,
,1.MTD,Fresh,,1001,Unmapped,TECHNICAL_FAILURE_LENDER_UPDATE,63,
,1.MTD,Fresh,,1001,Unmapped,LENDER_PENNY_DROP_COMPLETED,125,
TCL,1.MTD,Fresh,,6.32,Child Lead Created,LENDER_APP_CREATE_SUCCESS,3199,
,1.MTD,Fresh,,1001,Unmapped,LENDER_DOC_UPLOAD_IN_PROGRESS_LOAN_AGREEMENT,21,
PYFL,1.MTD,Renewal,,7.27,Selfie uploaded,KYC_FAILED_DIGILOCKER,406,
KSF,1.MTD,Fresh,,6.15,Child Lead Created,BANK_NAME_MATCH_FAILED,7936,
UCL,1.MTD,MicroML,,8.13,KYC completed,SERVICIBILITY_SUCCESS,17913,
,1.MTD,Fresh,,1001,Unmapped,AGENT_APPROVED,74,
,1.MTD,Fresh,,1001,Unmapped,VKYC_REQUIRED,128,
,1.MTD,MicroML,true,2.18,Workable leads,BUREAU_PULL_FAILED,12,
,1.MTD,Fresh,,1001,Unmapped,LENDER_PAN_VERIFICATION_REJECTED,130,
TCL,1.MTD,Renewal,,13.36,Application submitted by user,FI_REJECTED,32,
PIRAMAL AA,1.MTD,Fresh,,0,Total leads,TF_LRE_RANKING,703,
VCL,1.MTD,BT,,0,Total leads,APPLICATION_SUBMISSION_SUCCESS,24,
UCL,1.MTD,REPEAT,,7.17,Selfie uploaded,KYC_INITIATED_DIGILOCKER,11065,
PYFL,1.MTD,Fresh,,10.15,Disbursal acc verified,LOAN_AGREEMENT_SUCCESS,11687,
UCL,1.MTD,Fresh,,0,Total leads,TF_FETCH_SHOP_NAME,1,
UCL,1.MTD,MicroML,,7.2,Selfie uploaded,KYC_FAILED_DIGILOCKER,2579,
UCL,1.MTD,MicroML,,0,Total leads,KYC_COMPLETED,17914,
KSF,1.MTD,Fresh,,13.2,Application submitted by user,FI_ON_HOLD,699,
PYFL,1.MTD,Fresh,,0,Total leads,TF_LENDER_BRE_INIT,17324,
TCL,1.MTD,Renewal,,14.1,Submit to LMS,LOAN_DISBURSEMENT_INITIATED,641,
,1.MTD,Fresh,,1001,Unmapped,PENNY_DROP_FAILED,3,
,1.MTD,BT,,1001,Unmapped,LENDER_APPICATION_CREATE_INITIATED,6,
TCL,1.MTD,Renewal,,7.15,Selfie uploaded,KYC_INITIATED_SEARCH_BY_AADHAR,409,
TCL,1.MTD,Fresh,,8.1,KYC completed,KYC_SUCCESS_SEARCH_BY_PAN,596,
SHRIRAM,2.LMTD,Renewal,,14.18,Disbursed,BUSINESS_PROOF_QC_SKIPPED,216,
MFL,2.LMTD,Fresh,,11.21,Mandate done,PAN_QC_DOC_UPLOAD_REQUIRED,21,
SHRIRAM,2.LMTD,Renewal,,5.12,Loan offer accepted,KYC_SELFIE_REQUIRED,1426,
PIRAMAL,2.LMTD,TOP UP,,0,Total leads,BANK_QC_DOC_RE_UPLOAD_REQUIRED,2,
MFL,2.LMTD,TOP UP,,2.11,Workable leads,DATA_PREFILL_SUCCESS,3485,
FULLERTON,2.LMTD,Fresh,,12.42,Application submitted by user,LIS_DATA_UPDATE_FAILED,46,
FULLERTON_BUREAU,2.LMTD,Fresh,,6.1,Selfie uploaded,KYC_SELFIE_UPLOADED,9398,
SHRIRAM,2.LMTD,Fresh,,2.18,Workable leads,BUREAU_ALTERNATE_MOBILE_NUMBER_REQUIRED,1,
FULLERTON,2.LMTD,TOP UP,,7.11,KYC completed,SERVICEABILITY_REJECTED,53,
PIRAMAL,2.LMTD,Fresh,,7.2,KYC completed,BRE2_FAILURE,1797,
PIRAMAL,2.LMTD,BT,,12.41,Application submitted by user,LAS_DATA_VERIFICATION_REQUESTED,294,
FULLERTON_BUREAU,2.LMTD,Renewal,,12.37,Application submitted by user,BUSINESS_APPROVAL_NOT_REQUIRED,1017,
FULLERTON,2.LMTD,Fresh,,14.19,Disbursed,LENDING_CIF_UPDATE_SUCCESS,1644,
MFL,2.LMTD,TOP UP,,11.1,Mandate done,EMANDATE_SUCCESS,864,
FULLERTON,2.LMTD,Fresh,,12.47,Application submitted by user,LIS_SUBMIT_SUCCESS,8419,
FULLERTON,2.LMTD,AD,,15.1,Lead closed,LEAD_SUCCESSFULLY_CLOSED,192,
FULLERTON,2.LMTD,TOP UP,,11.11,Mandate done,SETTLEMENT_BANK_VALIDATION_REQUIRED_V2,11947,
PIRAMAL,2.LMTD,BT,,13.1,Submit to LMS,LMS_SUBMIT_APPLICATION_SUCCESS,290,
PIRAMAL,2.LMTD,BT,,8.13,BRE2 completed,KYB_FETCH_MPA_SUCCESS,423,
FULLERTON_BUREAU,2.LMTD,Renewal,,12.45,Application submitted by user,LENDER_DOCUMENT_UPLOAD_SUCCESS,1010,
PIRAMAL,2.LMTD,TOP UP,,8.15,BRE2 completed,BANK_VERIFICATION_FAILURE,17,
SHRIRAM,2.LMTD,Renewal,,1.11,Total leads,LEAD_FAILURE,342,
PIRAMAL,2.LMTD,Renewal,,15.1,Lead closed,LEAD_SUCCESSFULLY_CLOSED,303,
NACL,2.LMTD,Fresh,,9.05,Disbursal acc verified,BUSINESS_PROOF_UDYAM_VERIFICATION_FAILURE,1181,
SHRIRAM,2.LMTD,Fresh,,1.19,Total leads,LEAD_CLOSURE_INITIATED,1426,
NACL,2.LMTD,TOP UP,,4.01,BRE1 completed,BRE1_SUCCESS,2242,
SHRIRAM,2.LMTD,Renewal,,12.28,Application submitted by user,PREDISBURSAL_INITIATED,697,
PIRAMAL,2.LMTD,Fresh,,9.13,Disbursal acc verified,KYB_FETCH_MPA_SUCCESS,2820,
FULLERTON,2.LMTD,Fresh,,14.12,Disbursed,LAS_LENDER_AUDIT_SUCCESS,7930,
PIRAMAL,2.LMTD,TOP UP,,0,Total leads,DATA_PREFILL_SUCCESS,5977,
MFL,2.LMTD,TOP UP,,11.13,Mandate done,SETTLEMENT_BANK_VALIDATION_REQUIRED_V2,864,
NACL,2.LMTD,TOP UP,,12.07,Application submitted by user,QC_ACTION_PENDING,85,
PIRAMAL,2.LMTD,Renewal,,7.16,KYC completed,BRE2_REQUESTED,961,
NACL,2.LMTD,Renewal,,12.45,Application submitted by user,LENDER_MVR_SHARING_INIT_FAILURE,127,
PIRAMAL,2.LMTD,TOP UP,,0,Total leads,INITIATE_BUREAU,11,
PIRAMAL,2.LMTD,Renewal,,2.1,Workable leads,LEAD_CREATED,1401,
FULLERTON,2.LMTD,TOP UP,,3.14,Bureau pull success,BRE1_FAILURE,29689,
NACL,2.LMTD,Fresh,,12.01,Application submitted by user,UC_IN_PROGRESS,668,
NACL,2.LMTD,TOP UP,,9.01,Disbursal acc verified,BANKING_ACTION_DONE,1127,
SHRIRAM,2.LMTD,Fresh,,11.13,Mandate done,PAN_QC_DOC_UPLOAD_REQUIRED,38,
FULLERTON,2.LMTD,AD,,10.1,Review submit,LOAN_AGREEMENT_SUCCESS,226,
PIRAMAL,1.MTD,Renewal,,15.1,Lead closed,LEAD_SUCCESSFULLY_CLOSED,370,
NACL,1.MTD,Fresh,,9.05,Disbursal acc verified,BUSINESS_PROOF_UDYAM_VERIFICATION_FAILURE,1129,
SHRIRAM,1.MTD,Fresh,,1.19,Total leads,LEAD_CLOSURE_INITIATED,1544,
NACL,1.MTD,TOP UP,,4.01,BRE1 completed,BRE1_SUCCESS,2264,
SHRIRAM,1.MTD,Renewal,,12.28,Application submitted by user,PREDISBURSAL_INITIATED,1116,
PIRAMAL,1.MTD,Fresh,,9.13,Disbursal acc verified,KYB_FETCH_MPA_SUCCESS,2222,
FULLERTON,1.MTD,Fresh,,14.12,Disbursed,LAS_LENDER_AUDIT_SUCCESS,8240,
PIRAMAL,1.MTD,TOP UP,,0,Total leads,DATA_PREFILL_SUCCESS,6280,
PIRAMAL,1.MTD,Fresh,,0,Total leads,RE_SUBMIT_DISBURSAL_BANK,1,
MFL,1.MTD,TOP UP,,11.13,Mandate done,SETTLEMENT_BANK_VALIDATION_REQUIRED_V2,1353,
NACL,1.MTD,TOP UP,,12.07,Application submitted by user,QC_ACTION_PENDING,113,
PIRAMAL,1.MTD,Renewal,,7.16,KYC completed,BRE2_REQUESTED,995,
NACL,1.MTD,Renewal,,12.45,Application submitted by user,LENDER_MVR_SHARING_INIT_FAILURE,592,
PIRAMAL,1.MTD,TOP UP,,0,Total leads,INITIATE_BUREAU,10,
PIRAMAL,1.MTD,Renewal,,2.1,Workable leads,LEAD_CREATED,1315,
FULLERTON,1.MTD,TOP UP,,3.14,Bureau pull success,BRE1_FAILURE,31047,
NACL,1.MTD,Fresh,,12.01,Application submitted by user,UC_IN_PROGRESS,842,
NACL,1.MTD,TOP UP,,9.01,Disbursal acc verified,BANKING_ACTION_DONE,905,
SHRIRAM,1.MTD,Fresh,,11.13,Mandate done,PAN_QC_DOC_UPLOAD_REQUIRED,49,
FULLERTON,1.MTD,AD,,10.1,Review submit,LOAN_AGREEMENT_SUCCESS,92,
FULLERTON,1.MTD,Renewal,,12.11,Application submitted by user,BUSINESS_PROOF_DOCUMENT_UPLOAD_SKIPPED,1609,
NACL,1.MTD,TOP UP,,15.01,Lead closed,LEAD_SUCCESSFULLY_CLOSED,380,
MFL,1.MTD,Fresh,,6.21,Selfie uploaded,KYC_SELFIE_REUPLOAD_REQUIRED,110,
FULLERTON,1.MTD,Renewal,,8.1,BRE2 completed,BRE2_COMPLETED,3267,
SHRIRAM,1.MTD,Fresh,,8.1,BRE2 completed,BRE2_COMPLETED,4461,
FULLERTON,1.MTD,Fresh,,0,Total leads,LENDER_LOAN_AGREEMENT_UPLOAD_FAILED,6,
SHRIRAM,1.MTD,Fresh,,14.18,Disbursed,BUSINESS_PROOF_QC_SKIPPED,634,
PIRAMAL,1.MTD,TOP UP,,0,Total leads,BRE1_FAILURE,3749,
PIRAMAL,1.MTD,Renewal,,12.22,Application submitted by user,DIY_FI_DOC_UPLOADED,41,
PIRAMAL,1.MTD,BT,,6.17,Selfie uploaded,KYC_FAILED,787,
MFL,1.MTD,Renewal,,0,Total leads,PAN_QC_DOC_RE_UPLOADED,1,
MFL,1.MTD,Renewal,,8.13,BRE2 completed,SETTLEMENT_BANK_DETAILS_FETCHED,194,
FULLERTON,1.MTD,AD,,12.48,Application submitted by user,LMS_SANCTION_ID_NOT_FOUND,63,
FULLERTON,1.MTD,Renewal,,8.15,BRE2 completed,BANK_VALIDATION_PENDING,936,
SHRIRAM,1.MTD,Fresh,,12.21,Application submitted by user,BANK_QC_DOC_RE_UPLOADED,21,
MFL,1.MTD,Fresh,,13.11,Submit to LMS,LMS_CALLBACK_REJECTED,10,
FULLERTON,1.MTD,AD,,12.31,Application submitted by user,PREDISBURSAL_INITIATED,83,
FULLERTON,1.MTD,Fresh,,6.11,Selfie uploaded,KYC_SELFIE_REUPLOAD_REQUIRED,755,
PIRAMAL,1.MTD,TOP UP,,10.13,Review submit,LUP_CREATION_SUCCESS,762,
FULLERTON_BUREAU,1.MTD,Fresh,,5.14,Loan offer accepted,INITIATE_FETCH_EMI_INFO,9,
PIRAMAL,1.MTD,TOP UP,,10.1,Review submit,LOAN_AGREEMENT_SUCCESS,783,
MFL,1.MTD,Fresh,,12.26,Application submitted by user,LOAN_APPLICATION_ON_HOLD,16,
PIRAMAL,1.MTD,BT,,1.15,Total leads,LOM_OFFER_RANKING_SUCCESS,18,
MFL,1.MTD,TOP UP,,3.1,Bureau pull success,BUREAU_SUCCESS,4875,
FULLERTON,1.MTD,AD,,11.1,Mandate done,EMANDATE_SUCCESS,86,
FULLERTON_BUREAU,1.MTD,Fresh,,12.5,Application submitted by user,LMS_SUBMIT_APPLICATION_FAILED,6,
MFL,1.MTD,Renewal,,5.11,Loan offer accepted,KYC_SELFIE_REQUIRED,301,
PIRAMAL,1.MTD,Renewal,,6.14,Selfie uploaded,KYC_SELFIE_UPLOADED,1283,
MFL,1.MTD,Fresh,,0,Total leads,LEAD_CLOSURE_INITIATED,257,
FULLERTON,1.MTD,Fresh,,12.12,Application submitted by user,BUSINESS_PROOF_UDYAM_VERIFICATION_SUCCESS,1277,
MFL,1.MTD,Renewal,,0,Total leads,LENDER_KFS_GENERATION_INIT_FAILURE,32,
FULLERTON,2.LMTD,Renewal,,12.11,Application submitted by user,BUSINESS_PROOF_DOCUMENT_UPLOAD_SKIPPED,1395,
NACL,2.LMTD,TOP UP,,15.01,Lead closed,LEAD_SUCCESSFULLY_CLOSED,622,
MFL,2.LMTD,Fresh,,6.21,Selfie uploaded,KYC_SELFIE_REUPLOAD_REQUIRED,115,
FULLERTON,2.LMTD,Renewal,,8.1,BRE2 completed,BRE2_COMPLETED,2892,
SHRIRAM,2.LMTD,Fresh,,8.1,BRE2 completed,BRE2_COMPLETED,3514,
PIRAMAL AA,1.MTD,Fresh,,0,Total leads,LOAN_DISBURSEMENT_SUCCESS,5249,
KSF,1.MTD,Fresh,,14.15,Submit to LMS,LOAN_DISBURSEMENT_FAILURE,45,
PIRAMAL AA,1.MTD,Fresh,,0,Total leads,LENDER_CREATE_APPLICATION_REJECTED,523,
,1.MTD,MicroML,true,1001,Unmapped,TF_MQT_BRE_1,376,
UCL,1.MTD,REPEAT,,13.32,Application submitted by user,LENDER_MANDATE_DETAILS_SHARING_INITIATED,478,
UCL,1.MTD,MicroML,,0,Total leads,MANDATE_REUSED,105,
KSF,1.MTD,TOP UP,,12.16,Mandate done,VKYC_DOCS_INIT_SUCCESS,3238,
,1.MTD,Fresh,,1001,Unmapped,LENDER_APP_CREATE_SUCCESS,1876,
TCL,1.MTD,Fresh,,12.14,Mandate done,AGENT_APPROVED,3712,
,1.MTD,Fresh,,1001,Unmapped,BANK_NAME_MATCH,22,
,1.MTD,Renewal,true,2.17,Workable leads,RE_INITIATE_BUREAU,135,
PIRAMAL AA,1.MTD,Fresh,,2.1,Workable leads,LEAD_CREATE,4,
PIRAMAL AA,1.MTD,Fresh,,0,Total leads,EMANDATE_SUCCESS,14027,
VCL,1.MTD,BT,,0,Total leads,LENDER_CREATE_APPLICATION_REJECTED,99,
PYFL,1.MTD,Renewal,,7.14,Selfie uploaded,LENDER_APP_CREATE_FAILED,274,
TCL,1.MTD,Fresh,,13.3,Application submitted by user,TF_LENDER_DATALAKE,22,
UCL,1.MTD,Fresh,,13.13,Application submitted by user,INITIATE_SETTLEMENT_ACCOUNT_NAME_MATCH_QC_DOC_REUPLOAD,97,
UCL,1.MTD,REPEAT,,8.19,KYC completed,LENDER_BRE_RETRY,77,
TCL,1.MTD,Fresh,,0,Total leads,VKYC_AGENT_OOO_SKIP,158,
,1.MTD,Fresh,false,2.15,Workable leads,BUREAU_ALT_MOBILE_REQUIRED,66198,
PYFL,1.MTD,Renewal,,13.26,Application submitted by user,FI_APPROVED,160,
KSF,1.MTD,TOP UP,,0,Total leads,TF_FETCH_DOC_INIT,1,
UCL,1.MTD,MicroML,,1.11,Total leads,LRE_MIGRATION,1,
PIRAMAL AA,1.MTD,Fresh,,0,Total leads,TF_KYC_INITIATED_DIGILOCKER,9,
UCL,1.MTD,REPEAT,,11.1,Review submit,REVIEW_OFFER_ACCEPTED,480,
PIRAMAL AA,1.MTD,Fresh,,0,Total leads,BRE1_SUCCESS,1,
TCL,1.MTD,Fresh,,7.13,Selfie uploaded,KYC_FAILED_SEARCH_BY_PAN,1791,
,1.MTD,Renewal,true,2.11,Workable leads,PAN_DEDUPE_FAILED,1477,
VCL,1.MTD,BT,,14.23,Submit to LMS,LMS_PG_STATUS_SUCCESS,162,
KSF,1.MTD,TOP UP,,14.17,Submit to LMS,LMS_FETCH_RPS_INITIATED,2083,
UCL,1.MTD,Fresh,,10.1,Disbursal acc verified,BANK_LINKING_SUCCESS,12302,
,1.MTD,Renewal,true,2.1,Workable leads,LEAD_CREATE,495991,
KSF,1.MTD,TOP UP,,0,Total leads,TF_FETCH_SETTLEMENT_ACCOUNT,2,
VCL,1.MTD,BT,,7.15,Selfie uploaded,KYC_SUCCESS_DIGILOCKER,2127,
PIRAMAL AA,1.MTD,Fresh,,0,Total leads,LENDER_AUDIT_TRAIL_UPLOAD_INIT,5924,
PYFL,1.MTD,Renewal,,10.13,Disbursal acc verified,LENDER_KYC_CONFIRMATION_IN_PROGRESS,6994,
PYFL,1.MTD,Renewal,,13.45,Application submitted by user,LENDER_GMV_UPLOAD_SUCCESS,5079,
PYFL,1.MTD,Fresh,,7.14,Selfie uploaded,LENDER_APP_CREATE_FAILED,367,
UCL,1.MTD,Fresh,,12.1,Mandate done,EMANDATE_SUCCESS,8628,
KSF,1.MTD,TOP UP,,13.23,Application submitted by user,PDC_INITIATE,2946,
UCL,1.MTD,MicroML,,6.1,Child Lead Created,ML_CHILD_LEAD_CREATED,43712,
TCL,1.MTD,Renewal,,14.18,Submit to LMS,LMS_ACCOUNT_ACTIVE,508,
,1.MTD,Fresh,false,2.11,Workable leads,PAN_DEDUPE_FAILED,13501,
UCL,1.MTD,REPEAT,,0,Total leads,MANDATE_REUSED,475,
,1.MTD,Fresh,,4.11,BRE1 completed,MARKETPLACE_INPUT_REQUIRED,121,
PYFL,1.MTD,Fresh,,7.17,Selfie uploaded,LEAD_REJECTED,26,
,1.MTD,Fresh,true,4.11,BRE1 completed,MARKETPLACE_INPUT_REQUIRED,1315787,
TCL,1.MTD,Renewal,,10.11,Disbursal acc verified,ADDRESS_VALIDATION_FAILURE,24,
,1.MTD,Fresh,false,1001,Unmapped,BUREAU_EXPIRY,12840,
,1.MTD,REPEAT,false,4.1,BRE1 completed,BRE1_SUCCESS,93,
PIRAMAL AA,1.MTD,Fresh,,8.12,KYC completed,AA_REPORT_RECEIVED,36015,
SHRIRAM,2.LMTD,Fresh,,14.18,Disbursed,BUSINESS_PROOF_QC_SKIPPED,450,
PIRAMAL,2.LMTD,TOP UP,,0,Total leads,BRE1_FAILURE,2949,
PIRAMAL,2.LMTD,Renewal,,12.22,Application submitted by user,DIY_FI_DOC_UPLOADED,32,
PIRAMAL,2.LMTD,BT,,6.17,Selfie uploaded,KYC_FAILED,316,
MFL,2.LMTD,Renewal,,0,Total leads,PAN_QC_DOC_RE_UPLOADED,4,
MFL,2.LMTD,Renewal,,8.13,BRE2 completed,SETTLEMENT_BANK_DETAILS_FETCHED,244,
FULLERTON,2.LMTD,AD,,12.48,Application submitted by user,LMS_SANCTION_ID_NOT_FOUND,170,
FULLERTON,2.LMTD,Renewal,,8.15,BRE2 completed,BANK_VALIDATION_PENDING,780,
SHRIRAM,2.LMTD,Fresh,,12.21,Application submitted by user,BANK_QC_DOC_RE_UPLOADED,11,
MFL,2.LMTD,Fresh,,13.11,Submit to LMS,LMS_CALLBACK_REJECTED,6,
FULLERTON,2.LMTD,AD,,12.31,Application submitted by user,PREDISBURSAL_INITIATED,216,
FULLERTON,2.LMTD,Fresh,,6.11,Selfie uploaded,KYC_SELFIE_REUPLOAD_REQUIRED,1132,
PIRAMAL,2.LMTD,TOP UP,,10.13,Review submit,LUP_CREATION_SUCCESS,1048,
FULLERTON_BUREAU,2.LMTD,Fresh,,5.14,Loan offer accepted,INITIATE_FETCH_EMI_INFO,10,
PIRAMAL,2.LMTD,TOP UP,,10.1,Review submit,LOAN_AGREEMENT_SUCCESS,1092,
MFL,2.LMTD,Fresh,,12.26,Application submitted by user,LOAN_APPLICATION_ON_HOLD,6,
MFL,2.LMTD,TOP UP,,3.1,Bureau pull success,BUREAU_SUCCESS,3483,
FULLERTON,2.LMTD,AD,,11.1,Mandate done,EMANDATE_SUCCESS,218,
FULLERTON_BUREAU,2.LMTD,Fresh,,12.5,Application submitted by user,LMS_SUBMIT_APPLICATION_FAILED,6,
MFL,2.LMTD,Renewal,,5.11,Loan offer accepted,KYC_SELFIE_REQUIRED,426,
PIRAMAL,2.LMTD,Renewal,,6.14,Selfie uploaded,KYC_SELFIE_UPLOADED,1298,
MFL,2.LMTD,Fresh,,0,Total leads,LEAD_CLOSURE_INITIATED,162,
FULLERTON,2.LMTD,Fresh,,12.12,Application submitted by user,BUSINESS_PROOF_UDYAM_VERIFICATION_SUCCESS,1363,
FULLERTON,2.LMTD,Fresh,,6.14,Selfie uploaded,KYC_RETRYABLE_FAILURE,1132,
PIRAMAL,2.LMTD,Fresh,,0,Total leads,SETTLEMENT_BANK_QC_DOC_RE_UPLOAD_REQUIRED,1,
NACL,2.LMTD,Fresh,,1.03,Total leads,LEAD_FAILURE,647,
NACL,2.LMTD,TOP UP,,9.06,Disbursal acc verified,BUSINESS_PROOF_UDYAM_VERIFICATION_SUCCESS,266,
PIRAMAL,2.LMTD,Fresh,,0,Total leads,BANK_QC_DOC_RE_UPLOAD_REQUIRED,50,
SHRIRAM,2.LMTD,Fresh,,1.1400000000000001,Total leads,LOM_LRE_MIGRATION_INITIATED,1768,
FULLERTON,2.LMTD,Fresh,,12.44,Application submitted by user,LENDER_DOCUMENT_UPLOAD_FAILURE,16,
PIRAMAL,2.LMTD,Renewal,,12.16,Application submitted by user,LOAN_QC_REJECTED,21,
SHRIRAM,2.LMTD,Fresh,,12.38,Application submitted by user,DIY_FI_DOC_UPLOADED,384,
FULLERTON,2.LMTD,TOP UP,,11.14,Mandate done,PAN_QC_DOC_UPLOAD_REQUIRED,64,
FULLERTON_BUREAU,2.LMTD,Renewal,,1.1,Total leads,LEAD_FAILURE,1606,
NACL,2.LMTD,Renewal,,9.1,Disbursal acc verified,KYB_BUSINESS_DETAILS_NOT_REQUIRED,621,
MFL,2.LMTD,Renewal,,0,Total leads,BANK_QC_DOC_RE_UPLOAD_REQUIRED,16,
FULLERTON,2.LMTD,TOP UP,,6.13,Selfie uploaded,KYC_FAILED,8293,
FULLERTON,2.LMTD,AD,,13.1,Submit to LMS,LMS_SUBMIT_APPLICATION_SUCCESS,210,
PIRAMAL,2.LMTD,BT,,6.15,Selfie uploaded,KYC_INITIATED,1233,
PIRAMAL,2.LMTD,BT,,10.11,Review submit,MAQUETTE_FRAUD_CHECK_FAILURE,1,
MFL,2.LMTD,Fresh,,14.11,Disbursed,LENDING_CIF_SUBMIT_SUCCESS,360,
SHRIRAM,2.LMTD,Fresh,,11.26,Mandate done,MOB_TO_UDYAM_NOT_FOUND_V2,1741,
FULLERTON,2.LMTD,Fresh,,6.13,Selfie uploaded,KYC_FAILED,16860,
FULLERTON,2.LMTD,TOP UP,,2.1,Workable leads,LEAD_CREATED,55293,
NACL,2.LMTD,TOP UP,,6.07,Selfie uploaded,KYC_FAILED,1221,
PIRAMAL,2.LMTD,Fresh,,8.11,BRE2 completed,FETCH_SETTLEMENT_BANK_ACCOUNT,2713,
FULLERTON,2.LMTD,Fresh,,12.45,Application submitted by user,LENDER_DOCUMENT_UPLOAD_SUCCESS,8520,
NACL,2.LMTD,Fresh,,12.27,Application submitted by user,DIY_FI_REQUIRED,119,
SHRIRAM,2.LMTD,Fresh,,12.18,Application submitted by user,PAN_QC_DOC_RE_UPLOAD_REQUIRED,4,
PIRAMAL,2.LMTD,Fresh,,7.12,KYC completed,LAS_KYC_AUDIT_FAILURE,2,
FULLERTON,1.MTD,Fresh,,6.14,Selfie uploaded,KYC_RETRYABLE_FAILURE,755,
PIRAMAL,1.MTD,Fresh,,0,Total leads,SETTLEMENT_BANK_QC_DOC_RE_UPLOAD_REQUIRED,1,
NACL,1.MTD,Fresh,,1.03,Total leads,LEAD_FAILURE,2478,
NACL,1.MTD,TOP UP,,9.06,Disbursal acc verified,BUSINESS_PROOF_UDYAM_VERIFICATION_SUCCESS,178,
PIRAMAL,1.MTD,Fresh,,0,Total leads,BANK_QC_DOC_RE_UPLOAD_REQUIRED,30,
SHRIRAM,1.MTD,Fresh,,12.16,Application submitted by user,PREDISBURSAL_FAILED,9,
SHRIRAM,1.MTD,Fresh,,1.1400000000000001,Total leads,LOM_LRE_MIGRATION_INITIATED,2152,
FULLERTON,1.MTD,Fresh,,12.44,Application submitted by user,LENDER_DOCUMENT_UPLOAD_FAILURE,15,
FULLERTON_BUREAU,1.MTD,Fresh,,0,Total leads,LENDER_LOAN_AGREEMENT_UPLOAD_SUCCESS,1038,
FULLERTON_BUREAU,1.MTD,Fresh,,3.14,Bureau pull success,BRE1_FAILURE,4,
PIRAMAL,1.MTD,Renewal,,12.16,Application submitted by user,LOAN_QC_REJECTED,20,
SHRIRAM,1.MTD,Fresh,,12.38,Application submitted by user,DIY_FI_DOC_UPLOADED,575,
SHRIRAM,1.MTD,Renewal,,3.1,Bureau pull success,BUREAU_SUCCESS,1,
FULLERTON,1.MTD,TOP UP,,11.14,Mandate done,PAN_QC_DOC_UPLOAD_REQUIRED,98,
FULLERTON_BUREAU,1.MTD,Renewal,,1.1,Total leads,LEAD_FAILURE,3562,
NACL,1.MTD,Renewal,,9.1,Disbursal acc verified,KYB_BUSINESS_DETAILS_NOT_REQUIRED,1058,
MFL,1.MTD,Renewal,,0,Total leads,BANK_QC_DOC_RE_UPLOAD_REQUIRED,2,
FULLERTON,1.MTD,TOP UP,,6.13,Selfie uploaded,KYC_FAILED,14068,
NACL,1.MTD,TOP UP,,11.12,Mandate done,KYB_SAVE_BUSINESS_DETAILS_SUCCESS,1,
FULLERTON,1.MTD,AD,,13.1,Submit to LMS,LMS_SUBMIT_APPLICATION_SUCCESS,83,
PIRAMAL,1.MTD,BT,,6.15,Selfie uploaded,KYC_INITIATED,4549,
PIRAMAL,1.MTD,BT,,10.11,Review submit,MAQUETTE_FRAUD_CHECK_FAILURE,15,
MFL,1.MTD,Fresh,,14.11,Disbursed,LENDING_CIF_SUBMIT_SUCCESS,616,
MFL,1.MTD,Renewal,,0,Total leads,LENDER_ACCEPT_OFFER_SUCCESS_V2,95,
SHRIRAM,1.MTD,Fresh,,11.26,Mandate done,MOB_TO_UDYAM_NOT_FOUND_V2,2528,
FULLERTON,1.MTD,Fresh,,6.13,Selfie uploaded,KYC_FAILED,22941,
FULLERTON,1.MTD,TOP UP,,2.1,Workable leads,LEAD_CREATED,53314,
NACL,1.MTD,TOP UP,,6.07,Selfie uploaded,KYC_FAILED,3346,
PIRAMAL,1.MTD,Fresh,,8.11,BRE2 completed,FETCH_SETTLEMENT_BANK_ACCOUNT,2208,
FULLERTON,1.MTD,Fresh,,12.45,Application submitted by user,LENDER_DOCUMENT_UPLOAD_SUCCESS,8462,
NACL,1.MTD,Fresh,,12.27,Application submitted by user,DIY_FI_REQUIRED,95,
SHRIRAM,1.MTD,Fresh,,12.18,Application submitted by user,PAN_QC_DOC_RE_UPLOAD_REQUIRED,33,
PIRAMAL,1.MTD,Fresh,,7.12,KYC completed,LAS_KYC_AUDIT_FAILURE,1,
NACL,1.MTD,Renewal,,13.02,Submit to LMS,LMS_CALLBACK_REJECTED,10,
FULLERTON_BUREAU,1.MTD,Renewal,,10.12,Review submit,EMANDATE_REQUIRED,1489,
MFL,1.MTD,TOP UP,,11.11,Mandate done,MOB2UDYAM_NOT_FOUND,637,
FULLERTON,1.MTD,Fresh,,11.14,Mandate done,PAN_QC_DOC_UPLOAD_REQUIRED,100,
PIRAMAL,1.MTD,Renewal,,0,Total leads,BANK_VALIDATION_FAILURE2,3,
PIRAMAL,1.MTD,BT,,4.11,BRE1 completed,KYC_SELFIE_REQUIRED,4761,
FULLERTON_BUREAU,1.MTD,Fresh,,7.17,KYC completed,BRE2_FAILURE,6370,
FULLERTON,1.MTD,TOP UP,,3.1,Bureau pull success,BUREAU_SUCCESS,53282,
SHRIRAM,1.MTD,Renewal,,11.14,Mandate done,PAN_QC_DOC_UPLOADED,14,
FULLERTON,1.MTD,AD,,14.12,Disbursed,LAS_LENDER_AUDIT_SUCCESS,87,
NACL,1.MTD,TOP UP,,12.33,Application submitted by user,BUSINESS_APPROVAL_NOT_REQUIRED,763,
FULLERTON,1.MTD,TOP UP,,10.12,Review submit,EMANDATE_REQUIRED,11881,
FULLERTON,1.MTD,Fresh,,7.17,KYC completed,BRE2_FAILURE,3250,
FULLERTON,1.MTD,Renewal,,12.19,Application submitted by user,RE_SUBMIT_SETTLEMENT_BANK,22,
FULLERTON_BUREAU,1.MTD,Renewal,,3.1,Bureau pull success,BUREAU_SUCCESS,6,
SHRIRAM,1.MTD,Renewal,,6.15,Selfie uploaded,LENDER_CREATE_APPLICATION_SUCCESS,1574,
FULLERTON,1.MTD,TOP UP,,12.23,Application submitted by user,BANK_QC_DOC_RE_UPLOAD_REQUIRED,27,
FULLERTON,1.MTD,Fresh,,6.1,Selfie uploaded,KYC_SELFIE_UPLOADED,19461,
PIRAMAL,1.MTD,Fresh,,7.22,KYC completed,KYC_CALLBACK_SUCCESS,4276,
FULLERTON,1.MTD,Fresh,,8.1,BRE2 completed,BRE2_COMPLETED,11050,
SHRIRAM,1.MTD,Renewal,,12.32,Application submitted by user,LOAN_APPLICATION_REJECTED,52,
PIRAMAL,1.MTD,Renewal,,4.13,BRE1 completed,LOM_OFFER_RANKING_SUCCESS,787,
SHRIRAM,1.MTD,Fresh,,1.13,Total leads,INITIATE_LOM_LRE_MIGRATION,2152,
PIRAMAL,1.MTD,TOP UP,,15.13,Lead closed,LAS_LENDER_AUDIT_SUCCESS,864,
NACL,2.LMTD,Renewal,,13.02,Submit to LMS,LMS_CALLBACK_REJECTED,1,
FULLERTON_BUREAU,2.LMTD,Renewal,,10.12,Review submit,EMANDATE_REQUIRED,1144,
MFL,2.LMTD,TOP UP,,11.11,Mandate done,MOB2UDYAM_NOT_FOUND,511,
FULLERTON,2.LMTD,Fresh,,11.14,Mandate done,PAN_QC_DOC_UPLOAD_REQUIRED,89,
PIRAMAL,2.LMTD,Renewal,,0,Total leads,BANK_VALIDATION_FAILURE2,1,
PIRAMAL,2.LMTD,BT,,4.11,BRE1 completed,KYC_SELFIE_REQUIRED,1663,
FULLERTON_BUREAU,2.LMTD,Fresh,,7.17,KYC completed,BRE2_FAILURE,4310,
FULLERTON,2.LMTD,AD,,12.38,Application submitted by user,BUSINESS_APPROVAL_AWAITED,2,
FULLERTON,2.LMTD,TOP UP,,3.1,Bureau pull success,BUREAU_SUCCESS,55279,
SHRIRAM,2.LMTD,Renewal,,11.14,Mandate done,PAN_QC_DOC_UPLOADED,7,
FULLERTON,2.LMTD,AD,,14.12,Disbursed,LAS_LENDER_AUDIT_SUCCESS,207,
NACL,2.LMTD,TOP UP,,12.33,Application submitted by user,BUSINESS_APPROVAL_NOT_REQUIRED,815,
TCL,1.MTD,Renewal,,1.1400000000000001,Total leads,LRE_MIGRATION,1229,
PIRAMAL AA,1.MTD,Fresh,,8.13,KYC completed,AA_SUCCESS,54060,
UCL,1.MTD,Fresh,,0,Total leads,TF_FETCH_SETTLEMENT_AC,13,
UCL,1.MTD,Fresh,,13.16,Application submitted by user,QC_SUCCESS,177,
UCL,1.MTD,Fresh,,12.17,Mandate done,BP_LENDER_SHARE_INIT,1840,
TCL,1.MTD,Fresh,,8.15,KYC completed,KYC_PINCODE_NOT_SERVICEABLE,389,
UCL,1.MTD,Fresh,,0,Total leads,SELFIE_RE_UPLOAD,305,
PYFL,1.MTD,Fresh,,0,Total leads,PIN_CODE_NOT_SERVICIBLE,340,
KSF,1.MTD,Fresh,,0,Total leads,TF_VKYC_DOCS,36,
,1.MTD,Fresh,,1001,Unmapped,LENDER_BRE2_INIT_FAILED,221,
,1.MTD,Fresh,true,2.12,Workable leads,BUREAU_INIT,1779832,
,1.MTD,Fresh,,1001,Unmapped,REVIEW_OFFER_ACCEPTED,123,
,1.MTD,Fresh,,3.11,Bureau pull success,BRE1_INITIATE,385,
PYFL,1.MTD,Fresh,,6.17,Child Lead Created,SELFIE_UPLOADING,22874,
,1.MTD,Fresh,,1001,Unmapped,AA_CONSENT_RECEIVED,2401,
UCL,1.MTD,Fresh,,13.31,Application submitted by user,TF_LENDER_SHARING_MANDATE_DETAILS,35,
,1.MTD,Fresh,false,3.11,Bureau pull success,BRE1_INITIATE,617740,
TCL,1.MTD,Fresh,,7.12,Selfie uploaded,KYC_INITIATED_SEARCH_BY_PAN,2571,
TCL,1.MTD,Fresh,,7.15,Selfie uploaded,KYC_INITIATED_SEARCH_BY_AADHAR,664,
KSF,1.MTD,TOP UP,,0,Total leads,TF_BANK_NAME_MATCH,4,
PYFL,1.MTD,Fresh,,13.43,Application submitted by user,LENDER_GMV_UPLOAD_INIT,9365,
KSF,1.MTD,TOP UP,,13.25,Application submitted by user,PDC_SUCCESS,2946,
VCL,1.MTD,BT,,0,Total leads,INITIATE_SETTLEMENT_ACCOUNT_NAME_MATCH_QC_DOC_UPLOAD,65,
KSF,1.MTD,TOP UP,,8.16,KYC completed,LENDER_GMV_UPLOAD_SUCCESS,4362,
,1.MTD,Renewal,true,1001,Unmapped,BUREAU_EXPIRY,12643,
TCL,1.MTD,Renewal,,0,Total leads,LEAD_REJECTED,6,
KSF,1.MTD,Fresh,,14.14,Submit to LMS,LOAN_DISBURSEMENT_INITIATED,23372,
TCL,1.MTD,Renewal,,13.31,Application submitted by user,PDC_INITIATE,780,
TCL,1.MTD,Renewal,,0,Total leads,TF_LENDER_DOC_UPLOAD,8,
UCL,1.MTD,Fresh,,6.12,Child Lead Created,SELFIE_UPLOADING,27222,
UCL,1.MTD,Fresh,,0,Total leads,TF_FETCH_SHOP_ADDR,10,
,1.MTD,Fresh,,1001,Unmapped,LENDER_DOC_UPLOAD_IN_PROGRESS_FI_REPORT,29,
TCL,1.MTD,Fresh,,12.11,Mandate done,VKYC_REQUIRED,659,
TCL,1.MTD,Fresh,,1.21,Total leads,LENDER_APP_REJECT_INITIATE,1057,
,1.MTD,BT,false,5.16,Marketplace Offer Selected,LO_LEAD_CREATION_SUCCESS,1056,
PYFL,1.MTD,Renewal,,13.14,Application submitted by user,QC_REJECTED,245,
PYFL,1.MTD,Fresh,,14.19,Submit to LMS,LOAN_DISBURSEMENT_SUCCESS,6861,
,1.MTD,Renewal,false,5.1,Marketplace Offer Selected,MARKETPLACE_OFFER_SELECTED,14580,
,1.MTD,BT,false,2.17,Workable leads,RE_INITIATE_BUREAU,2,
PYFL,1.MTD,Renewal,,8.17,KYC completed,LENDER_BRE_INITIATED,13996,
,1.MTD,Renewal,false,1001,Unmapped,ML_DISTRIBUTION_PROGRAM,5099,
KSF,1.MTD,Fresh,,15.1,Disbursed,LOAN_DISBURSEMENT_COMPLETED,22835,
,1.MTD,Fresh,false,2.18,Workable leads,BUREAU_PULL_FAILED,49,
KSF,1.MTD,Fresh,,1.15,Total leads,LRE_PARENT,19124,
,1.MTD,BT,false,3.11,Bureau pull success,BRE1_INITIATE,3107,
UCL,1.MTD,Fresh,,0,Total leads,TF_BP_FETCH_DATA,13,
KSF,1.MTD,TOP UP,,12.18,Mandate done,VKYC_AUTO_SKIPPED,1002,
PIRAMAL AA,1.MTD,Fresh,,0,Total leads,SELFIE_CAPTURED,379884,
FULLERTON,2.LMTD,TOP UP,,10.12,Review submit,EMANDATE_REQUIRED,12495,
FULLERTON,2.LMTD,Fresh,,7.17,KYC completed,BRE2_FAILURE,2889,
FULLERTON,2.LMTD,Renewal,,12.19,Application submitted by user,RE_SUBMIT_SETTLEMENT_BANK,14,
SHRIRAM,2.LMTD,Renewal,,6.15,Selfie uploaded,LENDER_CREATE_APPLICATION_SUCCESS,1086,
FULLERTON,2.LMTD,TOP UP,,12.23,Application submitted by user,BANK_QC_DOC_RE_UPLOAD_REQUIRED,32,
FULLERTON,2.LMTD,Fresh,,6.1,Selfie uploaded,KYC_SELFIE_UPLOADED,20717,
PIRAMAL,2.LMTD,Fresh,,7.22,KYC completed,KYC_CALLBACK_SUCCESS,4560,
FULLERTON,2.LMTD,Fresh,,8.1,BRE2 completed,BRE2_COMPLETED,13366,
SHRIRAM,2.LMTD,Renewal,,12.32,Application submitted by user,LOAN_APPLICATION_REJECTED,11,
PIRAMAL,2.LMTD,Renewal,,4.13,BRE1 completed,LOM_OFFER_RANKING_SUCCESS,617,
SHRIRAM,2.LMTD,Fresh,,1.13,Total leads,INITIATE_LOM_LRE_MIGRATION,1768,
PIRAMAL,2.LMTD,TOP UP,,15.13,Lead closed,LAS_LENDER_AUDIT_SUCCESS,1000,
FULLERTON,2.LMTD,AD,,1.1,Total leads,LEAD_FAILURE,33,
PIRAMAL,2.LMTD,Renewal,,15.12,Lead closed,LENDING_CIF_SUBMIT_SUCCESS,303,
NACL,2.LMTD,Renewal,,12.09,Application submitted by user,RE_SUBMIT_SETTLEMENT_BANK,1,
MFL,2.LMTD,TOP UP,,6.11,Selfie uploaded,INITIATE_LENDER_CREATE_APPLICATION,1448,
NACL,2.LMTD,Renewal,,4.02,BRE1 completed,LRE_FLOW_COMPLETED,1825,
NACL,2.LMTD,Fresh,,12.25,Application submitted by user,LOAN_APPLICATION_REJECTED,25,
SHRIRAM,2.LMTD,Renewal,,5.1,Loan offer accepted,LOAN_OFFER_ACCEPTED,1,
FULLERTON,2.LMTD,AD,,7.13,KYC completed,BRE2_REQUESTED,310,
PIRAMAL,2.LMTD,TOP UP,,2.13,Workable leads,BUREAU_ADDITIONAL_DATA_REQUIRED,8,
MFL,2.LMTD,TOP UP,,6.18,Selfie uploaded,DEDUPE_PASSED,1432,
NACL,2.LMTD,Renewal,,12.24,Application submitted by user,LENDER_OFFER_EXPIRED,3,
PIRAMAL,2.LMTD,Fresh,,15.1,Lead closed,LEAD_SUCCESSFULLY_CLOSED,1903,
FULLERTON_BUREAU,2.LMTD,Renewal,,11.3,Mandate done,BUSINESS_PROOF_VERIFICATION_REQUIRED,1070,
FULLERTON,2.LMTD,Renewal,,12.54,Application submitted by user,LENDER_BANK_UPDATE_SUCCESS,1372,
MFL,2.LMTD,Fresh,,10.13,Review submit,BUSINESS_PROOF_PREFILL_FAILURE,29,
FULLERTON,2.LMTD,AD,,3.14,Bureau pull success,BRE1_FAILURE,639,
MFL,2.LMTD,TOP UP,,14.11,Disbursed,LENDING_CIF_SUBMIT_SUCCESS,552,
FULLERTON,2.LMTD,TOP UP,,11.26,Mandate done,MOB_TO_UDYAM_REQUEST_FAILURE,189,
FULLERTON,2.LMTD,AD,,2.21,Workable leads,INITIATE_BUREAU,771,
FULLERTON_BUREAU,2.LMTD,Fresh,,3.11,Bureau pull success,BRE1_REQUESTED,10,
FULLERTON,2.LMTD,AD,,8.18,BRE2 completed,MAQUETTE_FRAUD_CHECK_FAILURE,1,
PIRAMAL,2.LMTD,Renewal,,0,Total leads,SETTLEMENT_BANK_QC_DOC_RE_UPLOADED,1,
NACL,2.LMTD,TOP UP,,12.25,Application submitted by user,LOAN_APPLICATION_REJECTED,1,
MFL,2.LMTD,Renewal,,14.17,Disbursed,UDYAM_VALIDATION_FAILURE_V2,6,
PIRAMAL,2.LMTD,Fresh,,6.12,Selfie uploaded,KYC_FAILED,1510,
NACL,2.LMTD,Renewal,,11.06,Mandate done,BUSINESS_PROOF_DOCUMENT_REQUIRED,22,
NACL,2.LMTD,Fresh,,5.05,Loan offer accepted,KYC_SELFIE_REQUIRED,3268,
PIRAMAL,2.LMTD,TOP UP,,8.14,BRE2 completed,BANK_VALIDATION_PENDING,2,
PIRAMAL,2.LMTD,Fresh,,5.13,Loan offer accepted,KYC_SELFIE_REQUIRED,7818,
PIRAMAL,2.LMTD,Renewal,,7.1,KYC completed,KYC_COMPLETED,962,
FULLERTON_BUREAU,2.LMTD,Fresh,,5.12,Loan offer accepted,KYC_IN_PROGRESS,11515,
PIRAMAL,2.LMTD,Fresh,,0,Total leads,PANEL_SUCCESS,124,
FULLERTON,2.LMTD,AD,,12.37,Application submitted by user,BUSINESS_APPROVAL_NOT_REQUIRED,213,
FULLERTON,1.MTD,AD,,1.1,Total leads,LEAD_FAILURE,231,
PIRAMAL,1.MTD,Renewal,,15.12,Lead closed,LENDING_CIF_SUBMIT_SUCCESS,370,
NACL,1.MTD,Renewal,,12.09,Application submitted by user,RE_SUBMIT_SETTLEMENT_BANK,11,
MFL,1.MTD,TOP UP,,6.11,Selfie uploaded,INITIATE_LENDER_CREATE_APPLICATION,2184,
NACL,1.MTD,TOP UP,,0,Total leads,DATA_PREFILL_FAILURE,1,
NACL,1.MTD,Renewal,,4.02,BRE1 completed,LRE_FLOW_COMPLETED,1930,
NACL,1.MTD,Fresh,,12.25,Application submitted by user,LOAN_APPLICATION_REJECTED,38,
FULLERTON,1.MTD,AD,,7.13,KYC completed,BRE2_REQUESTED,122,
PIRAMAL,1.MTD,TOP UP,,2.13,Workable leads,BUREAU_ADDITIONAL_DATA_REQUIRED,6,
MFL,1.MTD,TOP UP,,6.18,Selfie uploaded,DEDUPE_PASSED,2184,
NACL,1.MTD,Renewal,,12.24,Application submitted by user,LENDER_OFFER_EXPIRED,27,
PIRAMAL,1.MTD,Fresh,,15.1,Lead closed,LEAD_SUCCESSFULLY_CLOSED,2043,
FULLERTON_BUREAU,1.MTD,Renewal,,11.3,Mandate done,BUSINESS_PROOF_VERIFICATION_REQUIRED,1440,
FULLERTON,1.MTD,Renewal,,12.54,Application submitted by user,LENDER_BANK_UPDATE_SUCCESS,1621,
PIRAMAL,1.MTD,Fresh,,0,Total leads,BUREAU_SUCCESS,1,
NACL,1.MTD,TOP UP,,2.12,Workable leads,BUREAU_OTP_SKIPPED,1,
FULLERTON_BUREAU,1.MTD,Fresh,,0,Total leads,SERVICEABILITY_REQUEST_FAILURE,4,
FULLERTON,1.MTD,AD,,3.14,Bureau pull success,BRE1_FAILURE,258,
MFL,1.MTD,TOP UP,,14.11,Disbursed,LENDING_CIF_SUBMIT_SUCCESS,1309,
FULLERTON,1.MTD,TOP UP,,11.26,Mandate done,MOB_TO_UDYAM_REQUEST_FAILURE,4,
FULLERTON,1.MTD,AD,,2.21,Workable leads,INITIATE_BUREAU,294,
FULLERTON_BUREAU,1.MTD,Fresh,,3.11,Bureau pull success,BRE1_REQUESTED,11,
FULLERTON,1.MTD,AD,,8.18,BRE2 completed,MAQUETTE_FRAUD_CHECK_FAILURE,3,
NACL,1.MTD,TOP UP,,12.25,Application submitted by user,LOAN_APPLICATION_REJECTED,2,
MFL,1.MTD,Renewal,,14.17,Disbursed,UDYAM_VALIDATION_FAILURE_V2,12,
PIRAMAL,1.MTD,Fresh,,6.12,Selfie uploaded,KYC_FAILED,1718,
NACL,1.MTD,Renewal,,11.06,Mandate done,BUSINESS_PROOF_DOCUMENT_REQUIRED,39,
NACL,1.MTD,Fresh,,5.05,Loan offer accepted,KYC_SELFIE_REQUIRED,3455,
PIRAMAL,1.MTD,TOP UP,,8.14,BRE2 completed,BANK_VALIDATION_PENDING,5,
PIRAMAL,1.MTD,Fresh,,5.13,Loan offer accepted,KYC_SELFIE_REQUIRED,7231,
PIRAMAL,1.MTD,Renewal,,7.1,KYC completed,KYC_COMPLETED,995,
FULLERTON_BUREAU,1.MTD,Fresh,,5.12,Loan offer accepted,KYC_IN_PROGRESS,12523,
PIRAMAL,1.MTD,Fresh,,0,Total leads,PANEL_SUCCESS,115,
FULLERTON,1.MTD,AD,,12.37,Application submitted by user,BUSINESS_APPROVAL_NOT_REQUIRED,83,
NACL,1.MTD,Renewal,,9.12,Disbursal acc verified,KYB_FETCH_MPA_SUCCESS,1058,
NACL,1.MTD,TOP UP,,6.05,Selfie uploaded,LENDER_CREATE_APPLICATION_SUCCESS,2033,
FULLERTON,1.MTD,Renewal,,12.18,Application submitted by user,RE_SUBMIT_DISBURSAL_BANK,2,
PIRAMAL,1.MTD,TOP UP,,0,Total leads,KYC_RETRYABLE_FAILURE,16,
FULLERTON,1.MTD,Fresh,,12.36,Application submitted by user,LOAN_APPLICATION_ACCEPTED,8965,
MFL,1.MTD,Renewal,,10.11,Review submit,BUSINESS_PROOF_VERIFICATION_REQUIRED,180,
PIRAMAL,1.MTD,Fresh,,1.1,Total leads,LEAD_FAILURE,5917,
FULLERTON_BUREAU,1.MTD,Fresh,,8.2,BRE2 completed,SETTLEMENT_BANK_DETAILS_FETCHED,4158,
FULLERTON_BUREAU,1.MTD,Renewal,,13.11,Submit to LMS,LMS_CALLBACK_REJECTED,108,
NACL,1.MTD,TOP UP,,9.08,Disbursal acc verified,MOB_TO_UDYAM_REQUESTED,659,
FULLERTON,1.MTD,Renewal,,12.24,Application submitted by user,BANK_QC_DOC_RE_UPLOADED,15,
FULLERTON,1.MTD,TOP UP,,13.11,Submit to LMS,LMS_CALLBACK_REJECTED,96,
FULLERTON,1.MTD,Fresh,,12.25,Application submitted by user,SETTLEMENT_BANK_QC_DOC_RE_UPLOAD_REQUIRED,14,
PIRAMAL,1.MTD,BT,,8.2,BRE2 completed,BANKING_ACTION_DONE,603,
NACL,2.LMTD,Renewal,,9.12,Disbursal acc verified,KYB_FETCH_MPA_SUCCESS,621,
NACL,2.LMTD,TOP UP,,6.05,Selfie uploaded,LENDER_CREATE_APPLICATION_SUCCESS,1771,
FULLERTON,2.LMTD,Renewal,,12.18,Application submitted by user,RE_SUBMIT_DISBURSAL_BANK,1,
PIRAMAL,2.LMTD,TOP UP,,0,Total leads,KYC_RETRYABLE_FAILURE,30,
FULLERTON,2.LMTD,Fresh,,12.36,Application submitted by user,LOAN_APPLICATION_ACCEPTED,9111,
MFL,2.LMTD,Renewal,,10.11,Review submit,BUSINESS_PROOF_VERIFICATION_REQUIRED,222,
PIRAMAL,2.LMTD,Fresh,,1.1,Total leads,LEAD_FAILURE,3499,
FULLERTON_BUREAU,2.LMTD,Fresh,,8.2,BRE2 completed,SETTLEMENT_BANK_DETAILS_FETCHED,3620,
FULLERTON_BUREAU,2.LMTD,Renewal,,13.11,Submit to LMS,LMS_CALLBACK_REJECTED,6,
MFL,2.LMTD,TOP UP,,0,Total leads,PAN_QC_DOC_RE_UPLOAD_REQUIRED,2,
,1.MTD,Fresh,,1001,Unmapped,KYC_FAILED,207,
,1.MTD,Renewal,false,2.11,Workable leads,PAN_DEDUPE_FAILED,164,
VCL,1.MTD,BT,,14.1,Submit to LMS,LMS_LAN_CREATE_INITIATE,666,
,1.MTD,Renewal,true,2.16,Workable leads,BUREAU_ADR_REQUIRED,1044,
KSF,1.MTD,Fresh,,0,Total leads,TF_BANK_NAME_MATCH,89,
KSF,1.MTD,TOP UP,,12.14,Mandate done,FETCH_DOC_INIT,56806,
,1.MTD,Fresh,,1001,Unmapped,LOAN_DISBURSEMENT_COMPLETED,72,
VCL,1.MTD,BT,,13.19,Application submitted by user,QC_CHECK,730,
,1.MTD,Fresh,,1001,Unmapped,LMS_ADDRESS_UPDATE_SUCCESS,51,
PYFL,1.MTD,Renewal,,13.42,Application submitted by user,TF_MULTI_SIGN_DOCS,53,
,1.MTD,Renewal,false,2.1,Workable leads,LEAD_CREATE,36868,
,1.MTD,MicroML,true,4.11,BRE1 completed,MARKETPLACE_INPUT_REQUIRED,128805,
,1.MTD,MicroML,false,4.1,BRE1 completed,BRE1_SUCCESS,6402,
TCL,1.MTD,Fresh,,8.19,KYC completed,LENDER_BRE_INITIATED,1707,
KSF,1.MTD,TOP UP,,0,Total leads,TF_LENDER_BRE_INIT,455,
PYFL,1.MTD,Renewal,,14.17,Submit to LMS,LOAN_DISBURSEMENT_INITIATED,4704,
PYFL,1.MTD,Fresh,,14.13,Submit to LMS,TF_LMS_PDC_CHECK,6401,
UCL,1.MTD,MicroML,,10.11,Disbursal acc verified,AWAIT_OFFER_ACCEPT,15465,
UCL,1.MTD,Fresh,,12.14,Mandate done,BP_PAN_UDHYAM_INITIATE,5549,
KSF,1.MTD,TOP UP,,0,Total leads,LEAD_REJECTED,2,
UCL,1.MTD,MicroML,,13.31,Application submitted by user,TF_LENDER_SHARING_MANDATE_DETAILS,14,
,1.MTD,Renewal,true,2.13,Workable leads,BUREAU_OTP_REQUIRED_WITH_SKIP_OTP,1292,
UCL,1.MTD,MicroML,,0,Total leads,SELFIE_RE_UPLOAD,438,
UCL,1.MTD,Fresh,,7.2,Selfie uploaded,KYC_FAILED_DIGILOCKER,2888,
KSF,1.MTD,TOP UP,,14.14,Submit to LMS,LOAN_DISBURSEMENT_INITIATED,3225,
TCL,1.MTD,Renewal,,6.32,Child Lead Created,LENDER_APP_CREATE_SUCCESS,2780,
TCL,1.MTD,Renewal,,13.21,Application submitted by user,DOC_UPLOAD_INIT,1598,
KSF,1.MTD,TOP UP,,13.1,Application submitted by user,AUDITOR_APPROVED,1771,
UCL,1.MTD,Fresh,,8.19,KYC completed,LENDER_BRE_RETRY,560,
,1.MTD,Fresh,,2.11,Workable leads,PAN_DEDUPE_FAILED,4,
UCL,1.MTD,MicroML,,13.36,Application submitted by user,LENDER_MVR_UPLOAD,7735,
KSF,1.MTD,Fresh,,11.1,Review submit,REVIEW_OFFER_ACCEPTED,36845,
PYFL,1.MTD,Renewal,,13.43,Application submitted by user,LENDER_GMV_UPLOAD_INIT,5656,
TCL,1.MTD,Fresh,,6.31,Child Lead Created,LENDER_APPICATION_CREATE_INITIATED,3200,
,1.MTD,Renewal,true,1001,Unmapped,TF_LEAD_MIGRATION_SUCCESS,266,
KSF,1.MTD,TOP UP,,0,Total leads,TF_LENDER_DOC_UPLOAD,199,
,1.MTD,Fresh,,1001,Unmapped,LOAN_DEMOG_INITIATED,51,
,1.MTD,Renewal,true,5.1,Marketplace Offer Selected,MARKETPLACE_OFFER_SELECTED,120639,
UCL,1.MTD,MicroML,,8.12,KYC completed,SERVICIBILITY_CHECK,17913,
TCL,1.MTD,Renewal,,8.12,KYC completed,KYC_SUCCESS_SEARCH_BY_AADHAR,21,
UCL,1.MTD,Fresh,,13.18,Application submitted by user,PDC_INITIATE,7708,
NACL,2.LMTD,TOP UP,,9.08,Disbursal acc verified,MOB_TO_UDYAM_REQUESTED,768,
FULLERTON,2.LMTD,Renewal,,12.24,Application submitted by user,BANK_QC_DOC_RE_UPLOADED,25,
FULLERTON,2.LMTD,TOP UP,,13.11,Submit to LMS,LMS_CALLBACK_REJECTED,73,
FULLERTON,2.LMTD,Fresh,,12.25,Application submitted by user,SETTLEMENT_BANK_QC_DOC_RE_UPLOAD_REQUIRED,24,
PIRAMAL,2.LMTD,BT,,8.2,BRE2 completed,BANKING_ACTION_DONE,444,
SHRIRAM,2.LMTD,Fresh,,13.11,Submit to LMS,LMS_CALLBACK_REJECTED,22,
FULLERTON_BUREAU,2.LMTD,Renewal,,7.17,KYC completed,BRE2_FAILURE,1484,
NACL,2.LMTD,Renewal,,1.1,Total leads,LOM_LRE_MIGRATION_INITIATED,634,
MFL,2.LMTD,Renewal,,11.28,Mandate done,KYB_FETCH_MPA_SUCCESS,111,
FULLERTON,2.LMTD,TOP UP,,14.15,Disbursed,BUSINESS_PROOF_QC_ACTION_PENDING,1479,
FULLERTON,2.LMTD,TOP UP,,7.13,KYC completed,BRE2_REQUESTED,19420,
MFL,2.LMTD,Renewal,,14.2,Disbursed,LENDING_CIF_UPDATE_SUCCESS,43,
NACL,2.LMTD,Renewal,,9.04,Disbursal acc verified,BUSINESS_PROOF_DOCUMENT_UPLOAD_SKIPPED,560,
NACL,2.LMTD,Renewal,,8.11,BRE2 completed,BANK_VERIFICATION_FAILURE,22,
MFL,2.LMTD,TOP UP,,13.11,Submit to LMS,LMS_CALLBACK_REJECTED,4,
FULLERTON,2.LMTD,Renewal,,12.29,Application submitted by user,LOAN_QC_REJECTED,95,
MFL,2.LMTD,Renewal,,11.14,Mandate done,SETTLEMENT_BANK_VALIDATION_SUCCESS_V2,207,
SHRIRAM,2.LMTD,Fresh,,12.26,Application submitted by user,LOAN_QC_REJECTED,122,
PIRAMAL,2.LMTD,BT,,8.15,BRE2 completed,SETTLEMENT_BANK_DETAILS_FETCHED,423,
MFL,2.LMTD,Fresh,,6.1,Selfie uploaded,KYC_SELFIE_UPLOADED,1203,
PIRAMAL,2.LMTD,TOP UP,,1.1,Total leads,LEAD_FAILURE,1979,
PIRAMAL,2.LMTD,Fresh,,8.16,BRE2 completed,MAQUETTE_FRAUD_CHECK_FAILURE,30,
FULLERTON_BUREAU,2.LMTD,Fresh,,11.19,Mandate done,SETTLEMENT_BANK_QC_DOC_REQUIRED,3,
PIRAMAL,2.LMTD,TOP UP,,11.18,Mandate done,BANK_QC_DOC_UPLOADED,4,
MFL,2.LMTD,Fresh,,12.2,Application submitted by user,PREDISBURSAL_INITIATED,461,
SHRIRAM,2.LMTD,Fresh,,8.13,BRE2 completed,BANK_VERIFICATION_FAILURE,73,
FULLERTON,2.LMTD,Renewal,,11.15,Mandate done,PAN_QC_DOC_UPLOADED,17,
NACL,2.LMTD,Renewal,,8.02,BRE2 completed,BRE3_NOT_REQUIRED,632,
PIRAMAL,2.LMTD,Renewal,,4.15,BRE1 completed,LOM_LRE_MIGRATION_INITIATED,733,
NACL,2.LMTD,TOP UP,,8.1,BRE2 completed,BANK_VALIDATION_PENDING,146,
NACL,2.LMTD,Fresh,,8.09,BRE2 completed,MAQUETTE_FRAUD_CHECK_FAILURE,9,
FULLERTON,2.LMTD,AD,,14.11,Disbursed,LENDING_CIF_SUBMIT_SUCCESS,207,
FULLERTON_BUREAU,2.LMTD,Fresh,,12.42,Application submitted by user,LIS_DATA_UPDATE_FAILED,91,
FULLERTON,2.LMTD,Fresh,,2.22,Workable leads,BUREAU_INITIATED,44,
FULLERTON_BUREAU,2.LMTD,Renewal,,7.12,KYC completed,SERVICEABILITY_ACCEPTED,2762,
PIRAMAL,2.LMTD,Fresh,,12.2,Application submitted by user,BUSINESS_APPROVAL_NOT_REQUIRED,1909,
FULLERTON,2.LMTD,TOP UP,,2.21,Workable leads,INITIATE_BUREAU,194,
NACL,2.LMTD,TOP UP,,8.01,BRE2 completed,BRE2_COMPLETED,1128,
FULLERTON,2.LMTD,Renewal,,11.22,Mandate done,GST_VERIFICATION_FAILURE,14,
MFL,2.LMTD,Renewal,,0,Total leads,PAN_QC_DOC_RE_UPLOAD_REQUIRED,5,
FULLERTON_BUREAU,2.LMTD,Fresh,,5.16,Loan offer accepted,FETCH_EMI_INFO_SUCCESS,10,
SHRIRAM,1.MTD,Fresh,,13.11,Submit to LMS,LMS_CALLBACK_REJECTED,74,
FULLERTON_BUREAU,1.MTD,Renewal,,7.17,KYC completed,BRE2_FAILURE,2069,
NACL,1.MTD,Renewal,,1.1,Total leads,LOM_LRE_MIGRATION_INITIATED,644,
MFL,1.MTD,Renewal,,11.28,Mandate done,KYB_FETCH_MPA_SUCCESS,85,
FULLERTON,1.MTD,TOP UP,,14.15,Disbursed,BUSINESS_PROOF_QC_ACTION_PENDING,1556,
FULLERTON,1.MTD,TOP UP,,7.13,KYC completed,BRE2_REQUESTED,17647,
MFL,1.MTD,Renewal,,14.2,Disbursed,LENDING_CIF_UPDATE_SUCCESS,80,
NACL,1.MTD,Renewal,,9.04,Disbursal acc verified,BUSINESS_PROOF_DOCUMENT_UPLOAD_SKIPPED,953,
NACL,1.MTD,Renewal,,8.11,BRE2 completed,BANK_VERIFICATION_FAILURE,23,
MFL,1.MTD,TOP UP,,13.11,Submit to LMS,LMS_CALLBACK_REJECTED,5,
FULLERTON,1.MTD,Renewal,,12.29,Application submitted by user,LOAN_QC_REJECTED,134,
MFL,1.MTD,Renewal,,11.14,Mandate done,SETTLEMENT_BANK_VALIDATION_SUCCESS_V2,179,
SHRIRAM,1.MTD,Fresh,,12.26,Application submitted by user,LOAN_QC_REJECTED,130,
PIRAMAL,1.MTD,BT,,8.15,BRE2 completed,SETTLEMENT_BANK_DETAILS_FETCHED,556,
MFL,1.MTD,Fresh,,6.1,Selfie uploaded,KYC_SELFIE_UPLOADED,787,
PIRAMAL,1.MTD,TOP UP,,1.1,Total leads,LEAD_FAILURE,9541,
PIRAMAL,1.MTD,Fresh,,8.16,BRE2 completed,MAQUETTE_FRAUD_CHECK_FAILURE,46,
NACL,1.MTD,Renewal,,12.34,Application submitted by user,LUP_CREATION_FAILURE,3,
FULLERTON_BUREAU,1.MTD,Fresh,,11.19,Mandate done,SETTLEMENT_BANK_QC_DOC_REQUIRED,4,
PIRAMAL,1.MTD,TOP UP,,11.18,Mandate done,BANK_QC_DOC_UPLOADED,5,
MFL,1.MTD,Fresh,,12.2,Application submitted by user,PREDISBURSAL_INITIATED,397,
SHRIRAM,1.MTD,Fresh,,8.13,BRE2 completed,BANK_VERIFICATION_FAILURE,80,
FULLERTON,1.MTD,Renewal,,11.15,Mandate done,PAN_QC_DOC_UPLOADED,17,
NACL,1.MTD,Renewal,,8.02,BRE2 completed,BRE3_NOT_REQUIRED,1060,
PIRAMAL,1.MTD,Renewal,,4.15,BRE1 completed,LOM_LRE_MIGRATION_INITIATED,897,
NACL,1.MTD,TOP UP,,8.1,BRE2 completed,BANK_VALIDATION_PENDING,167,
NACL,1.MTD,Fresh,,8.09,BRE2 completed,MAQUETTE_FRAUD_CHECK_FAILURE,28,
FULLERTON,1.MTD,AD,,14.11,Disbursed,LENDING_CIF_SUBMIT_SUCCESS,87,
FULLERTON_BUREAU,1.MTD,Renewal,,2.21,Workable leads,INITIATE_BUREAU,6,
FULLERTON_BUREAU,1.MTD,Fresh,,12.42,Application submitted by user,LIS_DATA_UPDATE_FAILED,123,
FULLERTON,1.MTD,TOP UP,,12.5,Application submitted by user,LMS_SUBMIT_APPLICATION_FAILED,16,
FULLERTON,1.MTD,Fresh,,2.22,Workable leads,BUREAU_INITIATED,23,
FULLERTON_BUREAU,1.MTD,Renewal,,7.12,KYC completed,SERVICEABILITY_ACCEPTED,3527,
PIRAMAL,1.MTD,Fresh,,12.2,Application submitted by user,BUSINESS_APPROVAL_NOT_REQUIRED,1680,
FULLERTON,1.MTD,TOP UP,,2.21,Workable leads,INITIATE_BUREAU,205,
NACL,1.MTD,TOP UP,,8.01,BRE2 completed,BRE2_COMPLETED,906,
FULLERTON,1.MTD,Renewal,,11.22,Mandate done,GST_VERIFICATION_FAILURE,29,
MFL,1.MTD,Renewal,,0,Total leads,PAN_QC_DOC_RE_UPLOAD_REQUIRED,1,
FULLERTON_BUREAU,1.MTD,Fresh,,5.16,Loan offer accepted,FETCH_EMI_INFO_SUCCESS,9,
NACL,1.MTD,Renewal,,14.01,Disbursed,LMS_CALLBACK_SUCCESS,681,
NACL,1.MTD,TOP UP,,7.08,KYC completed,BRE2_SUCCESS,906,
NACL,1.MTD,Fresh,,2.01,Workable leads,LEAD_CREATED,3455,
FULLERTON,1.MTD,Fresh,,11.16,Mandate done,BANK_QC_DOC_UPLOAD_REQUIRED,267,
FULLERTON_BUREAU,1.MTD,Fresh,,2.1,Workable leads,LEAD_CREATED,12327,
NACL,2.LMTD,Renewal,,14.01,Disbursed,LMS_CALLBACK_SUCCESS,313,
NACL,2.LMTD,TOP UP,,7.08,KYC completed,BRE2_SUCCESS,1128,
NACL,2.LMTD,Fresh,,2.01,Workable leads,LEAD_CREATED,3268,
FULLERTON,2.LMTD,Fresh,,11.16,Mandate done,BANK_QC_DOC_UPLOAD_REQUIRED,305,
FULLERTON_BUREAU,2.LMTD,Fresh,,2.1,Workable leads,LEAD_CREATED,11302,
KSF,1.MTD,TOP UP,,9.11,BRE2 completed,LENDER_KYC_VALIDATE_INIT,4260,
,1.MTD,Fresh,,5.14,Marketplace Offer Selected,ML_CHILD_LEAD_CREATED,2724,
UCL,1.MTD,REPEAT,,14.19,Submit to LMS,LOAN_DISBURSEMENT_SUCCESS,447,
TCL,1.MTD,Fresh,,14.14,Submit to LMS,LMS_FETCH_RPS_INITIATED,443,
KSF,1.MTD,Fresh,,8.11,KYC completed,SERVICEABILITY_CHECK,52849,
VCL,1.MTD,BT,,7.14,Selfie uploaded,KYC_INITIATED_DIGILOCKER,2295,
UCL,1.MTD,REPEAT,,8.12,KYC completed,SERVICIBILITY_CHECK,576,
TCL,1.MTD,Fresh,,6.25,Child Lead Created,LENDER_PAN_AADHAR_LINKAGE_SUCCESS,3199,
TCL,1.MTD,Fresh,,6.28,Child Lead Created,LENDER_CREATE_WEBTOP_SUCCESS,3199,
KSF,1.MTD,Fresh,,13.19,Application submitted by user,FI_AWAITED,1872,
,1.MTD,TOP UP,false,4.12,BRE1 completed,MARKETPLACE_OFFER_EXPIRED,6,
TCL,1.MTD,Renewal,,8.17,KYC completed,LENDER_LEAD_UPDATE_UPDATE_POST_KYC_DETAILS,1676,
UCL,1.MTD,Fresh,,7.1,Selfie uploaded,SELFIE_CAPTURED,27217,
PYFL,1.MTD,Renewal,,8.12,KYC completed,KYC_SUCCESS_OFFLINE_AADHAAR,1215,
UCL,1.MTD,MicroML,,1.12,Total leads,LRE_PARENT,1,
PYFL,1.MTD,Renewal,,13.22,Application submitted by user,DIY_FI_REQUIRED,751,
PIRAMAL AA,1.MTD,Fresh,,0,Total leads,FI_APPROVED,6059,
TCL,1.MTD,Renewal,,13.39,Application submitted by user,TECHNICAL_FAILURE_LMS_LAN_CREATE,101,
PIRAMAL AA,1.MTD,Fresh,,0,Total leads,SERVICIBILITY_FAILURE,39049,
TCL,1.MTD,Renewal,,13.37,Application submitted by user,FI_APPROVED,2,
,1.MTD,MicroML,true,4.1,BRE1 completed,BRE1_SUCCESS,128760,
,1.MTD,Renewal,true,3.13,Bureau pull success,BRE1_FAILED,158857,
PYFL,1.MTD,Fresh,,7.12,Selfie uploaded,TF_LENDER_APP_CREATE,133,
UCL,1.MTD,REPEAT,,7.1,Selfie uploaded,SELFIE_CAPTURED,850,
PIRAMAL AA,1.MTD,Fresh,,1.11,Total leads,LEAD_RESET,240651,
PIRAMAL AA,1.MTD,Fresh,,0,Total leads,BANK_NAME_MATCH,13903,
,1.MTD,Fresh,,1001,Unmapped,FI_REJECTED,8,
,1.MTD,BT,false,2.12,Workable leads,BUREAU_INIT,947,
UCL,1.MTD,MicroML,,13.4,Application submitted by user,TECHNICAL_FAILURE_LMS_LAN_CREATE,2,
PIRAMAL AA,1.MTD,Fresh,,6.1,Child Lead Created,AWAIT_SELFIE,445062,
,1.MTD,Fresh,true,3.1,Bureau pull success,BUREAU_PULL_SUCCESS,2457268,
PYFL,1.MTD,Renewal,,7.24,Selfie uploaded,KYC_FAILED_SEARCH_BY_PAN,7664,
,1.MTD,Fresh,,5.13,Marketplace Offer Selected,CHILD_LEAD_CREATION_LIMIT_REACHED,1,
,1.MTD,REPEAT,true,2.17,Workable leads,RE_INITIATE_BUREAU,1,
VCL,1.MTD,BT,,1.11,Total leads,LEAD_RESET,95,
FULLERTON_BUREAU,2.LMTD,Renewal,,12.26,Application submitted by user,SETTLEMENT_BANK_QC_DOC_RE_UPLOADED,4,
FULLERTON_BUREAU,2.LMTD,Fresh,,11.15,Mandate done,PAN_QC_DOC_UPLOADED,4,
FULLERTON,2.LMTD,Renewal,,11.26,Mandate done,MOB_TO_UDYAM_REQUEST_FAILURE,146,
FULLERTON,2.LMTD,Fresh,,11.1,Mandate done,EMANDATE_SUCCESS,10085,
FULLERTON,2.LMTD,Renewal,,10.11,Review submit,LUP_CREATION_SUCCESS,2065,
MFL,2.LMTD,Fresh,,0,Total leads,LEAD_FAILURE,211,
FULLERTON_BUREAU,2.LMTD,Fresh,,3.1,Bureau pull success,BUREAU_SUCCESS,10,
MFL,2.LMTD,Renewal,,0,Total leads,PAN_DEDUPE_FAILED,2,
MFL,2.LMTD,Fresh,,10.11,Review submit,BUSINESS_PROOF_VERIFICATION_REQUIRED,603,
NACL,2.LMTD,Renewal,,8.01,BRE2 completed,BRE2_COMPLETED,632,
FULLERTON,2.LMTD,TOP UP,,12.15,Application submitted by user,UDYAM_VALIDATION_SUCCESS,3823,
PIRAMAL,2.LMTD,TOP UP,,7.23,KYC completed,BRE2_SUCCESS,1258,
PIRAMAL,2.LMTD,Fresh,,12.16,Application submitted by user,LOAN_QC_REJECTED,95,
MFL,2.LMTD,TOP UP,,6.16,Selfie uploaded,DEDUPE_CHECK_REQUEST_SUCCESS,1440,
SHRIRAM,2.LMTD,Renewal,,2.1,Workable leads,LEAD_CREATED,1426,
FULLERTON,2.LMTD,Renewal,,1.11,Total leads,LOM_OFFER_RANKING_SUCCESS,1153,
MFL,2.LMTD,Fresh,,6.11,Selfie uploaded,INITIATE_LENDER_CREATE_APPLICATION,1081,
FULLERTON,2.LMTD,Renewal,,12.45,Application submitted by user,LENDER_DOCUMENT_UPLOAD_SUCCESS,2062,
PIRAMAL,2.LMTD,TOP UP,,12.25,Application submitted by user,BUSINESS_APPROVAL_AWAITED,5,
NACL,2.LMTD,Renewal,,12.26,Application submitted by user,LOAN_APPLICATION_ACCEPTED,429,
FULLERTON,2.LMTD,Fresh,,11.17,Mandate done,BANK_QC_DOC_UPLOADED,291,
PIRAMAL,2.LMTD,BT,,0,Total leads,LEAD_FAILURE,67,
MFL,2.LMTD,TOP UP,,12.2,Application submitted by user,PREDISBURSAL_INITIATED,759,
FULLERTON,2.LMTD,AD,,12.39,Application submitted by user,DIY_FI_REQUIRED,3,
FULLERTON,2.LMTD,Fresh,,11.19,Mandate done,SETTLEMENT_BANK_QC_DOC_REQUIRED,22,
NACL,2.LMTD,Fresh,,1.04,Total leads,LOM_OFFER_RANKING_REJECTED,174,
MFL,2.LMTD,TOP UP,,13.1,Submit to LMS,LMS_SUBMIT_APPLICATION_SUCCESS,741,
FULLERTON,2.LMTD,TOP UP,,11.25,Mandate done,INITIATE_MOB_TO_UDYAM_REQUEST,5942,
SHRIRAM,2.LMTD,Fresh,,7.13,KYC completed,BRE2_FAILURE,953,
MFL,2.LMTD,Renewal,,12.11,Application submitted by user,UC_COMPLETED,107,
NACL,2.LMTD,Renewal,,12.19,Application submitted by user,LOAN_QC_REJECTED,13,
PIRAMAL,2.LMTD,Renewal,,0,Total leads,BRE3_NOT_REQUIRED,453,
PIRAMAL,2.LMTD,Fresh,,8.1,BRE2 completed,BRE2_COMPLETED,2776,
FULLERTON_BUREAU,2.LMTD,Renewal,,15.1,Lead closed,LEAD_SUCCESSFULLY_CLOSED,848,
NACL,2.LMTD,Fresh,,12.08,Application submitted by user,RE_SUBMIT_DISBURSAL_BANK,2,
NACL,2.LMTD,TOP UP,,12.37,Application submitted by user,LENDER_DOCUMENT_UPLOAD_INITIATED,815,
FULLERTON,2.LMTD,Renewal,,14.11,Disbursed,LENDING_CIF_SUBMIT_SUCCESS,1882,
FULLERTON,2.LMTD,AD,,11.24,Mandate done,BUSINESS_PROOF_UDYAM_VERIFICATION_FAILURE,157,
FULLERTON,2.LMTD,TOP UP,,9.1,Disbursal acc verified,BANKING_ACTION_DONE,14222,
PIRAMAL,2.LMTD,BT,,14.13,Disbursed,LAS_LENDER_AUDIT_SUCCESS,265,
NACL,2.LMTD,Fresh,,6.07,Selfie uploaded,KYC_FAILED,2574,
FULLERTON,2.LMTD,TOP UP,,15.1,Lead closed,LEAD_SUCCESSFULLY_CLOSED,9793,
FULLERTON,2.LMTD,Fresh,,12.16,Application submitted by user,PREDISBURSAL_FAILED,32,
NACL,2.LMTD,Renewal,,3.05,Bureau pull success,OFFER_RANKING_INITIATED,811,
PIRAMAL,2.LMTD,Renewal,,0,Total leads,LOM_OFFER_RANKING_REQUEST_FAILURE,2,
FULLERTON_BUREAU,1.MTD,Renewal,,12.26,Application submitted by user,SETTLEMENT_BANK_QC_DOC_RE_UPLOADED,2,
FULLERTON_BUREAU,1.MTD,Fresh,,11.15,Mandate done,PAN_QC_DOC_UPLOADED,15,
FULLERTON,1.MTD,Renewal,,11.26,Mandate done,MOB_TO_UDYAM_REQUEST_FAILURE,1,
FULLERTON,1.MTD,Fresh,,11.1,Mandate done,EMANDATE_SUCCESS,9310,
FULLERTON,1.MTD,Renewal,,10.11,Review submit,LUP_CREATION_SUCCESS,2576,
MFL,1.MTD,Fresh,,0,Total leads,LEAD_FAILURE,1057,
NACL,1.MTD,Renewal,,9.11,Disbursal acc verified,KYB_FETCH_MPA_FAILURE,5,
FULLERTON_BUREAU,1.MTD,Fresh,,3.1,Bureau pull success,BUREAU_SUCCESS,11,
MFL,1.MTD,Renewal,,0,Total leads,PAN_DEDUPE_FAILED,2,
MFL,1.MTD,Fresh,,10.11,Review submit,BUSINESS_PROOF_VERIFICATION_REQUIRED,362,
NACL,1.MTD,Renewal,,8.01,BRE2 completed,BRE2_COMPLETED,1060,
FULLERTON,1.MTD,Renewal,,1.16,Total leads,LOM_OFFER_RANKING_REQUEST_FAILURE,15,
FULLERTON,1.MTD,TOP UP,,12.15,Application submitted by user,UDYAM_VALIDATION_SUCCESS,4757,
PIRAMAL,1.MTD,TOP UP,,7.23,KYC completed,BRE2_SUCCESS,911,
PIRAMAL,1.MTD,Fresh,,12.16,Application submitted by user,LOAN_QC_REJECTED,71,
MFL,1.MTD,TOP UP,,6.16,Selfie uploaded,DEDUPE_CHECK_REQUEST_SUCCESS,2184,
SHRIRAM,1.MTD,Renewal,,2.1,Workable leads,LEAD_CREATED,1963,
FULLERTON,1.MTD,Renewal,,1.11,Total leads,LOM_OFFER_RANKING_SUCCESS,1807,
FULLERTON_BUREAU,1.MTD,Fresh,,0,Total leads,LUP_CREATION_FAILURE,8,
MFL,1.MTD,Fresh,,6.11,Selfie uploaded,INITIATE_LENDER_CREATE_APPLICATION,653,
FULLERTON,1.MTD,Renewal,,12.45,Application submitted by user,LENDER_DOCUMENT_UPLOAD_SUCCESS,2568,
NACL,1.MTD,Renewal,,12.26,Application submitted by user,LOAN_APPLICATION_ACCEPTED,894,
PIRAMAL,1.MTD,Fresh,,12.28,Application submitted by user,LMS_SUBMIT_APPLICATION_FAILED,7,
FULLERTON,1.MTD,Fresh,,11.17,Mandate done,BANK_QC_DOC_UPLOADED,255,
PIRAMAL,1.MTD,BT,,0,Total leads,LEAD_FAILURE,16041,
MFL,1.MTD,TOP UP,,12.2,Application submitted by user,PREDISBURSAL_INITIATED,1289,
FULLERTON,1.MTD,Fresh,,11.19,Mandate done,SETTLEMENT_BANK_QC_DOC_REQUIRED,29,
NACL,1.MTD,Fresh,,1.04,Total leads,LOM_OFFER_RANKING_REJECTED,505,
MFL,1.MTD,TOP UP,,13.1,Submit to LMS,LMS_SUBMIT_APPLICATION_SUCCESS,1279,
FULLERTON,1.MTD,TOP UP,,11.25,Mandate done,INITIATE_MOB_TO_UDYAM_REQUEST,5726,
SHRIRAM,1.MTD,Fresh,,7.13,KYC completed,BRE2_FAILURE,1170,
MFL,1.MTD,Renewal,,12.11,Application submitted by user,UC_COMPLETED,82,
NACL,1.MTD,Renewal,,12.19,Application submitted by user,LOAN_QC_REJECTED,40,
PIRAMAL,1.MTD,Renewal,,0,Total leads,BRE3_NOT_REQUIRED,427,
PIRAMAL,1.MTD,Fresh,,8.1,BRE2 completed,BRE2_COMPLETED,2207,
FULLERTON_BUREAU,1.MTD,Renewal,,15.1,Lead closed,LEAD_SUCCESSFULLY_CLOSED,1079,
NACL,1.MTD,TOP UP,,12.37,Application submitted by user,LENDER_DOCUMENT_UPLOAD_INITIATED,762,
FULLERTON,1.MTD,Renewal,,14.11,Disbursed,LENDING_CIF_SUBMIT_SUCCESS,2403,
FULLERTON,1.MTD,AD,,11.24,Mandate done,BUSINESS_PROOF_UDYAM_VERIFICATION_FAILURE,63,
FULLERTON,1.MTD,TOP UP,,9.1,Disbursal acc verified,BANKING_ACTION_DONE,13705,
PIRAMAL,1.MTD,BT,,14.13,Disbursed,LAS_LENDER_AUDIT_SUCCESS,425,
NACL,1.MTD,Fresh,,6.07,Selfie uploaded,KYC_FAILED,5624,
FULLERTON,1.MTD,TOP UP,,15.1,Lead closed,LEAD_SUCCESSFULLY_CLOSED,10812,
FULLERTON,1.MTD,Fresh,,12.16,Application submitted by user,PREDISBURSAL_FAILED,12,
NACL,1.MTD,Renewal,,3.05,Bureau pull success,OFFER_RANKING_INITIATED,846,
PIRAMAL,1.MTD,Renewal,,0,Total leads,LOM_OFFER_RANKING_REQUEST_FAILURE,3,
FULLERTON,2.LMTD,Fresh,,12.54,Application submitted by user,LENDER_BANK_UPDATE_SUCCESS,620,
FULLERTON,2.LMTD,AD,,3.16,Bureau pull success,OFFER_RANKING_REJECTED,444,
FULLERTON_BUREAU,2.LMTD,Fresh,,1.12,Total leads,INITIATE_LOM_LRE_MIGRATION,4734,
FULLERTON,2.LMTD,Fresh,,2.21,Workable leads,INITIATE_BUREAU,66,
FULLERTON,2.LMTD,Renewal,,6.13,Selfie uploaded,KYC_FAILED,2411,
NACL,2.LMTD,TOP UP,,9.04,Disbursal acc verified,BUSINESS_PROOF_DOCUMENT_UPLOAD_SKIPPED,1034,
FULLERTON,2.LMTD,TOP UP,,12.52,Application submitted by user,LENDER_LIMIT_ENHANCEMENT_SUCCESS,11836,
PYFL,1.MTD,Renewal,,14.22,Submit to LMS,LMS_FETCH_RPS_FETCHED,4315,
,1.MTD,Fresh,,1001,Unmapped,LENDER_MANDATE_DETAILS_SHARING_SUCCESS,125,
KSF,1.MTD,TOP UP,,15.1,Disbursed,LOAN_DISBURSEMENT_COMPLETED,2087,
UCL,1.MTD,REPEAT,,1.13,Total leads,CHECK_LRE_RANKING,65,
PYFL,1.MTD,Renewal,,6.1,Child Lead Created,ML_CHILD_LEAD_CREATED,14189,
,1.MTD,Fresh,,1001,Unmapped,LOAN_AGREEMENT_SUCCESS,28,
PYFL,1.MTD,Fresh,,8.11,KYC completed,KYC_SUCCESS_DIGILOCKER,10268,
KSF,1.MTD,TOP UP,,0,Total leads,TF_LMS_FETCH_DOCUMENTS,4,
UCL,1.MTD,Fresh,,0,Total leads,KYC_REUSABILITY_NOT_APPLICABLE,23040,
,1.MTD,MicroML,false,1001,Unmapped,SAVE_NTC,59,
VCL,1.MTD,BT,,13.16,Application submitted by user,VAN_CREATION,990,
VCL,1.MTD,BT,,14.13,Submit to LMS,LOAN_DISBURSEMENT_INITIATED,735,
,1.MTD,BT,false,5.11,Marketplace Offer Selected,LRE_RESET_MARKETPLACE_INPUT_REQUIRED,10,
VCL,1.MTD,BT,,0,Total leads,TF_LENDER_BRE_INIT,76,
TCL,1.MTD,Renewal,,7.16,Selfie uploaded,KYC_FAILED_SEARCH_BY_AADHAR,366,
,1.MTD,Fresh,false,1.11,Total leads,LEAD_RESET,138416,
PYFL,1.MTD,Renewal,,7.22,Selfie uploaded,KYC_INITIATED_SEARCH_BY_PAN,11556,
,1.MTD,Renewal,true,3.1,Bureau pull success,BUREAU_PULL_SUCCESS,507073,
PYFL,1.MTD,Fresh,,8.16,KYC completed,LENDER_BRE_INIT,34188,
TCL,1.MTD,Fresh,,13.26,Application submitted by user,LENDER_DOC_UPLOAD_IN_PROGRESS_BUSINESS_PROOF,682,
VCL,1.MTD,BT,,6.12,Child Lead Created,SELFIE_UPLOADING,2526,
KSF,1.MTD,TOP UP,,13.15,Application submitted by user,AWAIT_MULTI_SIGN_DOCS,2968,
PYFL,1.MTD,Fresh,,14.11,Submit to LMS,TECHNICAL_FAILURE_LMS_LAN_CREATE,301,
UCL,1.MTD,MicroML,,6.11,Child Lead Created,AWAIT_SELFIE,43716,
VCL,1.MTD,BT,,13.23,Application submitted by user,PDC_SUCCESS,670,
,1.MTD,REPEAT,false,1.1,Total leads,RESET_IN_PROCESS,108,
PIRAMAL AA,1.MTD,Fresh,,0,Total leads,FI_REJECTED,623,
,1.MTD,BT,false,1001,Unmapped,BUREAU_EXPIRY,9,
UCL,1.MTD,Fresh,,7.11,Selfie uploaded,FETCH_SHOP_ADDR,26980,
KSF,1.MTD,Fresh,,0,Total leads,TF_LMS_FETCH_DOCUMENTS,81,
,1.MTD,BT,false,5.1,Marketplace Offer Selected,MARKETPLACE_OFFER_SELECTED,1425,
TCL,1.MTD,Fresh,,7.1,Selfie uploaded,SELFIE_CAPTURED,2706,
,1.MTD,Fresh,false,5.12,Marketplace Offer Selected,BUREAU_PROGRAM_TYPE,3143,
,1.MTD,MicroML,false,1001,Unmapped,TF_MQT_BRE_1,14,
UCL,1.MTD,MicroML,,12.19,Mandate done,UC_REQUIRED,7288,
KSF,1.MTD,Fresh,,7.16,Selfie uploaded,KYC_INITIATED_OFFLINE_AADHAAR,5073,
UCL,1.MTD,MicroML,,0,Total leads,KYC_REUSABILITY_NOT_APPLICABLE,30652,
UCL,1.MTD,REPEAT,,12.17,Mandate done,BP_LENDER_SHARE_INIT,2,
KSF,1.MTD,Fresh,,0,Total leads,LEAD_REJECTED,22,
,1.MTD,Fresh,,1001,Unmapped,LENDER_BRE_REJECTED,241,
UCL,1.MTD,MicroML,,14.14,Submit to LMS,LOAN_DISBURSEMENT_INITIATED,6302,
,1.MTD,Fresh,,1001,Unmapped,KYC_SUCCESS_DIGILOCKER,1674,
,1.MTD,Fresh,,1001,Unmapped,KYC_INITIATED_SEARCH_BY_PAN,443,
,1.MTD,Fresh,,1001,Unmapped,AWAIT_LENDER_APP_CREATE,1,
VCL,1.MTD,BT,,14.12,Submit to LMS,TECHNICAL_FAILURE_LMS_PDC_CHECK_INITIATE,321,
NACL,2.LMTD,Renewal,,1.07,Total leads,LOM_OFFER_RANKING_SUCCESS,581,
NACL,2.LMTD,Fresh,,12.37,Application submitted by user,LENDER_DOCUMENT_UPLOAD_INITIATED,941,
FULLERTON,2.LMTD,Renewal,,3.17,Bureau pull success,OFFER_RANKING_SUCCESS,4,
MFL,2.LMTD,Fresh,,0,Total leads,BANK_QC_DOC_RE_UPLOAD_REQUIRED,3,
FULLERTON,2.LMTD,Fresh,,12.18,Application submitted by user,RE_SUBMIT_DISBURSAL_BANK,9,
FULLERTON_BUREAU,2.LMTD,Fresh,,6.15,Selfie uploaded,KYC_CALLBACK_SUCCESS,8223,
FULLERTON,2.LMTD,Fresh,,12.31,Application submitted by user,PREDISBURSAL_INITIATED,9581,
LRE,2.LMTD,Fresh,,0,Unmapped,BRE1_REQUESTED,5,
MFL,2.LMTD,Renewal,,6.22,Selfie uploaded,KYC_RETRYABLE_FAILURE,34,
MFL,2.LMTD,TOP UP,,10.18,Review submit,EMANDATE_REQUIRED_V2,644,
NACL,2.LMTD,Fresh,,6.01,Selfie uploaded,KYC_SELFIE_UPLOADED,2906,
MFL,2.LMTD,TOP UP,,7.13,KYC completed,BRE2_FAILURE,106,
FULLERTON_BUREAU,2.LMTD,Renewal,,13.1,Submit to LMS,LMS_SUBMIT_APPLICATION_SUCCESS,870,
FULLERTON,2.LMTD,TOP UP,,14.13,Disbursed,UDYAM_VALIDATION_PENDING,4129,
PIRAMAL,2.LMTD,Renewal,,7.13,KYC completed,LAS_KYC_AUDIT_SUCCESS,961,
FULLERTON,2.LMTD,Fresh,,7.13,KYC completed,BRE2_REQUESTED,16208,
PIRAMAL,2.LMTD,Renewal,,7.2,KYC completed,BRE2_FAILURE,520,
NACL,2.LMTD,TOP UP,,8.07,BRE2 completed,SETTLEMENT_BANK_DETAILS_FETCHED,1128,
NACL,2.LMTD,Renewal,,8.09,BRE2 completed,MAQUETTE_FRAUD_CHECK_FAILURE,3,
MFL,2.LMTD,Fresh,,12.21,Application submitted by user,PREDISBURSAL_FAILED,5,
NACL,2.LMTD,Renewal,,12.44,Application submitted by user,LENDER_GMV_SHARING_SUCCESS,375,
PIRAMAL,2.LMTD,TOP UP,,13.11,Submit to LMS,LMS_CALLBACK_REJECTED,8,
SHRIRAM,2.LMTD,Fresh,,1.11,Total leads,LEAD_FAILURE,1938,
NACL,2.LMTD,Fresh,,6.02,Selfie uploaded,INITIATE_LENDER_CREATE_APPLICATION,2698,
MFL,2.LMTD,TOP UP,,0,Total leads,PAN_QC_DOC_RE_UPLOADED,1,
PIRAMAL,2.LMTD,Fresh,,0,Total leads,LAS_MANDATE_AUDIT_REQUESTED,28,
NACL,2.LMTD,TOP UP,,12.39,Application submitted by user,LENDER_DOCUMENT_UPLOAD_SUCCESS,811,
MFL,2.LMTD,Fresh,,11.14,Mandate done,SETTLEMENT_BANK_VALIDATION_SUCCESS_V2,507,
FULLERTON_BUREAU,2.LMTD,Fresh,,3.15,Bureau pull success,OFFER_RANKING_INITIATED,4859,
FULLERTON,2.LMTD,Renewal,,6.1,Selfie uploaded,KYC_SELFIE_UPLOADED,4686,
MFL,2.LMTD,Renewal,,10.17,Review submit,EMANDATE_REQUIRED,81,
FULLERTON,2.LMTD,Renewal,,14.12,Disbursed,LAS_LENDER_AUDIT_SUCCESS,1882,
FULLERTON,2.LMTD,TOP UP,,14.11,Disbursed,LENDING_CIF_SUBMIT_SUCCESS,11272,
PIRAMAL,2.LMTD,TOP UP,,11.12,Mandate done,SETTLEMENT_BANK_VALIDATION_SUCCESS_V2,1057,
NACL,2.LMTD,Renewal,,12.46,Application submitted by user,LENDER_MVR_SHARING_INITIATED,359,
FULLERTON_BUREAU,2.LMTD,Renewal,,8.15,BRE2 completed,BANK_VALIDATION_PENDING,239,
SHRIRAM,2.LMTD,Renewal,,12.36,Application submitted by user,BUSINESS_APPROVAL_AWAITED,63,
MFL,2.LMTD,Fresh,,12.13,Application submitted by user,LENDER_UPDATE_APPLICATION_FAILURE,2,
MFL,2.LMTD,Fresh,,0,Total leads,BANK_QC_DOC_RE_UPLOADED,1,
PIRAMAL,2.LMTD,Renewal,,0,Total leads,SETTLEMENT_BANK_UPDATE_SUCCESS,3,
FULLERTON,2.LMTD,Fresh,,14.13,Disbursed,UDYAM_VALIDATION_PENDING,1321,
FULLERTON_BUREAU,2.LMTD,Fresh,,1.11,Total leads,LOM_OFFER_RANKING_SUCCESS,4716,
NACL,2.LMTD,Renewal,,9.03,Disbursal acc verified,GST_VERIFICATION_FAILURE,8,
FULLERTON_BUREAU,2.LMTD,Renewal,,14.11,Disbursed,LENDING_CIF_SUBMIT_SUCCESS,848,
MFL,2.LMTD,TOP UP,,10.1,Review submit,OFFER_SELECTED,947,
PIRAMAL,2.LMTD,BT,,6.16,Selfie uploaded,KYC_CALLBACK_SUCCESS,914,
NACL,2.LMTD,Fresh,,10.02,Review submit,EMANDATE_REQUIRED,1392,
MFL,2.LMTD,Renewal,,6.1,Selfie uploaded,KYC_SELFIE_UPLOADED,421,
NACL,2.LMTD,TOP UP,,12.19,Application submitted by user,LOAN_QC_REJECTED,7,
FULLERTON,2.LMTD,TOP UP,,2.18,Workable leads,PAN_DEDUPE_FAILED,22,
NACL,2.LMTD,TOP UP,,12.17,Application submitted by user,SETTLEMENT_BANK_QC_DOC_RE_UPLOADED,8,
FULLERTON,2.LMTD,TOP UP,,6.11,Selfie uploaded,KYC_SELFIE_REUPLOAD_REQUIRED,546,
FULLERTON,2.LMTD,TOP UP,,12.1,Application submitted by user,BUSINESS_PROOF_VERIFICATION_SUCCESS,2556,
FULLERTON,2.LMTD,Renewal,,2.18,Workable leads,PAN_DEDUPE_FAILED,11,
NACL,2.LMTD,Fresh,,11.02,Mandate done,SETTLEMENT_BANK_VALIDATION_REQUIRED_V2,1132,
FULLERTON_BUREAU,2.LMTD,Renewal,,2.18,Workable leads,PAN_DEDUPE_FAILED,19,
SHRIRAM,2.LMTD,Fresh,,8.11,BRE2 completed,BANK_VALIDATION_PENDING,637,
MFL,2.LMTD,Renewal,,10.16,Review submit,INITIATE_MOB_TO_UDYAM_REQUEST,141,
PIRAMAL,2.LMTD,TOP UP,,0,Total leads,BUREAU_OTP_REQUIRED,4,
FULLERTON,2.LMTD,Renewal,,12.12,Application submitted by user,BUSINESS_PROOF_UDYAM_VERIFICATION_SUCCESS,559,
PIRAMAL,2.LMTD,Renewal,,5.11,Loan offer accepted,LIS_CREATE_APPLICATION_SUCCESS,1289,
FULLERTON,2.LMTD,TOP UP,,12.44,Application submitted by user,LENDER_DOCUMENT_UPLOAD_FAILURE,6,
FULLERTON,1.MTD,Fresh,,12.54,Application submitted by user,LENDER_BANK_UPDATE_SUCCESS,49,
FULLERTON,1.MTD,AD,,3.16,Bureau pull success,OFFER_RANKING_REJECTED,177,
FULLERTON_BUREAU,1.MTD,Fresh,,1.12,Total leads,INITIATE_LOM_LRE_MIGRATION,5729,
FULLERTON,1.MTD,Fresh,,2.21,Workable leads,INITIATE_BUREAU,63,
FULLERTON,1.MTD,Renewal,,6.13,Selfie uploaded,KYC_FAILED,4739,
NACL,1.MTD,TOP UP,,9.04,Disbursal acc verified,BUSINESS_PROOF_DOCUMENT_UPLOAD_SKIPPED,837,
FULLERTON,1.MTD,TOP UP,,12.52,Application submitted by user,LENDER_LIMIT_ENHANCEMENT_SUCCESS,11327,
NACL,1.MTD,Renewal,,1.07,Total leads,LOM_OFFER_RANKING_SUCCESS,569,
NACL,1.MTD,Fresh,,12.37,Application submitted by user,LENDER_DOCUMENT_UPLOAD_INITIATED,1193,
FULLERTON,1.MTD,Renewal,,12.51,Application submitted by user,LENDER_LIMIT_ENHANCEMENT_REQUEST_FAILURE,1,
FULLERTON,1.MTD,Renewal,,3.17,Bureau pull success,OFFER_RANKING_SUCCESS,10,
MFL,1.MTD,Fresh,,0,Total leads,BANK_QC_DOC_RE_UPLOAD_REQUIRED,5,
FULLERTON,1.MTD,Fresh,,12.18,Application submitted by user,RE_SUBMIT_DISBURSAL_BANK,8,
FULLERTON_BUREAU,1.MTD,Fresh,,6.15,Selfie uploaded,KYC_CALLBACK_SUCCESS,10252,
MFL,1.MTD,Fresh,,0,Total leads,INITIATE_KFS_FETCH,159,
FULLERTON,1.MTD,Fresh,,12.31,Application submitted by user,PREDISBURSAL_INITIATED,8977,
LRE,1.MTD,Fresh,,0,Unmapped,BRE1_REQUESTED,3,
MFL,1.MTD,Renewal,,6.22,Selfie uploaded,KYC_RETRYABLE_FAILURE,51,
MFL,1.MTD,TOP UP,,10.18,Review submit,EMANDATE_REQUIRED_V2,991,
NACL,1.MTD,Fresh,,6.01,Selfie uploaded,KYC_SELFIE_UPLOADED,3187,
MFL,1.MTD,TOP UP,,7.13,KYC completed,BRE2_FAILURE,153,
FULLERTON_BUREAU,1.MTD,Renewal,,13.1,Submit to LMS,LMS_SUBMIT_APPLICATION_SUCCESS,1193,
FULLERTON,1.MTD,TOP UP,,14.13,Disbursed,UDYAM_VALIDATION_PENDING,5069,
PIRAMAL,1.MTD,Renewal,,7.13,KYC completed,LAS_KYC_AUDIT_SUCCESS,995,
FULLERTON,1.MTD,Fresh,,7.13,KYC completed,BRE2_REQUESTED,14293,
PIRAMAL,1.MTD,Renewal,,7.2,KYC completed,BRE2_FAILURE,583,
NACL,1.MTD,TOP UP,,8.07,BRE2 completed,SETTLEMENT_BANK_DETAILS_FETCHED,906,
NACL,1.MTD,Renewal,,8.09,BRE2 completed,MAQUETTE_FRAUD_CHECK_FAILURE,17,
NACL,1.MTD,Renewal,,12.44,Application submitted by user,LENDER_GMV_SHARING_SUCCESS,810,
PIRAMAL,1.MTD,TOP UP,,13.11,Submit to LMS,LMS_CALLBACK_REJECTED,30,
SHRIRAM,1.MTD,Fresh,,1.11,Total leads,LEAD_FAILURE,3916,
NACL,1.MTD,Fresh,,6.02,Selfie uploaded,INITIATE_LENDER_CREATE_APPLICATION,3070,
SHRIRAM,1.MTD,Renewal,,3.12,Bureau pull success,BRE1_REQUESTED,1,
PIRAMAL,1.MTD,Fresh,,0,Total leads,LAS_MANDATE_AUDIT_REQUESTED,5,
NACL,1.MTD,TOP UP,,12.39,Application submitted by user,LENDER_DOCUMENT_UPLOAD_SUCCESS,762,
MFL,1.MTD,Fresh,,11.14,Mandate done,SETTLEMENT_BANK_VALIDATION_SUCCESS_V2,356,
FULLERTON_BUREAU,1.MTD,Fresh,,3.15,Bureau pull success,OFFER_RANKING_INITIATED,6867,
FULLERTON,1.MTD,Renewal,,6.1,Selfie uploaded,KYC_SELFIE_UPLOADED,5370,
FULLERTON,1.MTD,TOP UP,,12.13,Application submitted by user,UDYAM_VALIDATION_REQUEST_FAILURE,2,
MFL,1.MTD,Renewal,,10.17,Review submit,EMANDATE_REQUIRED,66,
FULLERTON,1.MTD,Renewal,,14.12,Disbursed,LAS_LENDER_AUDIT_SUCCESS,2403,
FULLERTON,1.MTD,TOP UP,,14.11,Disbursed,LENDING_CIF_SUBMIT_SUCCESS,12370,
PIRAMAL,1.MTD,TOP UP,,11.12,Mandate done,SETTLEMENT_BANK_VALIDATION_SUCCESS_V2,760,
FULLERTON_BUREAU,1.MTD,Renewal,,12.28,Application submitted by user,QC_REJECTED,1,
NACL,1.MTD,Renewal,,12.46,Application submitted by user,LENDER_MVR_SHARING_INITIATED,778,
FULLERTON_BUREAU,1.MTD,Renewal,,8.15,BRE2 completed,BANK_VALIDATION_PENDING,290,
SHRIRAM,1.MTD,Renewal,,12.36,Application submitted by user,BUSINESS_APPROVAL_AWAITED,74,
MFL,1.MTD,Fresh,,12.13,Application submitted by user,LENDER_UPDATE_APPLICATION_FAILURE,14,
MFL,1.MTD,Fresh,,0,Total leads,BANK_QC_DOC_RE_UPLOADED,5,
PIRAMAL,1.MTD,Renewal,,0,Total leads,SETTLEMENT_BANK_UPDATE_SUCCESS,2,
FULLERTON,1.MTD,Fresh,,14.13,Disbursed,UDYAM_VALIDATION_PENDING,1374,
FULLERTON_BUREAU,1.MTD,Fresh,,1.11,Total leads,LOM_OFFER_RANKING_SUCCESS,5686,
NACL,1.MTD,Renewal,,9.03,Disbursal acc verified,GST_VERIFICATION_FAILURE,5,
FULLERTON_BUREAU,1.MTD,Renewal,,14.11,Disbursed,LENDING_CIF_SUBMIT_SUCCESS,1079,
MFL,1.MTD,TOP UP,,10.1,Review submit,OFFER_SELECTED,1515,
PIRAMAL,1.MTD,BT,,6.16,Selfie uploaded,KYC_CALLBACK_SUCCESS,3702,
NACL,1.MTD,Fresh,,10.02,Review submit,EMANDATE_REQUIRED,1324,
MFL,1.MTD,Renewal,,6.1,Selfie uploaded,KYC_SELFIE_UPLOADED,356,
NACL,1.MTD,TOP UP,,12.19,Application submitted by user,LOAN_QC_REJECTED,7,
FULLERTON,1.MTD,TOP UP,,2.18,Workable leads,PAN_DEDUPE_FAILED,15,
NACL,1.MTD,TOP UP,,12.17,Application submitted by user,SETTLEMENT_BANK_QC_DOC_RE_UPLOADED,23,
FULLERTON,1.MTD,TOP UP,,6.11,Selfie uploaded,KYC_SELFIE_REUPLOAD_REQUIRED,494,
FULLERTON,1.MTD,TOP UP,,12.1,Application submitted by user,BUSINESS_PROOF_VERIFICATION_SUCCESS,2410,
FULLERTON,1.MTD,Renewal,,2.18,Workable leads,PAN_DEDUPE_FAILED,13,
NACL,1.MTD,Fresh,,11.02,Mandate done,SETTLEMENT_BANK_VALIDATION_REQUIRED_V2,1224,
MFL,2.LMTD,Renewal,,11.11,Mandate done,MOB2UDYAM_NOT_FOUND,111,
MFL,2.LMTD,Renewal,,8.1,BRE2 completed,BRE2_COMPLETED,244,
FULLERTON,2.LMTD,TOP UP,,8.18,BRE2 completed,MAQUETTE_FRAUD_CHECK_FAILURE,55,
TCL,1.MTD,Fresh,,7.18,Selfie uploaded,KYC_INITIATED_DIGILOCKER,1602,
,1.MTD,Renewal,true,1.11,Total leads,LEAD_RESET,213277,
PIRAMAL AA,1.MTD,Fresh,,11.22,Review submit,LENDER_LEAD_UPDATE_UPDATE_CONSENTS_DETAILS,5992,
TCL,1.MTD,Fresh,,1.11,Total leads,LEAD_RESET,1699,
PYFL,1.MTD,Renewal,,13.1,Application submitted by user,ACCEPT_OFFER_INIT,6136,
PYFL,1.MTD,Fresh,,9.14,BRE2 completed,FETCH_SETTLEMENT_ACCOUNT,12927,
PYFL,1.MTD,Fresh,,1.17,Total leads,LRE_PARENT,6669,
PYFL,1.MTD,Fresh,,8.14,KYC completed,KYC_COMPLETED,17100,
UCL,1.MTD,MicroML,,13.33,Application submitted by user,DOC_UPLOAD_INIT,7858,
,1.MTD,Fresh,false,4.11,BRE1 completed,MARKETPLACE_INPUT_REQUIRED,208647,
KSF,1.MTD,TOP UP,,7.17,Selfie uploaded,KYC_FAILED_OFFLINE_AADHAAR,4,
KSF,1.MTD,TOP UP,,8.17,KYC completed,LENDER_BRE_INITIATED,4770,
KSF,1.MTD,TOP UP,,14.12,Submit to LMS,TF_LMS_PDC_CHECK_INITIATE,2156,
UCL,1.MTD,REPEAT,,14.14,Submit to LMS,LOAN_DISBURSEMENT_INITIATED,457,
PYFL,1.MTD,Fresh,,14.24,Submit to LMS,LMS_ACCOUNT_ACTIVE,6861,
PYFL,1.MTD,Fresh,,7.22,Selfie uploaded,KYC_INITIATED_SEARCH_BY_PAN,21282,
,1.MTD,Fresh,true,2.17,Workable leads,RE_INITIATE_BUREAU,1800,
PYFL,1.MTD,Fresh,,14.14,Submit to LMS,LMS_PDC_CHECK_INITIATE_SUCCESS,7558,
,1.MTD,Fresh,,1001,Unmapped,AA_FAILURE,19,
,1.MTD,Fresh,,1001,Unmapped,BANK_NAME_MATCH_FAILED,184,
KSF,1.MTD,TOP UP,,6.21,Child Lead Created,AWAIT_SELFIE,5286,
TCL,1.MTD,Renewal,,13.4,Application submitted by user,LMS_PDC_CHECK_INITIATE,1092,
PYFL,1.MTD,Renewal,,13.36,Application submitted by user,TF_LENDER_DOC_UPLOAD,6,
TCL,1.MTD,Renewal,,6.31,Child Lead Created,LENDER_APPICATION_CREATE_INITIATED,2780,
UCL,1.MTD,MicroML,,0,Total leads,KYC_REUSABILITY_INITIATED,740,
PYFL,1.MTD,Renewal,,6.17,Child Lead Created,SELFIE_UPLOADING,12329,
KSF,1.MTD,TOP UP,,1.11,Total leads,LEAD_RESET,95,
PYFL,1.MTD,Renewal,,1.1,Total leads,RESET_IN_PROCESS,1899,
TCL,1.MTD,Renewal,,6.36,Child Lead Created,SELFIE_RE_UPLOAD,58,
TCL,1.MTD,Fresh,,12.23,Mandate done,MOBILE_VERIFICATION_COMPLETED,736,
VCL,1.MTD,BT,,10.1,Disbursal acc verified,FETCH_SETTLEMENT_ACCOUNT,1885,
TCL,1.MTD,Fresh,,13.38,Application submitted by user,LMS_LAN_CREATE_INITIATE,629,
PYFL,1.MTD,Renewal,,0,Total leads,PIN_CODE_NOT_SERVICIBLE,146,
PYFL,1.MTD,Renewal,,13.23,Application submitted by user,FI_AWAITED,376,
VCL,1.MTD,BT,,6.11,Child Lead Created,AWAIT_SELFIE,2630,
,1.MTD,Renewal,false,5.13,Marketplace Offer Selected,CHILD_LEAD_CREATION_LIMIT_REACHED,247,
KSF,1.MTD,Fresh,,7.11,Selfie uploaded,INITIATE_MULTIMODE_KYC,71212,
PYFL,1.MTD,Fresh,,13.14,Application submitted by user,QC_REJECTED,256,
,1.MTD,REPEAT,true,2.13,Workable leads,BUREAU_OTP_REQUIRED_WITH_SKIP_OTP,2,
PYFL,1.MTD,Fresh,,13.44,Application submitted by user,TF_LENDER_GMV_UPLOAD_INIT,885,
UCL,1.MTD,MicroML,,9.1,BRE2 completed,BRE2_ENRICH_OFFER,16850,
KSF,1.MTD,Fresh,,0,Total leads,TF_MULTI_SIGN_DOCS,6,
PIRAMAL,2.LMTD,Fresh,,0,Total leads,SETTLEMENT_BANK_UPDATE_SUCCESS,1,
NACL,2.LMTD,Renewal,,11.07,Mandate done,BUSINESS_PROOF_DOCUMENT_UPLOADED,22,
MFL,2.LMTD,TOP UP,,12.14,Application submitted by user,LENDER_UPDATE_APPLICATION_SUCCESS,778,
MFL,2.LMTD,Fresh,,7.12,KYC completed,BRE2_SUCCESS,687,
FULLERTON,2.LMTD,Renewal,,12.28,Application submitted by user,QC_REJECTED,1,
FULLERTON,2.LMTD,Renewal,,5.14,Loan offer accepted,INITIATE_FETCH_EMI_INFO,1,
FULLERTON,2.LMTD,AD,,12.49,Application submitted by user,LMS_SANCTION_ID_FOUND,40,
PIRAMAL,2.LMTD,BT,,2.17,Workable leads,BUREAU_OTP_REQUIRED,1,
FULLERTON_BUREAU,2.LMTD,Renewal,,11.11,Mandate done,SETTLEMENT_BANK_VALIDATION_REQUIRED_V2,1072,
FULLERTON,2.LMTD,TOP UP,,2.24,Workable leads,BUREAU_OTP_SKIPPED,17,
FULLERTON,2.LMTD,Fresh,,3.2,Bureau pull success,LENDER_UPDATE_SUCCESS,17,
FULLERTON,2.LMTD,AD,,12.19,Application submitted by user,RE_SUBMIT_SETTLEMENT_BANK,1,
NACL,2.LMTD,TOP UP,,2.07,Workable leads,BUREAU_INITIATED,2021,
FULLERTON_BUREAU,2.LMTD,Renewal,,12.24,Application submitted by user,BANK_QC_DOC_RE_UPLOADED,6,
NACL,2.LMTD,Renewal,,7.04,KYC completed,SERVICEABILITY_ACCEPTED,1326,
SHRIRAM,2.LMTD,Renewal,,7.1,KYC completed,KYC_COMPLETED,940,
SHRIRAM,2.LMTD,Fresh,,12.17,Application submitted by user,QC_ACTION_PENDING,443,
FULLERTON,2.LMTD,Fresh,,2.16,Workable leads,AADHAAR_MATCH_FAILURE,1,
MFL,2.LMTD,TOP UP,,12.22,Application submitted by user,LOAN_APPLICATION_ACCEPTED,759,
FULLERTON_BUREAU,2.LMTD,Fresh,,14.1,Disbursed,LMS_CALLBACK_SUCCESS,2418,
MFL,2.LMTD,Fresh,,0,Total leads,PAN_DEDUPE_FAILED,1,
FULLERTON,2.LMTD,AD,,7.18,KYC completed,BRE2_SUCCESS,243,
MFL,2.LMTD,Renewal,,12.3,Application submitted by user,LENDER_DOCUMENT_UPLOAD_INITIATED,149,
NACL,2.LMTD,TOP UP,,2.06,Workable leads,INITIATE_BUREAU,16,
FULLERTON,2.LMTD,TOP UP,,14.1,Disbursed,LMS_CALLBACK_SUCCESS,11272,
FULLERTON_BUREAU,2.LMTD,Fresh,,12.27,Application submitted by user,LOAN_APPLICATION_ON_HOLD,21,
MFL,2.LMTD,Fresh,,11.24,Mandate done,BANK_QC_DOC_UPLOADED,7,
FULLERTON_BUREAU,2.LMTD,Renewal,,12.35,Application submitted by user,LOAN_APPLICATION_REJECTED,1,
FULLERTON_BUREAU,2.LMTD,Fresh,,2.22,Workable leads,BUREAU_INITIATED,2,
FULLERTON_BUREAU,2.LMTD,Renewal,,14.1,Disbursed,LMS_CALLBACK_SUCCESS,848,
FULLERTON,2.LMTD,TOP UP,,11.18,Mandate done,SETTLEMENT_BANK_QC_DOC_UPLOADED,25,
NACL,2.LMTD,TOP UP,,11.18,Mandate done,MOB_TO_UDYAM_FETCHED,89,
SHRIRAM,2.LMTD,Renewal,,12.14,Application submitted by user,UDYAM_VALIDATION_FAILURE,11,
PIRAMAL,2.LMTD,BT,,11.1,Mandate done,EMANDATE_SUCCESS,329,
NACL,2.LMTD,Renewal,,12.41,Application submitted by user,LENDER_GMV_SHARING_INITIATED,376,
FULLERTON,2.LMTD,AD,,8.2,BRE2 completed,SETTLEMENT_BANK_DETAILS_FETCHED,243,
NACL,2.LMTD,Fresh,,12.28,Application submitted by user,DIY_FI_DOC_UPLOADED,77,
NACL,2.LMTD,Fresh,,11.01,Mandate done,EMANDATE_SUCCESS,1185,
FULLERTON,2.LMTD,Renewal,,13.11,Submit to LMS,LMS_CALLBACK_REJECTED,13,
FULLERTON,2.LMTD,TOP UP,,2.23,Workable leads,BUREAU_OTP_REQUIRED,27,
MFL,2.LMTD,Fresh,,8.1,BRE2 completed,BRE2_COMPLETED,624,
SHRIRAM,2.LMTD,Renewal,,6.14,Selfie uploaded,LENDER_CREATE_APPLICATION_REJECTED,303,
SHRIRAM,2.LMTD,Fresh,,7.15,KYC completed,BRE2_LOAN_OFFER_UPDATED,1258,
PIRAMAL,2.LMTD,Renewal,,11.18,Mandate done,BANK_QC_DOC_UPLOADED,26,
PIRAMAL,2.LMTD,TOP UP,,12.26,Application submitted by user,LOAN_APPLICATION_ON_HOLD,3,
MFL,2.LMTD,TOP UP,,2.14,Workable leads,BUREAU_ADDITIONAL_DATA_REQUIRED,9,
NACL,2.LMTD,Fresh,,9.01,Disbursal acc verified,BANKING_ACTION_DONE,1583,
PIRAMAL,2.LMTD,Renewal,,14.1,Disbursed,LMS_CALLBACK_SUCCESS,303,
PIRAMAL,2.LMTD,TOP UP,,12.2,Application submitted by user,BUSINESS_APPROVAL_NOT_REQUIRED,1048,
FULLERTON_BUREAU,1.MTD,Renewal,,2.18,Workable leads,PAN_DEDUPE_FAILED,20,
SHRIRAM,1.MTD,Fresh,,8.11,BRE2 completed,BANK_VALIDATION_PENDING,687,
MFL,1.MTD,Renewal,,10.16,Review submit,INITIATE_MOB_TO_UDYAM_REQUEST,114,
PIRAMAL,1.MTD,TOP UP,,0,Total leads,BUREAU_OTP_REQUIRED,3,
FULLERTON,1.MTD,Renewal,,12.12,Application submitted by user,BUSINESS_PROOF_UDYAM_VERIFICATION_SUCCESS,725,
MFL,1.MTD,TOP UP,,0,Total leads,LENDER_ACCEPT_OFFER_INIT_FAILURE,1,
PIRAMAL,1.MTD,Renewal,,5.11,Loan offer accepted,LIS_CREATE_APPLICATION_SUCCESS,1273,
FULLERTON,1.MTD,TOP UP,,12.44,Application submitted by user,LENDER_DOCUMENT_UPLOAD_FAILURE,7,
MFL,1.MTD,Renewal,,11.11,Mandate done,MOB2UDYAM_NOT_FOUND,85,
PIRAMAL,1.MTD,BT,,12.18,Application submitted by user,BANK_QC_DOC_RE_UPLOAD_REQUIRED,2,
MFL,1.MTD,Renewal,,8.1,BRE2 completed,BRE2_COMPLETED,194,
FULLERTON,1.MTD,TOP UP,,3.13,Bureau pull success,BRE1_REQUEST_FAILURE,9,
FULLERTON,1.MTD,TOP UP,,8.18,BRE2 completed,MAQUETTE_FRAUD_CHECK_FAILURE,191,
NACL,1.MTD,Renewal,,12.03,Application submitted by user,UC_FAILURE,1,
PIRAMAL,1.MTD,BT,,0,Total leads,SETTLEMENT_BANK_QC_DOC_RE_UPLOAD_REQUIRED,13,
PIRAMAL,1.MTD,Fresh,,0,Total leads,SETTLEMENT_BANK_UPDATE_SUCCESS,4,
NACL,1.MTD,Renewal,,11.07,Mandate done,BUSINESS_PROOF_DOCUMENT_UPLOADED,36,
MFL,1.MTD,TOP UP,,12.14,Application submitted by user,LENDER_UPDATE_APPLICATION_SUCCESS,1295,
MFL,1.MTD,Fresh,,7.12,KYC completed,BRE2_SUCCESS,384,
FULLERTON,1.MTD,Renewal,,12.28,Application submitted by user,QC_REJECTED,3,
FULLERTON,1.MTD,Renewal,,5.14,Loan offer accepted,INITIATE_FETCH_EMI_INFO,1,
FULLERTON,1.MTD,AD,,12.49,Application submitted by user,LMS_SANCTION_ID_FOUND,20,
PIRAMAL,1.MTD,Renewal,,12.28,Application submitted by user,LMS_SUBMIT_APPLICATION_FAILED,4,
PIRAMAL,1.MTD,BT,,2.17,Workable leads,BUREAU_OTP_REQUIRED,2,
SHRIRAM,1.MTD,Renewal,,4.1,BRE1 completed,BRE1_SUCCESS,1,
FULLERTON_BUREAU,1.MTD,Renewal,,11.11,Mandate done,SETTLEMENT_BANK_VALIDATION_REQUIRED_V2,1439,
FULLERTON,1.MTD,TOP UP,,2.24,Workable leads,BUREAU_OTP_SKIPPED,21,
FULLERTON,1.MTD,Fresh,,3.2,Bureau pull success,LENDER_UPDATE_SUCCESS,22,
NACL,1.MTD,TOP UP,,2.07,Workable leads,BUREAU_INITIATED,2885,
FULLERTON_BUREAU,1.MTD,Renewal,,12.24,Application submitted by user,BANK_QC_DOC_RE_UPLOADED,3,
NACL,1.MTD,Renewal,,7.04,KYC completed,SERVICEABILITY_ACCEPTED,1524,
SHRIRAM,1.MTD,Renewal,,7.1,KYC completed,KYC_COMPLETED,1370,
SHRIRAM,1.MTD,Fresh,,12.17,Application submitted by user,QC_ACTION_PENDING,523,
FULLERTON,1.MTD,Fresh,,2.16,Workable leads,AADHAAR_MATCH_FAILURE,1,
MFL,1.MTD,TOP UP,,12.22,Application submitted by user,LOAN_APPLICATION_ACCEPTED,1289,
FULLERTON_BUREAU,1.MTD,Fresh,,14.1,Disbursed,LMS_CALLBACK_SUCCESS,2963,
FULLERTON,1.MTD,AD,,7.18,KYC completed,BRE2_SUCCESS,93,
MFL,1.MTD,Renewal,,12.3,Application submitted by user,LENDER_DOCUMENT_UPLOAD_INITIATED,176,
NACL,1.MTD,TOP UP,,2.06,Workable leads,INITIATE_BUREAU,28,
FULLERTON,1.MTD,TOP UP,,14.1,Disbursed,LMS_CALLBACK_SUCCESS,12372,
FULLERTON,1.MTD,Fresh,,0,Total leads,LENDING_CIF_SUBMIT_FAILURE,22,
FULLERTON_BUREAU,1.MTD,Fresh,,12.27,Application submitted by user,LOAN_APPLICATION_ON_HOLD,13,
MFL,1.MTD,Fresh,,11.24,Mandate done,BANK_QC_DOC_UPLOADED,8,
FULLERTON_BUREAU,1.MTD,Renewal,,12.35,Application submitted by user,LOAN_APPLICATION_REJECTED,3,
FULLERTON_BUREAU,1.MTD,Fresh,,2.22,Workable leads,BUREAU_INITIATED,1,
FULLERTON_BUREAU,1.MTD,Renewal,,14.1,Disbursed,LMS_CALLBACK_SUCCESS,1079,
FULLERTON,1.MTD,TOP UP,,11.18,Mandate done,SETTLEMENT_BANK_QC_DOC_UPLOADED,24,
NACL,1.MTD,TOP UP,,11.18,Mandate done,MOB_TO_UDYAM_FETCHED,96,
SHRIRAM,1.MTD,Renewal,,12.14,Application submitted by user,UDYAM_VALIDATION_FAILURE,28,
PIRAMAL,1.MTD,BT,,11.1,Mandate done,EMANDATE_SUCCESS,438,
NACL,1.MTD,Renewal,,12.41,Application submitted by user,LENDER_GMV_SHARING_INITIATED,846,
FULLERTON,1.MTD,AD,,8.2,BRE2 completed,SETTLEMENT_BANK_DETAILS_FETCHED,93,
NACL,2.LMTD,Renewal,,13.01,Submit to LMS,LMS_SUBMIT_APPLICATION_SUCCESS,356,
MFL,2.LMTD,TOP UP,,12.19,Application submitted by user,PANEL_SUCCESS,48,
MFL,2.LMTD,Renewal,,0,Total leads,INITIATE_LOM_LRE_MIGRATION,77,
FULLERTON,2.LMTD,Renewal,,11.19,Mandate done,SETTLEMENT_BANK_QC_DOC_REQUIRED,7,
FULLERTON,2.LMTD,Fresh,,3.15,Bureau pull success,OFFER_RANKING_INITIATED,5108,
PIRAMAL,2.LMTD,BT,,12.1,Application submitted by user,E_SIGN_SUCCESS,296,
PIRAMAL,2.LMTD,BT,,12.2,Application submitted by user,QC_ACTION_PENDING,15,
,1.MTD,Fresh,false,4.12,BRE1 completed,MARKETPLACE_OFFER_EXPIRED,13169,
TCL,1.MTD,Fresh,,6.33,Child Lead Created,LENDER_LEAD_UPDATE_UPDATE_PRE_KYC_DETAILS,3301,
PYFL,1.MTD,Fresh,,7.15,Selfie uploaded,AWAIT_LENDER_APP_DROP,18,
TCL,1.MTD,Renewal,,13.28,Application submitted by user,LENDER_GMV_UPLOAD_INIT,780,
TCL,1.MTD,Fresh,,13.11,Application submitted by user,BP_PAN_UDHYAM_INITIATE,678,
PYFL,1.MTD,Renewal,,13.16,Application submitted by user,INITIATE_SETTLEMENT_ACCOUNT_NAME_MATCH_QC_DOC_REUPLOAD,493,
KSF,1.MTD,Fresh,,13.14,Application submitted by user,LENDER_AUDIT_TRAIL_UPLOAD_INIT_SUCCESS,28369,
,1.MTD,Fresh,,1001,Unmapped,LENDER_AUDIT_TRAIL_UPLOAD_INIT,21,
UCL,1.MTD,REPEAT,,8.1,KYC completed,KYC_SUCCESS_DIGILOCKER,576,
,1.MTD,REPEAT,false,4.11,BRE1 completed,MARKETPLACE_INPUT_REQUIRED,93,
PYFL,1.MTD,Renewal,,14.14,Submit to LMS,LMS_PDC_CHECK_INITIATE_SUCCESS,4704,
TCL,1.MTD,Fresh,,6.15,Child Lead Created,BANK_NAME_MATCH,4153,
,1.MTD,TOP UP,false,3.12,Bureau pull success,TF_TRIGGER_ML_LO_JOURNEY,7,
TCL,1.MTD,Fresh,,12.18,Mandate done,LENDER_LEAD_UPDATE_UPDATE_VKYC_DETAILS,763,
UCL,1.MTD,REPEAT,,9.16,BRE2 completed,LENDER_BANK_SHARING_INITIATED,522,
UCL,1.MTD,Fresh,,6.11,Child Lead Created,AWAIT_SELFIE,34010,
TCL,1.MTD,Renewal,,6.16,Child Lead Created,BANK_NAME_MATCH_FAILED,371,
PYFL,1.MTD,Fresh,,13.29,Application submitted by user,PDC_SUCCESS,9319,
,1.MTD,MicroML,true,2.15,Workable leads,BUREAU_ALT_MOBILE_REQUIRED,10628,
,1.MTD,Fresh,true,2.1,Workable leads,LEAD_CREATE,2425076,
,1.MTD,MicroML,false,3.11,Bureau pull success,BRE1_INITIATE,29758,
,1.MTD,MicroML,false,4.12,BRE1 completed,MARKETPLACE_OFFER_EXPIRED,11,
PYFL,1.MTD,Renewal,,7.31,Selfie uploaded,KYC_REJECTED,418,
UCL,1.MTD,Fresh,,1.1,Total leads,LEAD_RESET,1169,
KSF,1.MTD,TOP UP,,8.13,KYC completed,SERVICEABILITY_ACCEPTED,4362,
,1.MTD,Fresh,true,5.12,Marketplace Offer Selected,BUREAU_PROGRAM_TYPE,42413,
PYFL,1.MTD,Renewal,,13.41,Application submitted by user,AWAIT_MULTI_SIGN_DOCS,5143,
,1.MTD,Fresh,,1001,Unmapped,SERVICIBILITY_CHECK,1674,
PIRAMAL AA,1.MTD,Fresh,,0,Total leads,DOC_UPLOAD_INIT,13541,
UCL,1.MTD,MicroML,,9.15,BRE2 completed,ADD_BANK,10520,
VCL,1.MTD,BT,,12.13,Mandate done,AWAIT_BP_SELECTION,7878,
,1.MTD,Fresh,,1001,Unmapped,SETTLEMENT_BANK_UPDATE_REQUIRED,494,
,1.MTD,Renewal,true,5.12,Marketplace Offer Selected,BUREAU_PROGRAM_TYPE,15483,
PYFL,1.MTD,Renewal,,9.2,BRE2 completed,LENDER_BANK_SHARING_INITIATED,9416,
KSF,1.MTD,TOP UP,,13.22,Application submitted by user,FI_APPROVED,5,
PIRAMAL AA,1.MTD,Fresh,,11.16,Review submit,QC_CHECK,5954,
UCL,1.MTD,REPEAT,,0,Total leads,KYC_REUSABILITY_FOUND,614,
KSF,1.MTD,Fresh,,6.17,Child Lead Created,BANK_LINKING_SUCCESS,77485,
,1.MTD,Fresh,true,1001,Unmapped,BP_PAN_GST_VINTAGE,307276,
PIRAMAL AA,1.MTD,Fresh,,0,Total leads,AA_FAILURE,4721,
SHRIRAM,2.LMTD,Renewal,,1.12,Total leads,LOM_OFFER_RANKING_SUCCESS,146,
FULLERTON_BUREAU,2.LMTD,Fresh,,8.14,BRE2 completed,ADDITIONAL_DATA_NOT_REQUIRED,3619,
NACL,2.LMTD,TOP UP,,12.21,Application submitted by user,PREDISBURSAL_INITIATED,817,
NACL,2.LMTD,Fresh,,1.02,Total leads,LEAD_CLOSURE_INITIATED,360,
FULLERTON_BUREAU,2.LMTD,Fresh,,12.34,Application submitted by user,APPROVED_BY_BUSINESS,21,
PIRAMAL,2.LMTD,TOP UP,,11.1,Mandate done,EMANDATE_SUCCESS,1057,
MFL,2.LMTD,Fresh,,12.16,Application submitted by user,QC_ACTION_PENDING,164,
NACL,2.LMTD,Fresh,,12.2,Application submitted by user,PANEL_SUCCESS,84,
PIRAMAL,2.LMTD,Fresh,,9.14,Disbursal acc verified,KYB_SAVE_BUSINESS_DETAILS_SUCCESS,2828,
FULLERTON_BUREAU,2.LMTD,Fresh,,8.15,BRE2 completed,BANK_VALIDATION_PENDING,423,
NACL,2.LMTD,TOP UP,,11.15,Mandate done,BANK_QC_DOC_UPLOAD_REQUIRED,17,
PIRAMAL,2.LMTD,TOP UP,,0,Total leads,BUREAU_RETRYABLE_ERROR,2,
PIRAMAL,2.LMTD,BT,,8.11,BRE2 completed,KYB_SAVE_BUSINESS_DETAILS_SUCCESS,423,
NACL,2.LMTD,Fresh,,7.04,KYC completed,SERVICEABILITY_ACCEPTED,2055,
PIRAMAL,2.LMTD,Renewal,,13.1,Submit to LMS,LMS_SUBMIT_APPLICATION_SUCCESS,333,
FULLERTON,2.LMTD,AD,,4.1,BRE1 completed,BRE1_SUCCESS,437,
PIRAMAL,2.LMTD,Renewal,,0,Total leads,BANK_QC_DOC_RE_UPLOADED,15,
FULLERTON,2.LMTD,AD,,6.15,Selfie uploaded,KYC_CALLBACK_SUCCESS,356,
PIRAMAL,2.LMTD,TOP UP,,0,Total leads,BRE3_NOT_REQUIRED,1258,
PIRAMAL,2.LMTD,TOP UP,,12.16,Application submitted by user,LOAN_QC_REJECTED,2,
FULLERTON_BUREAU,2.LMTD,Fresh,,11.31,Mandate done,BUSINESS_PROOF_VERIFICATION_SKIPPED,2702,
FULLERTON,2.LMTD,Renewal,,8.2,BRE2 completed,SETTLEMENT_BANK_DETAILS_FETCHED,2895,
MFL,2.LMTD,TOP UP,,2.12,Workable leads,CUSTOMER_DATA_NOT_PREFILLED,2,
NACL,2.LMTD,Fresh,,8.06,BRE2 completed,FETCH_SETTLEMENT_BANK_ACCOUNT,1538,
MFL,2.LMTD,Renewal,,11.22,Mandate done,PAN_QC_DOC_UPLOADED,12,
PIRAMAL,2.LMTD,BT,,2.13,Workable leads,BUREAU_ALTERNATE_MOBILE_NUMBER_REQUIRED,23,
SHRIRAM,2.LMTD,Renewal,,6.11,Selfie uploaded,LIS_CREATE_APPLICATION_PENDING,1322,
PIRAMAL,2.LMTD,TOP UP,,8.1,BRE2 completed,BRE2_COMPLETED,1258,
FULLERTON_BUREAU,2.LMTD,Fresh,,12.21,Application submitted by user,PAN_QC_DOC_RE_UPLOAD_REQUIRED,2,
SHRIRAM,2.LMTD,Fresh,,12.37,Application submitted by user,DIY_FI_REQUIRED,443,
FULLERTON,2.LMTD,TOP UP,,12.21,Application submitted by user,PAN_QC_DOC_RE_UPLOAD_REQUIRED,17,
MFL,2.LMTD,Renewal,,6.21,Selfie uploaded,KYC_SELFIE_REUPLOAD_REQUIRED,34,
SHRIRAM,2.LMTD,Renewal,,12.33,Application submitted by user,LOAN_APPLICATION_ACCEPTED,697,
FULLERTON_BUREAU,2.LMTD,Fresh,,12.35,Application submitted by user,LOAN_APPLICATION_REJECTED,2,
FULLERTON,2.LMTD,Fresh,,15.1,Lead closed,LEAD_SUCCESSFULLY_CLOSED,7626,
SHRIRAM,2.LMTD,Fresh,,9.1,Disbursal acc verified,BANKING_ACTION_DONE,3604,
PIRAMAL,2.LMTD,BT,,12.31,Application submitted by user,PREDISBURSAL_FAILED,8,
MFL,2.LMTD,TOP UP,,7.12,KYC completed,BRE2_SUCCESS,1160,
PIRAMAL,2.LMTD,BT,,12.27,Application submitted by user,PANEL_SUCCESS,15,
NACL,2.LMTD,Fresh,,1.1,Total leads,LOM_LRE_MIGRATION_INITIATED,504,
FULLERTON,1.MTD,Renewal,,15.1,Lead closed,LEAD_SUCCESSFULLY_CLOSED,2155,
PIRAMAL,1.MTD,Fresh,,12.15,Application submitted by user,QC_REJECTED,6,
MFL,1.MTD,Fresh,,12.1,Application submitted by user,UC_SKIPPED,10,
SHRIRAM,1.MTD,Renewal,,12.22,Application submitted by user,SETTLEMENT_BANK_QC_DOC_RE_UPLOAD_REQUIRED,31,
NACL,1.MTD,Fresh,,12.26,Application submitted by user,LOAN_APPLICATION_ACCEPTED,1208,
NACL,2.LMTD,TOP UP,,11.16,Mandate done,BANK_QC_DOC_UPLOADED,17,
MFL,2.LMTD,TOP UP,,11.2,Mandate done,LOAN_AGREEMENT_SUCCESS,850,
FULLERTON,2.LMTD,AD,,2.26,Workable leads,BUREAU_ADDITIONAL_DATA_REQUIRED,3,
NACL,2.LMTD,TOP UP,,12.18,Application submitted by user,QC_REJECTED,2,
FULLERTON_BUREAU,2.LMTD,Fresh,,12.31,Application submitted by user,PREDISBURSAL_INITIATED,2643,
PIRAMAL,2.LMTD,BT,,3.1,Bureau pull success,BUREAU_SUCCESS,4307,
NACL,2.LMTD,TOP UP,,12.22,Application submitted by user,PREDISBURSAL_FAILED,85,
PIRAMAL,2.LMTD,BT,,8.19,BRE2 completed,BANK_VALIDATION_FAILURE2,12,
MFL,2.LMTD,TOP UP,,12.21,Application submitted by user,PREDISBURSAL_FAILED,48,
MFL,2.LMTD,Fresh,,10.1,Review submit,OFFER_SELECTED,603,
NACL,1.MTD,Fresh,,12.28,Application submitted by user,DIY_FI_DOC_UPLOADED,94,
NACL,1.MTD,Fresh,,11.01,Mandate done,EMANDATE_SUCCESS,1224,
FULLERTON,1.MTD,Renewal,,13.11,Submit to LMS,LMS_CALLBACK_REJECTED,37,
FULLERTON,1.MTD,TOP UP,,2.23,Workable leads,BUREAU_OTP_REQUIRED,35,
NACL,1.MTD,Renewal,,13.01,Submit to LMS,LMS_SUBMIT_APPLICATION_SUCCESS,779,
MFL,1.MTD,TOP UP,,12.19,Application submitted by user,PANEL_SUCCESS,64,
MFL,1.MTD,Renewal,,0,Total leads,INITIATE_LOM_LRE_MIGRATION,78,
FULLERTON,1.MTD,Renewal,,11.19,Mandate done,SETTLEMENT_BANK_QC_DOC_REQUIRED,20,
FULLERTON,1.MTD,Fresh,,3.15,Bureau pull success,OFFER_RANKING_INITIATED,8765,
PIRAMAL,1.MTD,Fresh,,0,Total leads,OFFER_RANKING_SUCCESS,1,
PIRAMAL,1.MTD,BT,,12.1,Application submitted by user,E_SIGN_SUCCESS,419,
PIRAMAL,1.MTD,BT,,12.2,Application submitted by user,QC_ACTION_PENDING,29,
MFL,1.MTD,Fresh,,8.1,BRE2 completed,BRE2_COMPLETED,384,
SHRIRAM,1.MTD,Renewal,,6.14,Selfie uploaded,LENDER_CREATE_APPLICATION_REJECTED,454,
SHRIRAM,1.MTD,Fresh,,7.15,KYC completed,BRE2_LOAN_OFFER_UPDATED,32,
PIRAMAL,1.MTD,Renewal,,11.18,Mandate done,BANK_QC_DOC_UPLOADED,16,
PIRAMAL,1.MTD,TOP UP,,12.26,Application submitted by user,LOAN_APPLICATION_ON_HOLD,2,
MFL,1.MTD,TOP UP,,2.14,Workable leads,BUREAU_ADDITIONAL_DATA_REQUIRED,9,
NACL,1.MTD,Fresh,,9.01,Disbursal acc verified,BANKING_ACTION_DONE,1422,
PIRAMAL,1.MTD,Renewal,,14.1,Disbursed,LMS_CALLBACK_SUCCESS,370,
LRE,1.MTD,Renewal,,0,Unmapped,LEAD_FAILURE,7,
PIRAMAL,1.MTD,TOP UP,,12.2,Application submitted by user,BUSINESS_APPROVAL_NOT_REQUIRED,764,
SHRIRAM,1.MTD,Renewal,,1.12,Total leads,LOM_OFFER_RANKING_SUCCESS,226,
FULLERTON_BUREAU,1.MTD,Fresh,,8.14,BRE2 completed,ADDITIONAL_DATA_NOT_REQUIRED,4170,
NACL,1.MTD,TOP UP,,12.21,Application submitted by user,PREDISBURSAL_INITIATED,764,
NACL,1.MTD,Fresh,,1.02,Total leads,LEAD_CLOSURE_INITIATED,1424,
FULLERTON_BUREAU,1.MTD,Fresh,,12.34,Application submitted by user,APPROVED_BY_BUSINESS,41,
PIRAMAL,1.MTD,TOP UP,,11.1,Mandate done,EMANDATE_SUCCESS,760,
MFL,1.MTD,Fresh,,12.16,Application submitted by user,QC_ACTION_PENDING,90,
NACL,1.MTD,Fresh,,12.2,Application submitted by user,PANEL_SUCCESS,109,
PIRAMAL,1.MTD,Fresh,,9.14,Disbursal acc verified,KYB_SAVE_BUSINESS_DETAILS_SUCCESS,2218,
FULLERTON_BUREAU,1.MTD,Fresh,,8.15,BRE2 completed,BANK_VALIDATION_PENDING,618,
NACL,1.MTD,TOP UP,,11.15,Mandate done,BANK_QC_DOC_UPLOAD_REQUIRED,13,
PIRAMAL,1.MTD,BT,,8.11,BRE2 completed,KYB_SAVE_BUSINESS_DETAILS_SUCCESS,557,
NACL,1.MTD,Fresh,,7.04,KYC completed,SERVICEABILITY_ACCEPTED,2131,
PIRAMAL,1.MTD,Renewal,,13.1,Submit to LMS,LMS_SUBMIT_APPLICATION_SUCCESS,342,
PIRAMAL,1.MTD,BT,,12.28,Application submitted by user,LOAN_QC_REJECTED,2,
FULLERTON,1.MTD,AD,,4.1,BRE1 completed,BRE1_SUCCESS,161,
PIRAMAL,1.MTD,Renewal,,0,Total leads,BANK_QC_DOC_RE_UPLOADED,1,
FULLERTON,1.MTD,AD,,6.15,Selfie uploaded,KYC_CALLBACK_SUCCESS,140,
PIRAMAL,1.MTD,TOP UP,,0,Total leads,BRE3_NOT_REQUIRED,911,
FULLERTON_BUREAU,1.MTD,Fresh,,11.31,Mandate done,BUSINESS_PROOF_VERIFICATION_SKIPPED,3290,
FULLERTON,1.MTD,Renewal,,8.2,BRE2 completed,SETTLEMENT_BANK_DETAILS_FETCHED,3258,
MFL,1.MTD,TOP UP,,2.12,Workable leads,CUSTOMER_DATA_NOT_PREFILLED,4,
NACL,1.MTD,Fresh,,8.06,BRE2 completed,FETCH_SETTLEMENT_BANK_ACCOUNT,1430,
MFL,1.MTD,Renewal,,11.22,Mandate done,PAN_QC_DOC_UPLOADED,4,
PIRAMAL,1.MTD,BT,,2.13,Workable leads,BUREAU_ALTERNATE_MOBILE_NUMBER_REQUIRED,39,
SHRIRAM,1.MTD,Renewal,,6.11,Selfie uploaded,LIS_CREATE_APPLICATION_PENDING,1912,
PIRAMAL,1.MTD,TOP UP,,8.1,BRE2 completed,BRE2_COMPLETED,911,
FULLERTON_BUREAU,1.MTD,Fresh,,12.21,Application submitted by user,PAN_QC_DOC_RE_UPLOAD_REQUIRED,1,
SHRIRAM,1.MTD,Fresh,,12.37,Application submitted by user,DIY_FI_REQUIRED,601,
FULLERTON,1.MTD,TOP UP,,12.21,Application submitted by user,PAN_QC_DOC_RE_UPLOAD_REQUIRED,5,
MFL,1.MTD,Renewal,,6.21,Selfie uploaded,KYC_SELFIE_REUPLOAD_REQUIRED,51,
SHRIRAM,1.MTD,Renewal,,12.33,Application submitted by user,LOAN_APPLICATION_ACCEPTED,1116,
SHRIRAM,1.MTD,Renewal,,12.16,Application submitted by user,PREDISBURSAL_FAILED,3,
FULLERTON_BUREAU,1.MTD,Fresh,,12.35,Application submitted by user,LOAN_APPLICATION_REJECTED,8,
FULLERTON,1.MTD,Fresh,,15.1,Lead closed,LEAD_SUCCESSFULLY_CLOSED,7948,
SHRIRAM,1.MTD,Fresh,,9.1,Disbursal acc verified,BANKING_ACTION_DONE,4546,
PIRAMAL,1.MTD,BT,,12.31,Application submitted by user,PREDISBURSAL_FAILED,51,
MFL,1.MTD,TOP UP,,7.12,KYC completed,BRE2_SUCCESS,1821,
PIRAMAL,1.MTD,BT,,12.27,Application submitted by user,PANEL_SUCCESS,15,
NACL,1.MTD,Fresh,,1.1,Total leads,LOM_LRE_MIGRATION_INITIATED,1576,
PYFL,1.MTD,Renewal,,1.17,Total leads,LRE_PARENT,3194,
PYFL,1.MTD,Fresh,,14.17,Submit to LMS,LOAN_DISBURSEMENT_INITIATED,7558,
UCL,1.MTD,Fresh,,1.1400000000000001,Total leads,RESET_IN_PROCESS,1165,
PIRAMAL AA,1.MTD,Fresh,,7.11,Selfie uploaded,SERVICIBILITY_CHECK,261830,
KSF,1.MTD,Fresh,,8.1,KYC completed,KYC_COMPLETED,52849,
UCL,1.MTD,Fresh,,14.11,Submit to LMS,LMS_PDC_CHECK_INITIATE,6680,
KSF,1.MTD,Fresh,,14.16,Submit to LMS,LOAN_DISBURSEMENT_SUCCESS,22853,
PYFL,1.MTD,Fresh,,9.2,BRE2 completed,LENDER_BANK_SHARING_INITIATED,15100,
,1.MTD,MicroML,false,5.1,Marketplace Offer Selected,MARKETPLACE_OFFER_SELECTED,5766,
PYFL,1.MTD,Fresh,,13.22,Application submitted by user,DIY_FI_REQUIRED,1089,
,1.MTD,Fresh,,1001,Unmapped,LENDER_BRE1_INIT,1475,
KSF,1.MTD,Fresh,,6.1,Child Lead Created,ML_CHILD_LEAD_CREATED,82537,
UCL,1.MTD,Fresh,,9.15,BRE2 completed,ADD_BANK,12538,
,1.MTD,Fresh,,5.11,Marketplace Offer Selected,LRE_RESET_MARKETPLACE_INPUT_REQUIRED,2,
PIRAMAL AA,1.MTD,Fresh,,0,Total leads,TF_LENDER_DOC_UPLOAD,4293,
,1.MTD,TOP UP,false,2.16,Workable leads,BUREAU_ADR_REQUIRED,35,
TCL,1.MTD,Fresh,,0,Total leads,LEAD_REJECTED,6,
KSF,1.MTD,TOP UP,,9.13,BRE2 completed,LENDER_KYC_VALIDATION_SUCCESS,4217,
KSF,1.MTD,Fresh,,6.13,Child Lead Created,PENNY_DROP_COMPLETED,83362,
,1.MTD,BT,false,1.11,Total leads,LEAD_RESET,484,
KSF,1.MTD,TOP UP,,6.1,Child Lead Created,ML_CHILD_LEAD_CREATED,5352,
TCL,1.MTD,Fresh,,14.13,Submit to LMS,LOAN_DISBURSEMENT_SUCCESS,442,
UCL,1.MTD,REPEAT,,14.18,Submit to LMS,LMS_ACCOUNT_ACTIVE,447,
PYFL,1.MTD,Fresh,,12.13,Mandate done,LENDER_UPDATE_APPLICATION_INITIATED,9736,
PIRAMAL AA,1.MTD,Fresh,,0,Total leads,BANK_LINKING_SUCCESS,13541,
,1.MTD,Fresh,false,3.1,Bureau pull success,BUREAU_PULL_SUCCESS,508322,
PIRAMAL AA,1.MTD,Fresh,,8.1,KYC completed,AA_REQUIRED,2469657,
TCL,1.MTD,Fresh,,7.17,Selfie uploaded,TF_KYC_INITIATED_SEARCH_BY_AADHAR,22,
PIRAMAL AA,1.MTD,Fresh,,11.21,Review submit,PDC_SUCCESS,5954,
PYFL,1.MTD,Fresh,,6.14,Child Lead Created,SERVICEABILITY_ACCEPTED,25717,
VCL,1.MTD,BT,,1.1400000000000001,Total leads,LRE_MIGRATION,1,
,1.MTD,REPEAT,false,5.16,Marketplace Offer Selected,LO_LEAD_CREATION_SUCCESS,93,
,1.MTD,Fresh,,1001,Unmapped,LENDER_BRE2_INIT,252,
TCL,1.MTD,Renewal,,0,Total leads,VKYC_AGENT_OOO_SKIP,234,
,1.MTD,BT,,1001,Unmapped,SELFIE_CAPTURED,1,
TCL,1.MTD,Fresh,,6.18,Child Lead Created,SOLE_PROP_CHECK_FAILED,4,
PIRAMAL AA,1.MTD,Fresh,,0,Total leads,LMS_PDC_CHECK_INITIATE_SUCCESS,5849,
,1.MTD,Fresh,,1001,Unmapped,LENDER_AUDIT_TRAIL_UPLOAD_INIT_SUCCESS,21,
UCL,1.MTD,MicroML,,0,Total leads,LEAD_REJECTED,3,
,1.MTD,Fresh,,1001,Unmapped,LMS_PDC_CHECK_INITIATE,78,
KSF,1.MTD,TOP UP,,7.16,Selfie uploaded,KYC_INITIATED_OFFLINE_AADHAAR,85,
KSF,1.MTD,TOP UP,,14.1,Submit to LMS,LMS_LAN_CREATE_INITIATE,2946,
,1.MTD,Fresh,,1001,Unmapped,SOLE_PROP_CHECK_FAILED,9,
KSF,1.MTD,Fresh,,6.18,Child Lead Created,AWAIT_LENDER_APP_CREATE,75756,
UCL,1.MTD,MicroML,,11.14,Review submit,SKIP_BUSINESS_PROOF,286,
,1.MTD,MicroML,false,2.1,Workable leads,LEAD_CREATE,30690,
UCL,1.MTD,Fresh,,8.13,KYC completed,SERVICIBILITY_SUCCESS,15820,
,1.MTD,Fresh,,2.1,Workable leads,LEAD_CREATE,372,
,1.MTD,Fresh,false,5.11,Marketplace Offer Selected,LRE_RESET_MARKETPLACE_INPUT_REQUIRED,24860,
,1.MTD,Renewal,false,4.12,BRE1 completed,MARKETPLACE_OFFER_EXPIRED,650,
TCL,1.MTD,Renewal,,6.23,Child Lead Created,LENDER_PAN_VERIFICATION_FAILED,29,
TCL,1.MTD,Fresh,,0,Total leads,AGENT_REJECTED_SKIPPED,13,
TCL,1.MTD,Fresh,,7.14,Selfie uploaded,TF_KYC_INITIATED_SEARCH_BY_PAN,1,
PYFL,1.MTD,Renewal,,6.16,Child Lead Created,AWAIT_SELFIE,14043,
,1.MTD,Renewal,true,2.15,Workable leads,BUREAU_ALT_MOBILE_REQUIRED,2506,
,1.MTD,Fresh,false,2.13,Workable leads,BUREAU_OTP_REQUIRED_WITH_SKIP_OTP,8904,
,1.MTD,Renewal,false,3.11,Bureau pull success,BRE1_INITIATE,45182,
KSF,1.MTD,Fresh,,14.18,Submit to LMS,LMS_FETCH_RPS_FETCHED,22850,
TCL,1.MTD,Renewal,,13.19,Application submitted by user,BP_FAILURE,563,
,1.MTD,MicroML,true,5.1,Marketplace Offer Selected,MARKETPLACE_OFFER_SELECTED,39616,
TCL,1.MTD,Renewal,,8.1,KYC completed,KYC_SUCCESS_SEARCH_BY_PAN,765,
KSF,1.MTD,TOP UP,,10.1,Disbursal acc verified,AWAIT_OFFER_ACCEPT,4217,
TCL,1.MTD,Fresh,,13.37,Application submitted by user,FI_APPROVED,3,
UCL,1.MTD,Fresh,,11.11,Review submit,TF_LENDER_OFFER_UPDATE,613,
VCL,1.MTD,BT,,7.13,Selfie uploaded,INITIATE_MULTIMODE_KYC,2466,
PYFL,1.MTD,Renewal,,0,Total leads,TF_LRE_RANKING,11,
,1.MTD,Renewal,false,4.1,BRE1 completed,BRE1_SUCCESS,26326,
KSF,1.MTD,Fresh,,0,Total leads,TF_AUDIT_TRAIL_UPLOAD,3,
TCL,1.MTD,Renewal,,15.1,Disbursed,LOAN_DISBURSEMENT_COMPLETED,508,
PYFL,1.MTD,Renewal,,10.1,Disbursal acc verified,BANK_LINKING_SUCCESS,7892,
KSF,1.MTD,Fresh,,13.16,Application submitted by user,DIY_FI_SKIPPED,1124,
KSF,1.MTD,Fresh,,14.2,Submit to LMS,LMS_FETCH_DOCUMENTS_INIT,22931,
UCL,1.MTD,MicroML,,7.16,Selfie uploaded,INITIATE_MULTIMODE_KYC,84272,
VCL,1.MTD,BT,,13.3,Application submitted by user,FI_APPROVED,2,
,1.MTD,Fresh,,1001,Unmapped,BP_PAN_GST_VINTAGE,11,
UCL,1.MTD,REPEAT,,9.1,BRE2 completed,BRE2_ENRICH_OFFER,543,
PYFL,1.MTD,Fresh,,7.29,Selfie uploaded,KYC_FAILED_OFFLINE_AADHAAR,1534,
KSF,1.MTD,Fresh,,7.19,Selfie uploaded,KYC_EXPIRED,2803,
,1.MTD,Fresh,true,2.15,Workable leads,BUREAU_ALT_MOBILE_REQUIRED,204784,
KSF,1.MTD,Fresh,,7.2,Selfie uploaded,KYC_REJECTED,3414,
TCL,1.MTD,Renewal,,13.11,Application submitted by user,BP_PAN_UDHYAM_INITIATE,759,
PYFL,1.MTD,Fresh,,13.26,Application submitted by user,FI_APPROVED,291,
TCL,1.MTD,Renewal,,9.11,BRE2 completed,BRE2_SUCCESS,1156,
,1.MTD,MicroML,true,2.13,Workable leads,BUREAU_OTP_REQUIRED_WITH_SKIP_OTP,1238,
,1.MTD,REPEAT,true,4.11,BRE1 completed,MARKETPLACE_INPUT_REQUIRED,4446,
,1.MTD,Renewal,true,1.1,Total leads,RESET_IN_PROCESS,213257,
,1.MTD,Fresh,,1001,Unmapped,INITIATE_MULTIMODE_KYC,2832,
,1.MTD,Fresh,true,1001,Unmapped,TF_LEAD_MIGRATION_SUCCESS,747,
KSF,1.MTD,Fresh,,8.16,KYC completed,LENDER_GMV_UPLOAD_SUCCESS,50522,
KSF,1.MTD,TOP UP,,6.18,Child Lead Created,AWAIT_LENDER_APP_CREATE,5308,
UCL,1.MTD,MicroML,,13.12,Application submitted by user,INITIATE_SETTLEMENT_ACCOUNT_NAME_MATCH_QC_DOC_UPLOAD,565,
,1.MTD,Fresh,false,2.16,Workable leads,BUREAU_ADR_REQUIRED,47947,
TCL,1.MTD,Renewal,,13.23,Application submitted by user,LENDER_DOC_UPLOAD_IN_PROGRESS_PAN_VERIFICATION,826,
,1.MTD,Fresh,true,2.11,Workable leads,PAN_DEDUPE_FAILED,20348,
PIRAMAL AA,1.MTD,Fresh,,0,Total leads,KYC_COMPLETED,261865,
KSF,1.MTD,Fresh,,0,Total leads,TF_FETCH_DOC_INIT,4,
TCL,1.MTD,Fresh,,14.1,Submit to LMS,LOAN_DISBURSEMENT_INITIATED,527,
KSF,1.MTD,Fresh,,0,Total leads,TF_LENDER_DOC_UPLOAD,5062,
KSF,1.MTD,Fresh,,1.1,Total leads,RESET_IN_PROCESS,5140,
UCL,1.MTD,MicroML,,9.12,BRE2 completed,FETCH_SETTLEMENT_ACCOUNT,16850,
UCL,1.MTD,Fresh,,1.13,Total leads,CHECK_LRE_RANKING,5631,
TCL,1.MTD,Fresh,,13.4,Application submitted by user,LMS_PDC_CHECK_INITIATE,1146,
TCL,1.MTD,Renewal,,7.21,Selfie uploaded,KYC_REJECTED,86,
KSF,1.MTD,TOP UP,,6.11,Child Lead Created,FETCH_SETTLEMENT_ACCOUNT,8816,
TCL,1.MTD,Renewal,,0,Total leads,KYC_COMPLETED,1868,
KSF,1.MTD,Fresh,,14.13,Submit to LMS,LMS_PDC_CHECK_INITIATE_SUCCESS,23372,
,1.MTD,Fresh,false,1001,Unmapped,ML_DISTRIBUTION_PROGRAM,96651,
VCL,1.MTD,BT,,13.12,Application submitted by user,LENDER_MANDATE_DETAILS_SHARING_INITIATED,788,
KSF,1.MTD,Fresh,,0,Total leads,TF_FETCH_SETTLEMENT_ACCOUNT,14,
UCL,1.MTD,MicroML,,6.12,Child Lead Created,SELFIE_UPLOADING,32979,
TCL,1.MTD,Renewal,,13.18,Application submitted by user,BP_SUCCESS,255,
UCL,1.MTD,Fresh,,14.17,Submit to LMS,LMS_FETCH_DOCUMENTS_INIT,5682,
,1.MTD,Fresh,,1001,Unmapped,LENDER_BRE_INIT,2007,
,1.MTD,MicroML,true,5.16,Marketplace Offer Selected,LO_LEAD_CREATION_SUCCESS,39636,
,1.MTD,BT,false,2.16,Workable leads,BUREAU_ADR_REQUIRED,4,
KSF,1.MTD,TOP UP,,13.21,Application submitted by user,FI_REJECTED,16,
TCL,1.MTD,Fresh,,6.11,Child Lead Created,FETCH_SETTLEMENT_ACCOUNT,4937,
PYFL,1.MTD,Fresh,,9.18,BRE2 completed,PENNY_DROP_INITIATED,19887,
,1.MTD,TOP UP,false,2.11,Workable leads,PAN_DEDUPE_FAILED,24,
KSF,1.MTD,TOP UP,,13.13,Application submitted by user,LENDER_AUDIT_TRAIL_UPLOAD_INIT,2968,
,1.MTD,Fresh,,1001,Unmapped,KYC_SUCCESS_SEARCH_BY_PAN,111,
UCL,1.MTD,MicroML,,8.11,KYC completed,FETCH_SHOP_NAME_FALLBACK_NSDL_NAME,17913,
UCL,1.MTD,REPEAT,,1.15,Total leads,LENDER_APP_REJECT_INITIATE,1,
UCL,1.MTD,Fresh,,11.12,Review submit,LENDER_OFFER_UPDATE,11102,
KSF,1.MTD,Fresh,,0,Total leads,TF_TNC_ACCEPT_ON_KYB,6,
TCL,1.MTD,Renewal,,0,Total leads,FI_ON_HOLD,17,
,1.MTD,REPEAT,false,3.13,Bureau pull success,BRE1_FAILED,156,
UCL,1.MTD,Fresh,,8.16,KYC completed,TF_LENDER_BRE_INIT,560,
KSF,1.MTD,Fresh,,12.18,Mandate done,VKYC_AUTO_SKIPPED,10275,
KSF,1.MTD,Fresh,,0,Total leads,TF_LENDER_BRE_INIT,1586,
VCL,1.MTD,BT,,7.11,Selfie uploaded,LENDER_APPICATION_CREATE_INITIATED,2538,
,1.MTD,MicroML,true,1001,Unmapped,SAVE_NTC,172,
,1.MTD,Fresh,,1001,Unmapped,CHECK_LRE_RANKING,2285,
VCL,1.MTD,BT,,13.17,Application submitted by user,LENDER_BANK_DETAILS_SHARING_INITIATED,2626,
UCL,1.MTD,MicroML,,7.14,Selfie uploaded,LENDER_APP_CREATE_SUCCESS,31392,
,1.MTD,REPEAT,false,5.1,Marketplace Offer Selected,MARKETPLACE_OFFER_SELECTED,93,
KSF,1.MTD,TOP UP,,13.14,Application submitted by user,LENDER_AUDIT_TRAIL_UPLOAD_INIT_SUCCESS,2968,
TCL,1.MTD,Fresh,,6.14,Child Lead Created,PENNY_DROP_COMPLETED,4153,
PYFL,1.MTD,Renewal,,13.15,Application submitted by user,QC_SUCCESS,642,
KSF,1.MTD,Fresh,,12.13,Mandate done,VKYC_SKIPPED,1850,
KSF,1.MTD,Fresh,,7.17,Selfie uploaded,KYC_FAILED_OFFLINE_AADHAAR,2610,
UCL,1.MTD,Fresh,,14.19,Submit to LMS,LOAN_DISBURSEMENT_SUCCESS,5686,
PIRAMAL AA,1.MTD,Fresh,,0,Total leads,FI_AWAITED,6842,
KSF,1.MTD,TOP UP,,12.12,Mandate done,LENDER_PENNY_DROP_COMPLETED,3461,
KSF,1.MTD,Fresh,,1.11,Total leads,LEAD_RESET,22373,
TCL,1.MTD,Renewal,,6.33,Child Lead Created,LENDER_LEAD_UPDATE_UPDATE_PRE_KYC_DETAILS,2859,
KSF,1.MTD,Fresh,,7.13,Selfie uploaded,KYC_INITIATED_DIGILOCKER,60634,
,1.MTD,MicroML,true,2.1,Workable leads,LEAD_CREATE,384790,
TCL,1.MTD,Renewal,,12.13,Mandate done,KYC_EXPIRED,57,
TCL,1.MTD,Fresh,,14.15,Submit to LMS,TECHNICAL_FAILURE_LMS_FETCH_RPS,1,
UCL,1.MTD,REPEAT,,9.13,BRE2 completed,PENNY_DROP_INITIATED,760,
UCL,1.MTD,Fresh,,13.12,Application submitted by user,INITIATE_SETTLEMENT_ACCOUNT_NAME_MATCH_QC_DOC_UPLOAD,394,
UCL,1.MTD,MicroML,,11.17,Review submit,EMANDATE_REQUIRED,12201,
KSF,1.MTD,Fresh,,9.12,BRE2 completed,LENDER_KYC_VALIDATION_REJECTED,1473,
UCL,1.MTD,Fresh,,13.17,Application submitted by user,QC_ACTION_PENDING,400,
,1.MTD,MicroML,true,3.1,Bureau pull success,BUREAU_PULL_SUCCESS,382546,
PIRAMAL AA,1.MTD,Fresh,,0,Total leads,LRE_MIGRATION,84668,
KSF,1.MTD,TOP UP,,14.11,Submit to LMS,LMS_PDC_CHECK_INITIATE,5381,
TCL,1.MTD,Fresh,,11.11,Review submit,EMANDATE_REQUIRED,897,
PIRAMAL AA,1.MTD,Fresh,,7.16,Selfie uploaded,LENDER_BRE1_INIT,237840,
KSF,1.MTD,TOP UP,,6.17,Child Lead Created,BANK_LINKING_SUCCESS,5325,
PYFL,1.MTD,Fresh,,1.12,Total leads,LRE_MIGRATION,6663,
PYFL,1.MTD,Fresh,,8.21,KYC completed,BRE_ABORTED,8,
,1.MTD,BT,false,4.1,BRE1 completed,BRE1_SUCCESS,1449,
UCL,1.MTD,MicroML,,13.13,Application submitted by user,INITIATE_SETTLEMENT_ACCOUNT_NAME_MATCH_QC_DOC_REUPLOAD,169,
TCL,1.MTD,Renewal,,6.22,Child Lead Created,LENDER_PAN_VERIFICATION_SUCCESS,3121,
,1.MTD,Fresh,,1001,Unmapped,LENDER_BRE1_INIT_FAILED,1215,
PIRAMAL AA,1.MTD,Fresh,,12.1,Mandate done,LMS_LAN_CREATE_INITIATE,6298,
,1.MTD,Fresh,,1001,Unmapped,SERVICIBILITY_FAILURE,202,
UCL,1.MTD,MicroML,,14.11,Submit to LMS,LMS_PDC_CHECK_INITIATE,11862,
PYFL,1.MTD,Fresh,,9.16,BRE2 completed,ADD_BANK,7375,
VCL,1.MTD,BT,,8.12,KYC completed,LENDER_BRE_INITIATED,2203,
VCL,1.MTD,BT,,7.12,Selfie uploaded,LENDER_APP_CREATE_SUCCESS,2466,
,1.MTD,Fresh,false,4.1,BRE1 completed,BRE1_SUCCESS,306450,
UCL,1.MTD,REPEAT,,0,Total leads,SELFIE_RE_UPLOAD,7,
PYFL,1.MTD,Renewal,,8.16,KYC completed,LENDER_BRE_INIT,13996,
,1.MTD,Fresh,,1001,Unmapped,LMS_LAN_CREATE_INITIATE,77,
PYFL,1.MTD,Renewal,,13.37,Application submitted by user,LENDER_DOC_UPLOAD_IN_PROGRESS_SANCTION_LETTER,5127,
,1.MTD,TOP UP,false,5.16,Marketplace Offer Selected,LO_LEAD_CREATION_SUCCESS,3005,
,1.MTD,Fresh,false,2.17,Workable leads,RE_INITIATE_BUREAU,416,
VCL,1.MTD,BT,,8.11,KYC completed,LENDER_BRE_INIT,2203,
UCL,1.MTD,Fresh,,7.12,Selfie uploaded,LENDER_APPICATION_CREATE_INITIATED,27136,
UCL,1.MTD,REPEAT,,0,Total leads,TECHNICAL_FAILURE_LMS_ACCOUNT_ACTIVE,5,
UCL,1.MTD,REPEAT,,0,Total leads,KYC_COMPLETED,576,
VCL,1.MTD,BT,,12.14,Mandate done,BP_UDHYAM_DECLERATION_INITIATE,7454,
,1.MTD,Fresh,true,1001,Unmapped,TF_MQT_BRE_1,8374,
,1.MTD,Fresh,false,1001,Unmapped,TF_UPDATE_OFFER_RE2,89,
PIRAMAL AA,1.MTD,Fresh,,0,Total leads,KYC_FAILED_DIGILOCKER,31681,
TCL,1.MTD,Fresh,,13.36,Application submitted by user,FI_REJECTED,47,
KSF,1.MTD,TOP UP,,1.1400000000000001,Total leads,LRE_MIGRATION,39,
KSF,1.MTD,Fresh,,7.18,Selfie uploaded,KYC_SUCCESS_OFFLINE_AADHAAR,889,
UCL,1.MTD,MicroML,,8.17,KYC completed,LENDER_BRE_INIT,17913,
,1.MTD,Fresh,,1001,Unmapped,TF_LENDER_BRE_INIT,1656,
UCL,1.MTD,REPEAT,,13.13,Application submitted by user,INITIATE_SETTLEMENT_ACCOUNT_NAME_MATCH_QC_DOC_REUPLOAD,9,
,1.MTD,BT,false,2.11,Workable leads,PAN_DEDUPE_FAILED,1,
TCL,1.MTD,Fresh,,14.2,Submit to LMS,TF_LENDER_RPS_CALCULATION,435,
UCL,1.MTD,REPEAT,,15.1,Disbursed,LOAN_DISBURSEMENT_COMPLETED,447,
KSF,1.MTD,TOP UP,,7.13,Selfie uploaded,KYC_INITIATED_DIGILOCKER,4798,
KSF,1.MTD,Fresh,,0,Total leads,TF_LENDER_KYC_VALIDATE_INIT,137,
,1.MTD,BT,false,1.1,Total leads,RESET_IN_PROCESS,478,
,1.MTD,MicroML,true,2.12,Workable leads,BUREAU_INIT,185070,
,1.MTD,BT,false,2.15,Workable leads,BUREAU_ALT_MOBILE_REQUIRED,12,
TCL,1.MTD,Renewal,,6.21,Child Lead Created,AWAIT_LENDER_PAN_VERIFICATION,3141,
PYFL,1.MTD,Fresh,,13.12,Application submitted by user,QC_CHECK,10107,
TCL,1.MTD,Renewal,,7.1,Selfie uploaded,SELFIE_CAPTURED,2277,
,1.MTD,Renewal,false,2.18,Workable leads,BUREAU_PULL_FAILED,5,
PYFL,1.MTD,Renewal,,13.13,Application submitted by user,QC_ACTION_PENDING,1471,
,1.MTD,Renewal,false,2.16,Workable leads,BUREAU_ADR_REQUIRED,100,
PYFL,1.MTD,Fresh,,12.12,Mandate done,LENDER_MANDATE_DETAILS_SHARING_INITIATED,9737,
UCL,1.MTD,Fresh,,11.15,Review submit,BP_MOBILE_UDYAM_INIT,8442,
UCL,1.MTD,Fresh,,7.13,Selfie uploaded,LENDER_CREATE_APPLICATION_REJECTED,1560,
KSF,1.MTD,TOP UP,,0,Total leads,TECHNICAL_FAILURE_LMS_FETCH_RPS,4,
,1.MTD,Fresh,,1001,Unmapped,SERVICEABILITY_ACCEPTED,1475,
,1.MTD,Fresh,,1001,Unmapped,TF_LENDER_DOC_UPLOAD,8,
KSF,1.MTD,Fresh,,9.1,BRE2 completed,BRE2_SUCCESS,39746,
PYFL,1.MTD,Fresh,,12.1,Mandate done,LENDER_BANK_DETAILS_SHARING_INITIATED,9752,
UCL,1.MTD,MicroML,,0,Total leads,TECHNICAL_FAILURE_LMS_ACCOUNT_ACTIVE,52,
UCL,1.MTD,MicroML,,1.13,Total leads,CHECK_LRE_RANKING,5216,
PYFL,1.MTD,Renewal,,13.12,Application submitted by user,QC_CHECK,6650,
UCL,1.MTD,Fresh,,0,Total leads,LENDER_MVR_UPLOAD_SKIP,1871,
UCL,1.MTD,MicroML,,14.17,Submit to LMS,LMS_FETCH_DOCUMENTS_INIT,6092,
KSF,1.MTD,Fresh,,0,Total leads,TF_MQT_PDC,2,
UCL,1.MTD,REPEAT,,12.14,Mandate done,BP_PAN_UDHYAM_INITIATE,1,
KSF,1.MTD,TOP UP,,6.22,Child Lead Created,SELFIE_UPLOADING,4891,
UCL,1.MTD,REPEAT,,1.1400000000000001,Total leads,RESET_IN_PROCESS,47,
KSF,1.MTD,Fresh,,6.21,Child Lead Created,AWAIT_SELFIE,74995,
PYFL,1.MTD,Fresh,,6.12,Child Lead Created,SERVICIBILITY_CHECK,26034,
,1.MTD,Renewal,true,1001,Unmapped,SAVE_NTC,7,
,1.MTD,Fresh,,1001,Unmapped,PDC_FAILED,3,
TCL,1.MTD,Fresh,,0,Total leads,VKYC_AUTO_SKIPPED,73,
PYFL,1.MTD,Fresh,,7.16,Selfie uploaded,SELFIE_RE_UPLOAD,1935,
KSF,1.MTD,Fresh,,13.11,Application submitted by user,LENDER_DOC_UPLOAD_IN_PROGRESS_LOAN_AGREEMENT,28958,
,1.MTD,Fresh,,1001,Unmapped,SELFIE_UPLOADING,1896,
,1.MTD,Fresh,true,5.15,Marketplace Offer Selected,OE_LEAD_CREATION_SUCCESS,141491,
,1.MTD,BT,false,2.1,Workable leads,LEAD_CREATE,3095,
UCL,1.MTD,MicroML,,13.11,Application submitted by user,BP_SUCCESS,7809,
TCL,1.MTD,Renewal,,7.11,Selfie uploaded,INITIATE_MULTIMODE_KYC,3899,
VCL,1.MTD,BT,,13.14,Application submitted by user,LENDER_MANDATE_DETAILS_SHARING_SUCCESS,788,
UCL,1.MTD,Fresh,,12.13,Mandate done,TF_EDIT_UDYAM_DETAILS,18,
UCL,1.MTD,MicroML,,8.18,KYC completed,LENDER_BRE_INITIATED,17913,
PYFL,1.MTD,Renewal,,8.13,KYC completed,LENDER_BRE_RETRY,3947,
,1.MTD,MicroML,false,3.1,Bureau pull success,BUREAU_PULL_SUCCESS,29761,
,1.MTD,REPEAT,true,2.11,Workable leads,PAN_DEDUPE_FAILED,7,
TCL,1.MTD,Renewal,,14.11,Submit to LMS,LOAN_DISBURSEMENT_FAILURE,48,
KSF,1.MTD,Fresh,,6.22,Child Lead Created,SELFIE_UPLOADING,68008,
,1.MTD,Fresh,false,5.15,Marketplace Offer Selected,OE_LEAD_CREATION_SUCCESS,62084,
PYFL,1.MTD,Renewal,,9.14,BRE2 completed,FETCH_SETTLEMENT_ACCOUNT,8107,
,1.MTD,Fresh,,1001,Unmapped,AGENT_REJECTED,2,
TCL,1.MTD,Renewal,,1.21,Total leads,LENDER_APP_REJECT_INITIATE,814,
KSF,1.MTD,TOP UP,,0,Total leads,TF_VKYC_DOCS,15,
,1.MTD,Fresh,,5.12,Marketplace Offer Selected,BUREAU_PROGRAM_TYPE,4,
PYFL,1.MTD,Renewal,,7.12,Selfie uploaded,TF_LENDER_APP_CREATE,179,
KSF,1.MTD,Fresh,,6.16,Child Lead Created,SOLE_PROP_CHECK_FAILED,42,
PYFL,1.MTD,Renewal,,8.1,KYC completed,KYC_SUCCESS_SEARCH_BY_PAN,3367,
,1.MTD,Renewal,false,2.15,Workable leads,BUREAU_ALT_MOBILE_REQUIRED,271,
,1.MTD,Fresh,true,4.12,BRE1 completed,MARKETPLACE_OFFER_EXPIRED,123529,
KSF,1.MTD,TOP UP,,7.11,Selfie uploaded,INITIATE_MULTIMODE_KYC,5144,
VCL,1.MTD,BT,,10.11,Disbursal acc verified,PENNY_DROP_INITIATED,2216,
,1.MTD,Fresh,,1001,Unmapped,TF_LENDER_BANK_SHARING,14,
PYFL,1.MTD,Renewal,,10.15,Disbursal acc verified,LOAN_AGREEMENT_SUCCESS,6993,
,1.MTD,Fresh,,1001,Unmapped,LOAN_DISBURSEMENT_INITIATED,72,
,1.MTD,TOP UP,false,4.11,BRE1 completed,MARKETPLACE_INPUT_REQUIRED,3027,
,1.MTD,MicroML,false,1.1,Total leads,RESET_IN_PROCESS,13710,
UCL,1.MTD,REPEAT,,14.16,Submit to LMS,LMS_FETCH_RPS_INITIATED,447,
UCL,1.MTD,REPEAT,,7.13,Selfie uploaded,LENDER_CREATE_APPLICATION_REJECTED,12,
PYFL,1.MTD,Fresh,,13.41,Application submitted by user,AWAIT_MULTI_SIGN_DOCS,8510,
TCL,1.MTD,Renewal,,6.19,Child Lead Created,BANK_LINKING_SUCCESS,3168,
TCL,1.MTD,Fresh,,6.19,Child Lead Created,BANK_LINKING_SUCCESS,3821,
KSF,1.MTD,Fresh,,7.15,Selfie uploaded,KYC_SUCCESS_DIGILOCKER,54576,
,1.MTD,Fresh,,1001,Unmapped,AWAIT_SELFIE,1879,
,1.MTD,Fresh,true,1001,Unmapped,TF_UPDATE_OFFER_RE2,1618,
VCL,1.MTD,BT,,0,Total leads,REINITIATE_PDC,93,
,1.MTD,Fresh,false,1001,Unmapped,SAVE_NTC,1598,
TCL,1.MTD,Fresh,,12.12,Mandate done,VKYC_USER_SKIP,245,
TCL,1.MTD,Fresh,,0,Total leads,DIY_FI_REQUIRED,5,
,1.MTD,Fresh,,1001,Unmapped,LENDER_BRE_RETRY,1656,
PYFL,1.MTD,Fresh,,14.18,Submit to LMS,LOAN_DISBURSEMENT_FAILURE,65,
TCL,1.MTD,Renewal,,14.13,Submit to LMS,LOAN_DISBURSEMENT_SUCCESS,508,
,1.MTD,TOP UP,false,3.13,Bureau pull success,BRE1_FAILED,4603,
PIRAMAL AA,1.MTD,Fresh,,7.15,Selfie uploaded,LENDER_LEAD_UPDATE_UPDATE_ADDITIONAL_DETAILS,239211,
TCL,1.MTD,Fresh,,9.11,BRE2 completed,BRE2_SUCCESS,1034,
PYFL,1.MTD,Renewal,,14.2,Submit to LMS,LMS_FETCH_RPS_INITIATED,4315,
KSF,1.MTD,Fresh,,6.19,Child Lead Created,LENDER_PAN_DEDUP_FAILED,851,
,1.MTD,Fresh,true,5.1,Marketplace Offer Selected,MARKETPLACE_OFFER_SELECTED,504443,
PYFL,1.MTD,Renewal,,13.44,Application submitted by user,TF_LENDER_GMV_UPLOAD_INIT,577,
PYFL,1.MTD,Renewal,,13.24,Application submitted by user,FI_ON_HOLD,88,
PYFL,1.MTD,Fresh,,9.11,BRE2 completed,BRE2_ENRICH_OFFER,12927,
TCL,1.MTD,Fresh,,6.1,Child Lead Created,ML_CHILD_LEAD_CREATED,4203,
TCL,1.MTD,Renewal,,6.14,Child Lead Created,PENNY_DROP_COMPLETED,3469,
KSF,1.MTD,TOP UP,,7.2,Selfie uploaded,KYC_REJECTED,7,
,1.MTD,Fresh,,1001,Unmapped,AUDITOR_APPROVED,66,
UCL,1.MTD,MicroML,,7.15,Selfie uploaded,KYC_REJECTED,4764,
PYFL,1.MTD,Renewal,,1.15,Total leads,CHECK_LRE_RANKING,3314,
KSF,1.MTD,TOP UP,,6.12,Child Lead Created,PENNY_DROP_FAILED,53,
KSF,1.MTD,Fresh,,7.12,Selfie uploaded,SELFIE_RE_UPLOAD,5599,
PIRAMAL AA,1.MTD,Fresh,,0,Total leads,SELFIE_UPLOADING,379898,
KSF,1.MTD,TOP UP,,12.1,Mandate done,EMANDATE_SUCCESS,3463,
TCL,1.MTD,Renewal,,10.1,Disbursal acc verified,AWAIT_OFFER_ACCEPT,1158,
UCL,1.MTD,MicroML,,12.15,Mandate done,BP_FAILURE,571,
TCL,1.MTD,Renewal,,0,Total leads,LMS_PDC_CHECK_INITIATE_SUCCESS,641,
TCL,1.MTD,Fresh,,13.28,Application submitted by user,LENDER_GMV_UPLOAD_INIT,682,
TCL,1.MTD,Fresh,,6.23,Child Lead Created,LENDER_PAN_VERIFICATION_FAILED,25,
UCL,1.MTD,MicroML,,12.14,Mandate done,BP_PAN_UDHYAM_INITIATE,7655,
,1.MTD,Fresh,,1001,Unmapped,LMS_ADDRESS_UPDATE_INIT,51,
TCL,1.MTD,Fresh,,13.24,Application submitted by user,LENDER_MVR_UPLOAD_INIT,717,
PYFL,1.MTD,Fresh,,7.24,Selfie uploaded,KYC_FAILED_SEARCH_BY_PAN,15929,
UCL,1.MTD,Fresh,,0,Total leads,KYC_REUSABILITY_INITIATED,3075,
NACL,1.MTD,TOP UP,,11.16,Mandate done,BANK_QC_DOC_UPLOADED,10,
MFL,1.MTD,TOP UP,,11.2,Mandate done,LOAN_AGREEMENT_SUCCESS,1322,
FULLERTON,1.MTD,AD,,2.26,Workable leads,BUREAU_ADDITIONAL_DATA_REQUIRED,1,
NACL,1.MTD,TOP UP,,12.18,Application submitted by user,QC_REJECTED,2,
FULLERTON_BUREAU,1.MTD,Fresh,,12.31,Application submitted by user,PREDISBURSAL_INITIATED,3186,
PIRAMAL,1.MTD,BT,,3.1,Bureau pull success,BUREAU_SUCCESS,7025,
NACL,1.MTD,TOP UP,,12.22,Application submitted by user,PREDISBURSAL_FAILED,53,
PIRAMAL,1.MTD,BT,,8.19,BRE2 completed,BANK_VALIDATION_FAILURE2,24,
MFL,1.MTD,TOP UP,,12.21,Application submitted by user,PREDISBURSAL_FAILED,70,
MFL,1.MTD,Fresh,,10.1,Review submit,OFFER_SELECTED,400,
,1.MTD,TOP UP,false,2.13,Workable leads,BUREAU_OTP_REQUIRED_WITH_SKIP_OTP,5,
TCL,1.MTD,Renewal,,7.12,Selfie uploaded,KYC_INITIATED_SEARCH_BY_PAN,2205,
KSF,1.MTD,TOP UP,,7.12,Selfie uploaded,SELFIE_RE_UPLOAD,249,
,1.MTD,Fresh,,1001,Unmapped,LENDER_PAN_VERIFICATION_SUCCESS,593,
,1.MTD,Renewal,true,5.15,Marketplace Offer Selected,OE_LEAD_CREATION_SUCCESS,47307,
UCL,1.MTD,MicroML,,0,Total leads,MANDATE_REUSE_FAILED,12201,
,1.MTD,TOP UP,false,1001,Unmapped,TF_MQT_BRE_1,19,
PYFL,1.MTD,Renewal,,14.11,Submit to LMS,TECHNICAL_FAILURE_LMS_LAN_CREATE,75,
TCL,1.MTD,Renewal,,7.18,Selfie uploaded,KYC_INITIATED_DIGILOCKER,1182,
TCL,1.MTD,Fresh,,13.18,Application submitted by user,BP_SUCCESS,153,
UCL,1.MTD,Fresh,,0,Total leads,TF_BP_MOBILE_UDYAM_INIT,127,
,1.MTD,Fresh,true,4.1,BRE1 completed,BRE1_SUCCESS,1749934,
,1.MTD,Renewal,true,3.11,Bureau pull success,BRE1_INITIATE,593381,
,1.MTD,TOP UP,false,5.1,Marketplace Offer Selected,MARKETPLACE_OFFER_SELECTED,3004,
VCL,1.MTD,BT,,13.2,Application submitted by user,QC_ACTION_PENDING,92,
PIRAMAL AA,1.MTD,Fresh,,12.11,Mandate done,LOAN_DISBURSEMENT_INITIATED,5849,
UCL,1.MTD,MicroML,,15.1,Disbursed,LOAN_DISBURSEMENT_COMPLETED,6090,
KSF,1.MTD,Fresh,,14.11,Submit to LMS,LMS_PDC_CHECK_INITIATE,45790,
VCL,1.MTD,BT,,13.28,Application submitted by user,DIY_FI_SKIPPED,1,
UCL,1.MTD,MicroML,,13.18,Application submitted by user,PDC_INITIATE,7859,
,1.MTD,MicroML,true,1.11,Total leads,LEAD_RESET,87840,
KSF,1.MTD,Fresh,,6.12,Child Lead Created,PENNY_DROP_FAILED,1155,
,1.MTD,REPEAT,true,3.1,Bureau pull success,BUREAU_PULL_SUCCESS,7709,
,1.MTD,MicroML,false,1001,Unmapped,TF_CHECK_EMAIL_BLACKLIST,2,
UCL,1.MTD,MicroML,,13.16,Application submitted by user,QC_SUCCESS,362,
TCL,1.MTD,Renewal,,12.1,Mandate done,EMANDATE_SUCCESS,841,
,1.MTD,TOP UP,false,1.1,Total leads,RESET_IN_PROCESS,87,
PYFL,1.MTD,Fresh,,13.25,Application submitted by user,FI_REJECTED,507,
KSF,1.MTD,Fresh,,12.12,Mandate done,LENDER_PENNY_DROP_COMPLETED,31670,
,1.MTD,Fresh,,1001,Unmapped,LOAN_DISBURSEMENT_SUCCESS,72,
,1.MTD,BT,false,5.15,Marketplace Offer Selected,OE_LEAD_CREATION_SUCCESS,373,
KSF,1.MTD,TOP UP,,14.19,Submit to LMS,LMS_ACCOUNT_ACTIVE,2088,
TCL,1.MTD,Fresh,,1.17,Total leads,TF_LRE_RANKING,2,
KSF,1.MTD,TOP UP,,1.12,Total leads,CHECK_LRE_RANKING,176,
UCL,1.MTD,REPEAT,,8.11,KYC completed,FETCH_SHOP_NAME_FALLBACK_NSDL_NAME,576,
UCL,1.MTD,MicroML,,14.1,Submit to LMS,LMS_LAN_CREATE_INITIATE,6980,
UCL,1.MTD,Fresh,,13.11,Application submitted by user,BP_SUCCESS,5915,
PYFL,1.MTD,Fresh,,13.36,Application submitted by user,TF_LENDER_DOC_UPLOAD,12,
TCL,1.MTD,Fresh,,7.11,Selfie uploaded,INITIATE_MULTIMODE_KYC,5000,
KSF,1.MTD,Fresh,,13.23,Application submitted by user,PDC_INITIATE,26398,
,1.MTD,Renewal,true,5.13,Marketplace Offer Selected,CHILD_LEAD_CREATION_LIMIT_REACHED,2874,
KSF,1.MTD,TOP UP,,13.16,Application submitted by user,DIY_FI_SKIPPED,27,
,1.MTD,Renewal,true,1001,Unmapped,BP_PAN_GST_VINTAGE,44992,
,1.MTD,MicroML,false,2.12,Workable leads,BUREAU_INIT,28442,
,1.MTD,Fresh,,2.12,Workable leads,BUREAU_INIT,205,
VCL,1.MTD,BT,,14.22,Submit to LMS,LMS_OLD_LAN_NDC_SUBMIT_INIT,13,
,1.MTD,REPEAT,true,1.11,Total leads,LEAD_RESET,1395,
TCL,1.MTD,Renewal,,12.11,Mandate done,VKYC_REQUIRED,763,
PYFL,1.MTD,Fresh,,7.25,Selfie uploaded,KYC_INITIATED_DIGILOCKER,12377,
,1.MTD,Fresh,,1001,Unmapped,KYC_FAILED_DIGILOCKER,201,
UCL,1.MTD,Fresh,,12.2,Mandate done,UC_DETAILS_CAPTURED,5234,
UCL,1.MTD,Fresh,,13.35,Application submitted by user,LENDER_MVR_UPLOAD_INIT,5818,
TCL,1.MTD,Fresh,,6.21,Child Lead Created,AWAIT_LENDER_PAN_VERIFICATION,3789,
,1.MTD,MicroML,false,2.15,Workable leads,BUREAU_ALT_MOBILE_REQUIRED,2764,
PYFL,1.MTD,Fresh,,14.27,Submit to LMS,TF_LMS_FETCH_DOCUMENTS,235,
KSF,1.MTD,Fresh,,13.18,Application submitted by user,DIY_FI_DOC_UPLOADED,1164,
PYFL,1.MTD,Fresh,,11.1,Review submit,EMANDATE_REQUIRED,11687,
PYFL,1.MTD,Fresh,,7.13,Selfie uploaded,LENDER_APP_CREATE_SUCCESS,21410,
,1.MTD,Fresh,true,1001,Unmapped,BUREAU_EXPIRY,52816,
TCL,1.MTD,Renewal,,13.38,Application submitted by user,LMS_LAN_CREATE_INITIATE,769,
TCL,1.MTD,Renewal,,13.29,Application submitted by user,LENDER_DATALAKE_PRE_DISBURSAL,783,
,1.MTD,Fresh,,1001,Unmapped,BRE2_ENRICH_OFFER,182,
TCL,1.MTD,Fresh,,13.39,Application submitted by user,TECHNICAL_FAILURE_LMS_LAN_CREATE,66,
,1.MTD,Renewal,false,5.11,Marketplace Offer Selected,LRE_RESET_MARKETPLACE_INPUT_REQUIRED,2846,
PYFL,1.MTD,Fresh,,8.13,KYC completed,LENDER_BRE_RETRY,17324,
PYFL,1.MTD,Fresh,,14.28,Submit to LMS,FETCH_DOC_INIT_SUCCESS,6828,
PYFL,1.MTD,Fresh,,7.31,Selfie uploaded,KYC_REJECTED,1697,
PIRAMAL AA,1.MTD,Fresh,,0,Total leads,BRE2_FAILURE,972,
PIRAMAL AA,1.MTD,Fresh,,0,Total leads,LENDER_AUDIT_TRAIL_UPLOAD_INIT_SUCCESS,5924,
,1.MTD,MicroML,true,3.11,Bureau pull success,BRE1_INITIATE,382763,
TCL,1.MTD,Renewal,,8.2,KYC completed,TF_LENDER_BRE_INIT,18,
TCL,1.MTD,Renewal,,12.18,Mandate done,LENDER_LEAD_UPDATE_UPDATE_VKYC_DETAILS,963,
KSF,1.MTD,Fresh,,8.15,KYC completed,LENDER_GMV_UPLOAD_INIT,50623,
UCL,1.MTD,REPEAT,,10.11,Disbursal acc verified,AWAIT_OFFER_ACCEPT,515,
TCL,1.MTD,Renewal,,0,Total leads,TF_FETCH_SETTLEMENT_ACCOUNT,1,
PYFL,1.MTD,Renewal,,9.16,BRE2 completed,ADD_BANK,5622,
TCL,1.MTD,Renewal,,13.35,Application submitted by user,FI_AWAITED,53,
,1.MTD,Renewal,false,2.13,Workable leads,BUREAU_OTP_REQUIRED_WITH_SKIP_OTP,210,
TCL,1.MTD,Fresh,,8.12,KYC completed,KYC_SUCCESS_SEARCH_BY_AADHAR,26,
UCL,1.MTD,REPEAT,,14.1,Submit to LMS,LMS_LAN_CREATE_INITIATE,467,
VCL,1.MTD,BT,,15.1,Disbursed,LOAN_DISBURSEMENT_COMPLETED,474,
PIRAMAL AA,1.MTD,Fresh,,0,Total leads,LMS_FETCH_RPS_INITIATED,5249,
TCL,1.MTD,Renewal,,1.11,Total leads,LEAD_RESET,1731,
PYFL,1.MTD,Fresh,,14.2,Submit to LMS,LMS_FETCH_RPS_INITIATED,6861,
PIRAMAL AA,1.MTD,Fresh,,6.11,Child Lead Created,LENDER_APPICATION_CREATE_INITIATED,374988,
PYFL,1.MTD,Renewal,,0,Total leads,TF_MQT_PDC,2,
,1.MTD,Fresh,,1001,Unmapped,TECHNICAL_FAILURE_LMS_LAN_CREATE,1,
,1.MTD,REPEAT,false,1.11,Total leads,LEAD_RESET,108,
UCL,1.MTD,Fresh,,7.17,Selfie uploaded,KYC_INITIATED_DIGILOCKER,53182,
TCL,1.MTD,Renewal,,8.13,KYC completed,KYC_SUCCESS_DIGILOCKER,1082,
VCL,1.MTD,BT,,11.1,Review submit,REVIEW_OFFER_ACCEPTED,1677,
VCL,1.MTD,BT,,1.1,Total leads,RESET_IN_PROCESS,91,
PYFL,1.MTD,Renewal,,13.18,Application submitted by user,INITIATE_DISBURSAL_ACCOUNT_NAME_MATCH_QC_DOC_REUPLOAD,21,
PIRAMAL AA,1.MTD,Fresh,,0,Total leads,KYC_SUCCESS_DIGILOCKER,261865,
UCL,1.MTD,REPEAT,,7.15,Selfie uploaded,KYC_REJECTED,57,
UCL,1.MTD,REPEAT,,13.2,Application submitted by user,PDC_SUCCESS,468,
,1.MTD,Fresh,true,1001,Unmapped,SAVE_NTC,5023,
UCL,1.MTD,MicroML,,12.13,Mandate done,TF_EDIT_UDYAM_DETAILS,504,
KSF,1.MTD,TOP UP,,8.11,KYC completed,SERVICEABILITY_CHECK,4362,
,1.MTD,Fresh,false,2.1,Workable leads,LEAD_CREATE,509056,
PYFL,1.MTD,Renewal,,13.21,Application submitted by user,DIY_FI_DOC_UPLOADED,659,
UCL,1.MTD,REPEAT,,8.16,KYC completed,TF_LENDER_BRE_INIT,77,
TCL,1.MTD,Renewal,,9.1,BRE2 completed,LENDER_BRE_SUCCESS,1156,
,1.MTD,Fresh,true,1001,Unmapped,TF_CHECK_EMAIL_BLACKLIST,8,
,1.MTD,REPEAT,false,2.11,Workable leads,PAN_DEDUPE_FAILED,1,
UCL,1.MTD,REPEAT,,6.1,Child Lead Created,ML_CHILD_LEAD_CREATED,895,
,1.MTD,Fresh,,1001,Unmapped,LENDER_BANK_DETAILS_SHARING_INITIATED,160,
TCL,1.MTD,Fresh,,8.22,KYC completed,LENDER_BRE_REJECTED,903,
PYFL,1.MTD,Fresh,,8.18,KYC completed,LENDER_BRE_REJECTED,4477,
,1.MTD,Fresh,,1001,Unmapped,OFFER_ACCEPTED,155,
,1.MTD,Fresh,,1001,Unmapped,LOAN_DEMOG_SUCCESS,51,
TCL,1.MTD,Renewal,,7.19,Selfie uploaded,KYC_FAILED_DIGILOCKER,74,
KSF,1.MTD,Fresh,,13.25,Application submitted by user,PDC_SUCCESS,26396,
PYFL,1.MTD,Fresh,,10.11,Disbursal acc verified,AWAIT_OFFER_ACCEPT,12615,
TCL,1.MTD,Fresh,,9.1,BRE2 completed,LENDER_BRE_SUCCESS,1034,
UCL,1.MTD,MicroML,,12.21,Mandate done,UC_LENDER_ACTION_REQUIRED,12960,
TCL,1.MTD,Fresh,,12.17,Mandate done,AUDITOR_REJECTED,3,
,1.MTD,Fresh,,1001,Unmapped,SELFIE_RE_UPLOAD,19,
UCL,1.MTD,REPEAT,,14.11,Submit to LMS,LMS_PDC_CHECK_INITIATE,539,
PYFL,1.MTD,Fresh,,9.12,BRE2 completed,BRE2_SUCCESS,12927,
KSF,1.MTD,TOP UP,,6.13,Child Lead Created,PENNY_DROP_COMPLETED,5339,
UCL,1.MTD,Fresh,,12.12,Mandate done,BP_MOBILE_UDYAM_INITIATE,6618,
,1.MTD,MicroML,false,2.16,Workable leads,BUREAU_ADR_REQUIRED,2064,
,1.MTD,MicroML,false,2.18,Workable leads,BUREAU_PULL_FAILED,4,
PYFL,1.MTD,Fresh,,7.11,Selfie uploaded,AWAIT_LENDER_APP_CREATE,21883,
,1.MTD,Fresh,,5.16,Marketplace Offer Selected,LO_LEAD_CREATION_SUCCESS,23,
KSF,1.MTD,Fresh,,13.1,Application submitted by user,AUDITOR_APPROVED,16445,
PYFL,1.MTD,Fresh,,8.12,KYC completed,KYC_SUCCESS_OFFLINE_AADHAAR,2071,
PYFL,1.MTD,Renewal,,14.28,Submit to LMS,FETCH_DOC_INIT_SUCCESS,4309,
KSF,1.MTD,TOP UP,,12.17,Mandate done,VKYC_REQUIRED,3238,
PIRAMAL AA,1.MTD,Fresh,,11.19,Review submit,PDC_INITIATE,5954,
UCL,1.MTD,Fresh,,9.14,BRE2 completed,PENNY_DROP_COMPLETED,24851,
UCL,1.MTD,Fresh,,13.2,Application submitted by user,PDC_SUCCESS,7707,
,1.MTD,Fresh,,4.1,BRE1 completed,BRE1_SUCCESS,140,
KSF,1.MTD,TOP UP,,9.12,BRE2 completed,LENDER_KYC_VALIDATION_REJECTED,71,
PYFL,1.MTD,Renewal,,12.14,Mandate done,INITIATE_DISBURSAL_ACCOUNT_NAME_MATCH_QC_DOC_UPLOAD,447,
,1.MTD,Fresh,false,1001,Unmapped,TF_LEAD_MIGRATION_SUCCESS,271,
,1.MTD,Fresh,,1001,Unmapped,FETCH_SETTLEMENT_ACCOUNT,1244,
UCL,1.MTD,REPEAT,,9.14,BRE2 completed,PENNY_DROP_COMPLETED,723,
PIRAMAL AA,1.MTD,Fresh,,7.1,Selfie uploaded,KYC_FAILED,50905,
PIRAMAL AA,1.MTD,Fresh,,2.12,Workable leads,BUREAU_INIT,2,
TCL,1.MTD,Fresh,,13.19,Application submitted by user,BP_FAILURE,564,
,1.MTD,Fresh,,1001,Unmapped,RETRY_VKYC,1,
TCL,1.MTD,Renewal,,13.3,Application submitted by user,TF_LENDER_DATALAKE,13,
PYFL,1.MTD,Fresh,,13.28,Application submitted by user,PDC_INITIATE,9319,
,1.MTD,Fresh,,1001,Unmapped,KYC_COMPLETED,1674,
KSF,1.MTD,Fresh,,14.12,Submit to LMS,TF_LMS_PDC_CHECK_INITIATE,22418,
PYFL,1.MTD,Fresh,,1.15,Total leads,CHECK_LRE_RANKING,6696,
KSF,1.MTD,TOP UP,,1.15,Total leads,LRE_PARENT,39,
KSF,1.MTD,TOP UP,,6.14,Child Lead Created,BANK_NAME_MATCH,5339,
,1.MTD,Fresh,false,2.12,Workable leads,BUREAU_INIT,550564,
UCL,1.MTD,MicroML,,11.12,Review submit,LENDER_OFFER_UPDATE,18941,
PYFL,1.MTD,Renewal,,0,Total leads,TF_LENDER_BRE_INIT,3947,
VCL,1.MTD,BT,,13.11,Application submitted by user,LENDER_DOC_UPLOAD_IN_PROGRESS_LOAN_AGREEMENT,1007,
,1.MTD,Renewal,false,3.12,Bureau pull success,TF_TRIGGER_ML_LO_JOURNEY,29,
,1.MTD,REPEAT,true,2.16,Workable leads,BUREAU_ADR_REQUIRED,12,
PYFL,1.MTD,Renewal,,13.29,Application submitted by user,PDC_SUCCESS,5714,
KSF,1.MTD,TOP UP,,13.12,Application submitted by user,LENDER_DOC_UPLOAD_IN_PROGRESS_KFS_LETTER,3138,
,1.MTD,Fresh,,1001,Unmapped,LMS_FETCH_DOCUMENTS_INIT,21,
VCL,1.MTD,BT,,13.27,Application submitted by user,DIY_FI_REQUIRED,5,
,1.MTD,Renewal,false,1001,Unmapped,TF_LEAD_MIGRATION_SUCCESS,42,
TCL,1.MTD,Renewal,,6.35,Child Lead Created,SELFIE_UPLOADING,2277,
PYFL,1.MTD,Renewal,,10.14,Disbursal acc verified,TF_LENDER_KYC_CONFIRM,1,
KSF,1.MTD,Fresh,,0,Total leads,TECHNICAL_FAILURE_LMS_LAN_CREATE,1884,
,1.MTD,Fresh,true,1.11,Total leads,LEAD_RESET,772726,
VCL,1.MTD,BT,,14.21,Submit to LMS,TECHNICAL_FAILURE_LMS_TRIGGER_USER_NOTIFICATIONS,97,
TCL,1.MTD,Fresh,,7.16,Selfie uploaded,KYC_FAILED_SEARCH_BY_AADHAR,581,
UCL,1.MTD,Fresh,,0,Total leads,MANDATE_REUSE_FAILED,8553,
PIRAMAL AA,1.MTD,Fresh,,0,Total leads,LENDER_APP_CREATE_SUCCESS,374645,
UCL,1.MTD,REPEAT,,7.2,Selfie uploaded,KYC_FAILED_DIGILOCKER,31,
PYFL,1.MTD,Fresh,,13.31,Application submitted by user,TF_LENDER_PDC,1,
,1.MTD,Fresh,,1001,Unmapped,LMS_FETCH_RPS_INITIATED,72,
VCL,1.MTD,BT,,0,Total leads,SELFIE_RE_UPLOAD,3,
UCL,1.MTD,Fresh,,13.14,Application submitted by user,QC_CHECK,8021,
VCL,1.MTD,BT,,0,Total leads,TF_LENDER_DOC_UPLOAD,113,
VCL,1.MTD,BT,,12.15,Mandate done,BP_SUCCESS,894,
,1.MTD,Renewal,false,3.1,Bureau pull success,BUREAU_PULL_SUCCESS,38071,
PYFL,1.MTD,Renewal,,12.1,Mandate done,LENDER_BANK_DETAILS_SHARING_INITIATED,6183,
PYFL,1.MTD,Renewal,,9.12,BRE2 completed,BRE2_SUCCESS,8107,
,1.MTD,Fresh,,1001,Unmapped,EMANDATE_SUCCESS,21,
UCL,1.MTD,Fresh,,8.21,KYC completed,LENDER_BRE_REJECTED,3496,
,1.MTD,REPEAT,true,1.1,Total leads,RESET_IN_PROCESS,1394,
KSF,1.MTD,TOP UP,,7.18,Selfie uploaded,KYC_SUCCESS_OFFLINE_AADHAAR,46,
PYFL,1.MTD,Renewal,,1.11,Total leads,LEAD_RESET,4690,
,1.MTD,REPEAT,true,3.13,Bureau pull success,BRE1_FAILED,3263,
,1.MTD,MicroML,false,5.16,Marketplace Offer Selected,LO_LEAD_CREATION_SUCCESS,5767,
KSF,1.MTD,Fresh,,12.1,Mandate done,EMANDATE_SUCCESS,31879,
KSF,1.MTD,Fresh,,12.19,Mandate done,AGENT_REJECTED,3,
,1.MTD,Renewal,false,1001,Unmapped,SAVE_NTC,4,
TCL,1.MTD,Renewal,,12.23,Mandate done,MOBILE_VERIFICATION_COMPLETED,820,
KSF,1.MTD,Fresh,,6.14,Child Lead Created,BANK_NAME_MATCH,83395,
PIRAMAL AA,1.MTD,Fresh,,0,Total leads,LMS_FETCH_DOCUMENTS_INIT,5252,
,1.MTD,Fresh,,1001,Unmapped,LRE_MIGRATION,2223,
UCL,1.MTD,MicroML,,7.12,Selfie uploaded,LENDER_APPICATION_CREATE_INITIATED,32589,
UCL,1.MTD,MicroML,,0,Total leads,TF_FETCH_SHOP_ADDR,5,
,1.MTD,BT,false,1001,Unmapped,TF_MQT_BRE_1,3,
KSF,1.MTD,Fresh,,12.14,Mandate done,FETCH_DOC_INIT,162382,
TCL,1.MTD,Renewal,,0,Total leads,AGENT_REJECTED_SKIPPED,18,
,1.MTD,BT,false,1001,Unmapped,TF_LEAD_MIGRATION_SUCCESS,8,
PYFL,1.MTD,Renewal,,14.26,Submit to LMS,LMS_FETCH_DOCUMENTS_INIT,4419,
UCL,1.MTD,REPEAT,,12.12,Mandate done,BP_MOBILE_UDYAM_INITIATE,2,
PYFL,1.MTD,Fresh,,9.17,BRE2 completed,TF_PAYMENTS_BANK_VALIDATION,1,
KSF,1.MTD,Fresh,,12.21,Mandate done,AUDITOR_REJECTED,53,
PYFL,1.MTD,Renewal,,1.12,Total leads,LRE_MIGRATION,3193,
VCL,1.MTD,BT,,0,Total leads,KYC_FAILED_DIGILOCKER,37,
PYFL,1.MTD,Renewal,,7.16,Selfie uploaded,SELFIE_RE_UPLOAD,959,
VCL,1.MTD,BT,,12.1,Mandate done,EMANDATE_SUCCESS,877,
,1.MTD,BT,,1001,Unmapped,SELFIE_UPLOADING,1,
,1.MTD,Renewal,false,1001,Unmapped,TF_MQT_BRE_1,58,
TCL,1.MTD,Fresh,,12.16,Mandate done,AUDITOR_APPROVED,151,
VCL,1.MTD,BT,,13.29,Application submitted by user,FI_AWAITED,1,
KSF,1.MTD,TOP UP,,12.15,Mandate done,VKYC_DOCS_INIT,56817,
KSF,1.MTD,Fresh,,8.14,KYC completed,LMS_ACCOUNT_SEARCH_AND_SAVE,12688,
VCL,1.MTD,BT,,14.17,Submit to LMS,LMS_FETCH_RPS_INITIATED,481,
,1.MTD,Fresh,,1001,Unmapped,KYC_FAILED_SEARCH_BY_PAN,332,
UCL,1.MTD,Fresh,,8.17,KYC completed,LENDER_BRE_INIT,16316,
UCL,1.MTD,REPEAT,,13.16,Application submitted by user,QC_SUCCESS,17,
UCL,1.MTD,Fresh,,6.1,Child Lead Created,ML_CHILD_LEAD_CREATED,34005,
,1.MTD,Fresh,,1001,Unmapped,SAVE_NTC,1,
UCL,1.MTD,Fresh,,0,Total leads,MANDATE_REUSED,1934,
PYFL,1.MTD,Renewal,,7.18,Selfie uploaded,INITIATE_MULTIMODE_KYC,19466,
,1.MTD,Fresh,,1001,Unmapped,AWAIT_OFFER_ACCEPT,153,
,1.MTD,REPEAT,true,4.12,BRE1 completed,MARKETPLACE_OFFER_EXPIRED,61,
VCL,1.MTD,BT,,14.19,Submit to LMS,LMS_SHARE_RPS,481,
